INFO 2025-07-18 10:29:40,672 autoreload 24764 40176 Watching for file changes with StatReloader
INFO 2025-07-18 16:03:22,319 autoreload 10872 44592 Watching for file changes with StatReloader
INFO 2025-07-18 16:04:08,941 autoreload 25444 10220 Watching for file changes with StatReloader
INFO 2025-07-18 17:40:59,318 autoreload 9944 19680 Watching for file changes with StatReloader
INFO 2025-07-18 17:41:08,323 autoreload 38048 13196 Watching for file changes with StatReloader
INFO 2025-07-18 18:02:08,510 autoreload 38048 13196 D:\beenaya-soa\soa\services\document-service\documents\models.py changed, reloading.
INFO 2025-07-18 18:02:09,291 autoreload 38568 47868 Watching for file changes with StatReloader
INFO 2025-07-18 18:02:20,496 autoreload 38568 47868 D:\beenaya-soa\soa\services\document-service\documents\models.py changed, reloading.
INFO 2025-07-18 18:02:21,369 autoreload 49140 48912 Watching for file changes with StatReloader
INFO 2025-07-18 18:03:53,525 autoreload 49140 48912 D:\beenaya-soa\soa\services\document-service\documents\mixins.py changed, reloading.
INFO 2025-07-18 18:03:54,304 autoreload 36276 34680 Watching for file changes with StatReloader
INFO 2025-07-18 18:04:15,086 autoreload 36276 34680 D:\beenaya-soa\soa\services\document-service\document_service\settings.py changed, reloading.
INFO 2025-07-18 18:04:15,922 autoreload 28128 45464 Watching for file changes with StatReloader
INFO 2025-07-18 18:04:52,690 autoreload 28128 45464 D:\beenaya-soa\soa\services\document-service\documents\mixins.py changed, reloading.
INFO 2025-07-18 18:04:53,469 autoreload 37464 38500 Watching for file changes with StatReloader
INFO 2025-07-18 18:05:21,713 autoreload 37464 38500 D:\beenaya-soa\soa\services\document-service\documents\mixins.py changed, reloading.
INFO 2025-07-18 18:05:22,480 autoreload 30032 47136 Watching for file changes with StatReloader
INFO 2025-07-18 18:14:42,144 autoreload 30032 47136 D:\beenaya-soa\soa\services\document-service\documents\viewset_mixins.py changed, reloading.
INFO 2025-07-18 18:14:42,912 autoreload 30988 18244 Watching for file changes with StatReloader
INFO 2025-07-18 18:15:08,992 autoreload 30988 18244 D:\beenaya-soa\soa\services\document-service\documents\viewset_mixins.py changed, reloading.
INFO 2025-07-18 18:15:09,720 autoreload 42104 42096 Watching for file changes with StatReloader
INFO 2025-07-18 23:34:46,870 autoreload 37532 45844 Watching for file changes with StatReloader
INFO 2025-07-19 11:22:11,756 autoreload 35600 21588 Watching for file changes with StatReloader
WARNING 2025-07-19 12:12:01,325 log 35600 8096 Not Found: /health/
WARNING 2025-07-19 12:12:01,327 basehttp 35600 8096 "GET /health/ HTTP/1.1" 404 2212
WARNING 2025-07-19 12:12:20,100 log 35600 31344 Bad Request: /api/quotes/
WARNING 2025-07-19 12:12:20,101 basehttp 35600 31344 "GET /api/quotes/ HTTP/1.1" 400 116
WARNING 2025-07-19 12:12:39,221 log 35600 15848 Bad Request: /api/quotes/
WARNING 2025-07-19 12:12:39,222 basehttp 35600 15848 "GET /api/quotes/ HTTP/1.1" 400 94
WARNING 2025-07-19 12:12:52,414 log 35600 41144 Unauthorized: /api/quotes/
WARNING 2025-07-19 12:12:52,415 basehttp 35600 41144 "GET /api/quotes/ HTTP/1.1" 401 58
WARNING 2025-07-19 13:42:45,364 log 35600 38780 Not Found: /health/
WARNING 2025-07-19 13:42:45,366 basehttp 35600 38780 "GET /health/ HTTP/1.1" 404 2212
INFO 2025-07-19 13:43:10,496 autoreload 35600 21588 D:\beenaya-soa\soa\services\document-service\document_service\urls.py changed, reloading.
INFO 2025-07-19 13:43:12,156 autoreload 47144 25768 Watching for file changes with StatReloader
INFO 2025-07-19 13:43:20,310 basehttp 47144 28600 "GET /health/ HTTP/1.1" 200 72
WARNING 2025-07-19 13:43:26,276 log 47144 4508 Bad Request: /api/quotes/
WARNING 2025-07-19 13:43:26,276 basehttp 47144 4508 "GET /api/quotes/ HTTP/1.1" 400 116
INFO 2025-07-19 13:43:43,263 basehttp 47144 43020 "GET /health/ HTTP/1.1" 200 72
WARNING 2025-07-19 13:44:32,632 log 47144 39616 Bad Request: /api/quotes/
WARNING 2025-07-19 13:44:32,633 basehttp 47144 39616 "GET /api/quotes/ HTTP/1.1" 400 94
INFO 2025-07-19 13:47:49,350 basehttp 47144 9728 "GET /health/ HTTP/1.1" 200 72
WARNING 2025-07-19 13:48:10,925 log 47144 46584 Bad Request: /api/quotes/
WARNING 2025-07-19 13:48:10,926 basehttp 47144 46584 "GET /api/quotes/ HTTP/1.1" 400 116
DEBUG 2025-07-19 13:48:32,297 camel_case_middleware 47144 41300 Paramètres GET avant conversion: {'page': '1', 'page_size': '10'}
DEBUG 2025-07-19 13:48:32,297 camel_case_middleware 47144 41300 Paramètres GET après conversion: {'page': '1', 'page_size': '10'}
WARNING 2025-07-19 13:48:32,298 log 47144 41300 Bad Request: /api/quotes/
WARNING 2025-07-19 13:48:32,298 basehttp 47144 41300 "GET /api/quotes/?page=1&page_size=10 HTTP/1.1" 400 116
DEBUG 2025-07-19 13:49:55,808 camel_case_middleware 47144 49804 Paramètres GET avant conversion: {'page': '1', 'page_size': '10'}
DEBUG 2025-07-19 13:49:55,809 camel_case_middleware 47144 49804 Paramètres GET après conversion: {'page': '1', 'page_size': '10'}
WARNING 2025-07-19 13:49:56,430 log 47144 49804 Unauthorized: /api/quotes/
WARNING 2025-07-19 13:49:56,431 basehttp 47144 49804 "GET /api/quotes/?page=1&page_size=10 HTTP/1.1" 401 172
DEBUG 2025-07-19 13:49:57,007 camel_case_middleware 47144 39888 Paramètres GET avant conversion: {'page': '1', 'page_size': '10'}
DEBUG 2025-07-19 13:49:57,007 camel_case_middleware 47144 39888 Paramètres GET après conversion: {'page': '1', 'page_size': '10'}
WARNING 2025-07-19 13:49:57,056 log 47144 39888 Unauthorized: /api/quotes/
WARNING 2025-07-19 13:49:57,057 basehttp 47144 39888 "GET /api/quotes/?page=1&page_size=10 HTTP/1.1" 401 172
DEBUG 2025-07-19 13:57:46,054 camel_case_middleware 47144 36040 Paramètres GET avant conversion: {'page': '1', 'page_size': '10'}
DEBUG 2025-07-19 13:57:46,055 camel_case_middleware 47144 36040 Paramètres GET après conversion: {'page': '1', 'page_size': '10'}
WARNING 2025-07-19 13:57:46,195 log 47144 36040 Unauthorized: /api/quotes/
WARNING 2025-07-19 13:57:46,195 basehttp 47144 36040 "GET /api/quotes/?page=1&page_size=10 HTTP/1.1" 401 172
DEBUG 2025-07-19 13:57:46,740 camel_case_middleware 47144 17472 Paramètres GET avant conversion: {'page': '1', 'page_size': '10'}
DEBUG 2025-07-19 13:57:46,741 camel_case_middleware 47144 17472 Paramètres GET après conversion: {'page': '1', 'page_size': '10'}
WARNING 2025-07-19 13:57:46,801 log 47144 17472 Unauthorized: /api/quotes/
WARNING 2025-07-19 13:57:46,802 basehttp 47144 17472 "GET /api/quotes/?page=1&page_size=10 HTTP/1.1" 401 172
DEBUG 2025-07-19 14:04:53,315 camel_case_middleware 47144 14900 Paramètres GET avant conversion: {'page': '1', 'page_size': '10'}
DEBUG 2025-07-19 14:04:53,315 camel_case_middleware 47144 14900 Paramètres GET après conversion: {'page': '1', 'page_size': '10'}
WARNING 2025-07-19 14:04:53,316 log 47144 14900 Bad Request: /api/quotes/
WARNING 2025-07-19 14:04:53,316 basehttp 47144 14900 "GET /api/quotes/?page=1&page_size=10 HTTP/1.1" 400 116
DEBUG 2025-07-19 14:05:07,489 camel_case_middleware 47144 39896 Paramètres GET avant conversion: {'page': '1', 'page_size': '10'}
DEBUG 2025-07-19 14:05:07,489 camel_case_middleware 47144 39896 Paramètres GET après conversion: {'page': '1', 'page_size': '10'}
WARNING 2025-07-19 14:05:07,918 log 47144 39896 Unauthorized: /api/quotes/
WARNING 2025-07-19 14:05:07,920 basehttp 47144 39896 "GET /api/quotes/?page=1&page_size=10 HTTP/1.1" 401 172
DEBUG 2025-07-19 14:05:30,441 camel_case_middleware 47144 21720 Paramètres GET avant conversion: {'page': '1', 'page_size': '10'}
DEBUG 2025-07-19 14:05:30,442 camel_case_middleware 47144 21720 Paramètres GET après conversion: {'page': '1', 'page_size': '10'}
WARNING 2025-07-19 14:05:30,479 log 47144 21720 Unauthorized: /api/quotes/
WARNING 2025-07-19 14:05:30,480 basehttp 47144 21720 "GET /api/quotes/?page=1&page_size=10 HTTP/1.1" 401 172
DEBUG 2025-07-19 14:15:09,223 camel_case_middleware 47144 20724 Paramètres GET avant conversion: {'page': '1', 'page_size': '10'}
DEBUG 2025-07-19 14:15:09,223 camel_case_middleware 47144 20724 Paramètres GET après conversion: {'page': '1', 'page_size': '10'}
WARNING 2025-07-19 14:15:09,261 log 47144 20724 Unauthorized: /api/quotes/
WARNING 2025-07-19 14:15:09,262 basehttp 47144 20724 "GET /api/quotes/?page=1&page_size=10 HTTP/1.1" 401 172
DEBUG 2025-07-19 14:15:20,815 camel_case_middleware 47144 36984 Paramètres GET avant conversion: {'page': '1', 'page_size': '10'}
DEBUG 2025-07-19 14:15:20,815 camel_case_middleware 47144 36984 Paramètres GET après conversion: {'page': '1', 'page_size': '10'}
WARNING 2025-07-19 14:15:20,976 log 47144 36984 Unauthorized: /api/quotes/
WARNING 2025-07-19 14:15:20,977 basehttp 47144 36984 "GET /api/quotes/?page=1&page_size=10 HTTP/1.1" 401 127
INFO 2025-07-19 14:16:05,403 autoreload 42556 38584 Watching for file changes with StatReloader
INFO 2025-07-19 14:42:56,190 autoreload 42556 38584 D:\beenaya-soa\soa\services\document-service\document_service\settings.py changed, reloading.
INFO 2025-07-19 14:42:57,548 autoreload 48920 45088 Watching for file changes with StatReloader
INFO 2025-07-19 14:43:43,200 autoreload 48920 45088 D:\beenaya-soa\soa\services\document-service\document_service\settings.py changed, reloading.
INFO 2025-07-19 14:43:44,424 autoreload 4744 11940 Watching for file changes with StatReloader
INFO 2025-07-19 14:43:58,996 autoreload 4744 11940 D:\beenaya-soa\soa\services\document-service\document_service\settings.py changed, reloading.
INFO 2025-07-19 14:43:59,954 autoreload 35488 39784 Watching for file changes with StatReloader
DEBUG 2025-07-19 14:44:53,847 camel_case_middleware 35488 49260 Paramètres GET avant conversion: {'page': '1', 'page_size': '10'}
DEBUG 2025-07-19 14:44:53,848 camel_case_middleware 35488 49260 Paramètres GET après conversion: {'page': '1', 'page_size': '10'}
WARNING 2025-07-19 14:44:53,849 log 35488 49260 Bad Request: /api/quotes/
WARNING 2025-07-19 14:44:53,849 basehttp 35488 49260 "GET /api/quotes/?page=1&page_size=10 HTTP/1.1" 400 116
INFO 2025-07-19 14:53:06,101 autoreload 35488 39784 D:\beenaya-soa\soa\services\document-service\document_service\settings.py changed, reloading.
INFO 2025-07-19 14:53:07,147 autoreload 18960 41644 Watching for file changes with StatReloader
INFO 2025-07-19 14:54:30,595 autoreload 18960 41644 D:\beenaya-soa\soa\services\document-service\document_service\settings.py changed, reloading.
INFO 2025-07-19 14:54:31,440 autoreload 37052 36716 Watching for file changes with StatReloader
INFO 2025-07-19 14:54:44,855 autoreload 37052 36716 D:\beenaya-soa\soa\services\document-service\document_service\settings.py changed, reloading.
DEBUG 2025-07-19 15:24:40,474 camel_case_middleware 37296 27528 Paramètres GET avant conversion: {'page': '1', 'page_size': '10'}
DEBUG 2025-07-19 15:24:40,475 camel_case_middleware 37296 27528 Paramètres GET après conversion: {'page': '1', 'page_size': '10'}
DEBUG 2025-07-19 15:26:03,445 camel_case_middleware 37296 6640 Paramètres GET avant conversion: {'page': '1', 'page_size': '10'}
DEBUG 2025-07-19 15:26:03,445 camel_case_middleware 37296 6640 Paramètres GET après conversion: {'page': '1', 'page_size': '10'}
DEBUG 2025-07-19 15:26:04,014 camel_case_middleware 37296 48132 Paramètres GET avant conversion: {'page': '1', 'page_size': '10'}
DEBUG 2025-07-19 15:26:04,014 camel_case_middleware 37296 48132 Paramètres GET après conversion: {'page': '1', 'page_size': '10'}
DEBUG 2025-07-19 15:26:50,601 camel_case_middleware 37296 46860 Paramètres GET avant conversion: {'page': '1', 'page_size': '10'}
DEBUG 2025-07-19 15:26:50,602 camel_case_middleware 37296 46860 Paramètres GET après conversion: {'page': '1', 'page_size': '10'}
DEBUG 2025-07-19 15:26:51,230 camel_case_middleware 37296 31020 Paramètres GET avant conversion: {'page': '1', 'page_size': '10'}
DEBUG 2025-07-19 15:26:51,230 camel_case_middleware 37296 31020 Paramètres GET après conversion: {'page': '1', 'page_size': '10'}
DEBUG 2025-07-19 15:26:58,944 camel_case_middleware 37296 33280 Paramètres GET avant conversion: {'page': '1', 'page_size': '10'}
DEBUG 2025-07-19 15:26:58,945 camel_case_middleware 37296 33280 Paramètres GET après conversion: {'page': '1', 'page_size': '10'}
DEBUG 2025-07-19 15:26:59,532 camel_case_middleware 37296 19888 Paramètres GET avant conversion: {'page': '1', 'page_size': '10'}
DEBUG 2025-07-19 15:26:59,532 camel_case_middleware 37296 19888 Paramètres GET après conversion: {'page': '1', 'page_size': '10'}
DEBUG 2025-07-19 18:28:02,238 camel_case_middleware 37296 38968 Paramètres GET avant conversion: {'page': '1', 'page_size': '10'}
DEBUG 2025-07-19 18:28:02,241 camel_case_middleware 37296 38968 Paramètres GET après conversion: {'page': '1', 'page_size': '10'}
DEBUG 2025-07-19 18:28:02,848 camel_case_middleware 37296 17400 Paramètres GET avant conversion: {'page': '1', 'page_size': '10'}
DEBUG 2025-07-19 18:28:02,848 camel_case_middleware 37296 17400 Paramètres GET après conversion: {'page': '1', 'page_size': '10'}
DEBUG 2025-07-19 18:33:35,398 camel_case_middleware 32708 29596 Paramètres GET avant conversion: {'page': '1', 'page_size': '10'}
DEBUG 2025-07-19 18:33:35,399 camel_case_middleware 32708 29596 Paramètres GET après conversion: {'page': '1', 'page_size': '10'}
DEBUG 2025-07-19 18:33:36,633 camel_case_middleware 32708 35612 Paramètres GET avant conversion: {'page': '1', 'page_size': '10'}
DEBUG 2025-07-19 18:33:36,633 camel_case_middleware 32708 35612 Paramètres GET après conversion: {'page': '1', 'page_size': '10'}
DEBUG 2025-07-19 18:34:12,968 camel_case_middleware 35480 20876 Paramètres GET avant conversion: {'page': '1', 'page_size': '10'}
DEBUG 2025-07-19 18:34:12,969 camel_case_middleware 35480 20876 Paramètres GET après conversion: {'page': '1', 'page_size': '10'}
DEBUG 2025-07-19 18:34:14,104 camel_case_middleware 35480 29748 Paramètres GET avant conversion: {'page': '1', 'page_size': '10'}
DEBUG 2025-07-19 18:34:14,104 camel_case_middleware 35480 29748 Paramètres GET après conversion: {'page': '1', 'page_size': '10'}
DEBUG 2025-07-19 18:40:13,332 camel_case_middleware 30092 30956 Paramètres GET avant conversion: {'page': '1', 'page_size': '10'}
DEBUG 2025-07-19 18:40:13,333 camel_case_middleware 30092 30956 Paramètres GET après conversion: {'page': '1', 'page_size': '10'}
DEBUG 2025-07-19 18:40:14,398 camel_case_middleware 30092 49104 Paramètres GET avant conversion: {'page': '1', 'page_size': '10'}
DEBUG 2025-07-19 18:40:14,399 camel_case_middleware 30092 49104 Paramètres GET après conversion: {'page': '1', 'page_size': '10'}
DEBUG 2025-07-19 18:45:56,927 camel_case_middleware 27124 19788 Paramètres GET avant conversion: {'page': '1', 'page_size': '10'}
DEBUG 2025-07-19 18:45:56,927 camel_case_middleware 27124 19788 Paramètres GET après conversion: {'page': '1', 'page_size': '10'}
DEBUG 2025-07-19 18:45:59,935 camel_case_middleware 27124 47264 Paramètres GET avant conversion: {'page': '1', 'page_size': '10'}
DEBUG 2025-07-19 18:45:59,935 camel_case_middleware 27124 47264 Paramètres GET après conversion: {'page': '1', 'page_size': '10'}
DEBUG 2025-07-19 18:49:33,525 camel_case_middleware 25168 25932 Paramètres GET avant conversion: {'page': '1', 'page_size': '10'}
DEBUG 2025-07-19 18:49:33,526 camel_case_middleware 25168 25932 Paramètres GET après conversion: {'page': '1', 'page_size': '10'}
DEBUG 2025-07-19 18:49:34,338 camel_case_middleware 25168 12248 Paramètres GET avant conversion: {'page': '1', 'page_size': '10'}
DEBUG 2025-07-19 18:49:34,338 camel_case_middleware 25168 12248 Paramètres GET après conversion: {'page': '1', 'page_size': '10'}
DEBUG 2025-07-19 18:50:29,489 camel_case_middleware 43440 43416 Paramètres GET avant conversion: {'page': '1', 'page_size': '10'}
DEBUG 2025-07-19 18:50:29,490 camel_case_middleware 43440 43416 Paramètres GET après conversion: {'page': '1', 'page_size': '10'}
DEBUG 2025-07-19 18:50:30,240 camel_case_middleware 43440 15236 Paramètres GET avant conversion: {'page': '1', 'page_size': '10'}
DEBUG 2025-07-19 18:50:30,240 camel_case_middleware 43440 15236 Paramètres GET après conversion: {'page': '1', 'page_size': '10'}
DEBUG 2025-07-19 18:57:29,927 camel_case_middleware 48596 18784 Paramètres GET avant conversion: {'page': '1', 'page_size': '10'}
DEBUG 2025-07-19 18:57:29,928 camel_case_middleware 48596 18784 Paramètres GET après conversion: {'page': '1', 'page_size': '10'}
DEBUG 2025-07-19 18:57:30,575 camel_case_middleware 48596 9356 Paramètres GET avant conversion: {'page': '1', 'page_size': '10'}
DEBUG 2025-07-19 18:57:30,575 camel_case_middleware 48596 9356 Paramètres GET après conversion: {'page': '1', 'page_size': '10'}
DEBUG 2025-07-19 18:58:26,291 camel_case_middleware 48596 204 Paramètres GET avant conversion: {'page': '1', 'page_size': '10'}
DEBUG 2025-07-19 18:58:26,292 camel_case_middleware 48596 204 Paramètres GET après conversion: {'page': '1', 'page_size': '10'}
DEBUG 2025-07-19 18:58:26,987 camel_case_middleware 48596 22924 Paramètres GET avant conversion: {'page': '1', 'page_size': '10'}
DEBUG 2025-07-19 18:58:26,987 camel_case_middleware 48596 22924 Paramètres GET après conversion: {'page': '1', 'page_size': '10'}
DEBUG 2025-07-19 18:58:33,527 camel_case_middleware 48596 45884 Paramètres GET avant conversion: {'page': '1', 'page_size': '10'}
DEBUG 2025-07-19 18:58:33,527 camel_case_middleware 48596 45884 Paramètres GET après conversion: {'page': '1', 'page_size': '10'}
DEBUG 2025-07-19 18:58:34,358 camel_case_middleware 48596 16068 Paramètres GET avant conversion: {'page': '1', 'page_size': '10'}
DEBUG 2025-07-19 18:58:34,359 camel_case_middleware 48596 16068 Paramètres GET après conversion: {'page': '1', 'page_size': '10'}
DEBUG 2025-07-19 19:28:45,742 camel_case_middleware 50112 5108 Paramètres GET avant conversion: {'page[page]': '1', 'page[page_size]': '20', 'page_size': '10'}
DEBUG 2025-07-19 19:28:45,743 camel_case_middleware 50112 5108 Paramètres GET après conversion: {'page[page]': '1', 'page[page_size]': '20', 'page_size': '10'}
DEBUG 2025-07-19 19:28:46,661 camel_case_middleware 50112 44388 Paramètres GET avant conversion: {'page[page]': '1', 'page[page_size]': '20', 'page_size': '10'}
DEBUG 2025-07-19 19:28:46,661 camel_case_middleware 50112 44388 Paramètres GET après conversion: {'page[page]': '1', 'page[page_size]': '20', 'page_size': '10'}
DEBUG 2025-07-19 19:36:52,688 camel_case_middleware 8768 42760 Paramètres GET avant conversion: {'page[page]': '1', 'page[page_size]': '20', 'page_size': '10'}
DEBUG 2025-07-19 19:36:52,691 camel_case_middleware 8768 42760 Paramètres GET après conversion: {'page[page]': '1', 'page[page_size]': '20', 'page_size': '10'}
DEBUG 2025-07-19 19:36:53,314 camel_case_middleware 8768 5108 Paramètres GET avant conversion: {'page[page]': '1', 'page[page_size]': '20', 'page_size': '10'}
DEBUG 2025-07-19 19:36:53,314 camel_case_middleware 8768 5108 Paramètres GET après conversion: {'page[page]': '1', 'page[page_size]': '20', 'page_size': '10'}
DEBUG 2025-07-19 19:40:49,843 camel_case_middleware 8768 41576 Paramètres GET avant conversion: {'page[page]': '1', 'page[page_size]': '20', 'page_size': '10'}
DEBUG 2025-07-19 19:40:49,843 camel_case_middleware 8768 41576 Paramètres GET après conversion: {'page[page]': '1', 'page[page_size]': '20', 'page_size': '10'}
DEBUG 2025-07-19 19:40:50,482 camel_case_middleware 8768 32024 Paramètres GET avant conversion: {'page[page]': '1', 'page[page_size]': '20', 'page_size': '10'}
DEBUG 2025-07-19 19:40:50,483 camel_case_middleware 8768 32024 Paramètres GET après conversion: {'page[page]': '1', 'page[page_size]': '20', 'page_size': '10'}
DEBUG 2025-07-19 19:40:51,622 camel_case_middleware 8768 15544 Paramètres GET avant conversion: {'page': '1', 'page_size': '10'}
DEBUG 2025-07-19 19:40:51,622 camel_case_middleware 8768 15544 Paramètres GET après conversion: {'page': '1', 'page_size': '10'}
DEBUG 2025-07-19 19:40:52,212 camel_case_middleware 8768 39692 Paramètres GET avant conversion: {'page': '1', 'page_size': '10'}
DEBUG 2025-07-19 19:40:52,213 camel_case_middleware 8768 39692 Paramètres GET après conversion: {'page': '1', 'page_size': '10'}
DEBUG 2025-07-19 20:31:02,354 camel_case_middleware 8768 32864 Paramètres GET avant conversion: {'page': '1', 'page_size': '10'}
DEBUG 2025-07-19 20:31:02,354 camel_case_middleware 8768 32864 Paramètres GET après conversion: {'page': '1', 'page_size': '10'}
DEBUG 2025-07-19 20:31:02,944 camel_case_middleware 8768 12584 Paramètres GET avant conversion: {'page': '1', 'page_size': '10'}
DEBUG 2025-07-19 20:31:02,944 camel_case_middleware 8768 12584 Paramètres GET après conversion: {'page': '1', 'page_size': '10'}
DEBUG 2025-07-19 20:31:33,497 camel_case_middleware 8768 27236 Paramètres GET avant conversion: {'page': '1', 'page_size': '10'}
DEBUG 2025-07-19 20:31:33,497 camel_case_middleware 8768 27236 Paramètres GET après conversion: {'page': '1', 'page_size': '10'}
DEBUG 2025-07-19 20:31:34,127 camel_case_middleware 8768 11348 Paramètres GET avant conversion: {'page': '1', 'page_size': '10'}
DEBUG 2025-07-19 20:31:34,127 camel_case_middleware 8768 11348 Paramètres GET après conversion: {'page': '1', 'page_size': '10'}
DEBUG 2025-07-19 20:41:26,160 camel_case_middleware 8768 30756 Paramètres GET avant conversion: {'page': '1', 'page_size': '10'}
DEBUG 2025-07-19 20:41:26,160 camel_case_middleware 8768 30756 Paramètres GET après conversion: {'page': '1', 'page_size': '10'}
DEBUG 2025-07-19 20:41:27,524 camel_case_middleware 8768 3316 Paramètres GET avant conversion: {'page': '1', 'page_size': '10'}
DEBUG 2025-07-19 20:41:27,525 camel_case_middleware 8768 3316 Paramètres GET après conversion: {'page': '1', 'page_size': '10'}
DEBUG 2025-07-21 11:56:31,882 camel_case_middleware 10440 7264 Paramètres GET avant conversion: {'page': '1', 'page_size': '10'}
DEBUG 2025-07-21 11:56:31,897 camel_case_middleware 10440 7264 Paramètres GET après conversion: {'page': '1', 'page_size': '10'}
DEBUG 2025-07-21 11:56:32,867 camel_case_middleware 10440 45940 Paramètres GET avant conversion: {'page': '1', 'page_size': '10'}
DEBUG 2025-07-21 11:56:32,867 camel_case_middleware 10440 45940 Paramètres GET après conversion: {'page': '1', 'page_size': '10'}
DEBUG 2025-07-21 20:03:06,126 camel_case_middleware 10440 42196 Paramètres GET avant conversion: {'tier_id': 'e857167f-cde4-4481-a709-0b0210f7213a'}
DEBUG 2025-07-21 20:03:06,143 camel_case_middleware 10440 42196 Paramètres GET après conversion: {'tier_id': 'e857167f-cde4-4481-a709-0b0210f7213a'}
DEBUG 2025-07-21 20:19:43,683 camel_case_middleware 10440 34208 Paramètres GET avant conversion: {'tier_id': 'e857167f-cde4-4481-a709-0b0210f7213a'}
DEBUG 2025-07-21 20:19:43,687 camel_case_middleware 10440 34208 Paramètres GET après conversion: {'tier_id': 'e857167f-cde4-4481-a709-0b0210f7213a'}
DEBUG 2025-07-21 20:24:53,054 camel_case_middleware 10440 29772 Paramètres GET avant conversion: {'tier_id': 'e857167f-cde4-4481-a709-0b0210f7213a'}
DEBUG 2025-07-21 20:24:53,054 camel_case_middleware 10440 29772 Paramètres GET après conversion: {'tier_id': 'e857167f-cde4-4481-a709-0b0210f7213a'}
DEBUG 2025-07-22 14:12:08,992 camel_case_middleware 10440 21652 Paramètres GET avant conversion: {'tier_id': 'bb337b13-aa3a-4e41-b812-176f8a18450f'}
DEBUG 2025-07-22 14:12:09,031 camel_case_middleware 10440 21652 Paramètres GET après conversion: {'tier_id': 'bb337b13-aa3a-4e41-b812-176f8a18450f'}
DEBUG 2025-07-22 14:12:12,261 camel_case_middleware 10440 34228 Paramètres GET avant conversion: {'tier_id': 'bb337b13-aa3a-4e41-b812-176f8a18450f'}
DEBUG 2025-07-22 14:12:12,262 camel_case_middleware 10440 34228 Paramètres GET après conversion: {'tier_id': 'bb337b13-aa3a-4e41-b812-176f8a18450f'}
DEBUG 2025-07-22 14:14:42,788 camel_case_middleware 10440 31704 Paramètres GET avant conversion: {'tier_id': 'bb337b13-aa3a-4e41-b812-176f8a18450f'}
DEBUG 2025-07-22 14:14:42,820 camel_case_middleware 10440 31704 Paramètres GET après conversion: {'tier_id': 'bb337b13-aa3a-4e41-b812-176f8a18450f'}
DEBUG 2025-07-22 14:14:44,765 camel_case_middleware 10440 50692 Paramètres GET avant conversion: {'tier_id': 'bb337b13-aa3a-4e41-b812-176f8a18450f'}
DEBUG 2025-07-22 14:14:44,766 camel_case_middleware 10440 50692 Paramètres GET après conversion: {'tier_id': 'bb337b13-aa3a-4e41-b812-176f8a18450f'}
DEBUG 2025-07-22 16:16:21,692 camel_case_middleware 10440 48896 Paramètres GET avant conversion: {'tier_id': 'bb337b13-aa3a-4e41-b812-176f8a18450f'}
DEBUG 2025-07-22 16:16:21,699 camel_case_middleware 10440 48896 Paramètres GET après conversion: {'tier_id': 'bb337b13-aa3a-4e41-b812-176f8a18450f'}
DEBUG 2025-07-22 16:16:23,301 camel_case_middleware 10440 18392 Paramètres GET avant conversion: {'tier_id': 'bb337b13-aa3a-4e41-b812-176f8a18450f'}
DEBUG 2025-07-22 16:16:23,301 camel_case_middleware 10440 18392 Paramètres GET après conversion: {'tier_id': 'bb337b13-aa3a-4e41-b812-176f8a18450f'}
DEBUG 2025-07-22 16:52:59,144 camel_case_middleware 10440 37132 Paramètres GET avant conversion: {'tier_id': 'af9fcfcb-900a-4b28-8a8d-c8ac6cb24323'}
DEBUG 2025-07-22 16:52:59,141 camel_case_middleware 10440 9976 Paramètres GET avant conversion: {'tier_id': 'af9fcfcb-900a-4b28-8a8d-c8ac6cb24323'}
DEBUG 2025-07-22 16:52:59,208 camel_case_middleware 10440 37132 Paramètres GET après conversion: {'tier_id': 'af9fcfcb-900a-4b28-8a8d-c8ac6cb24323'}
DEBUG 2025-07-22 16:52:59,208 camel_case_middleware 10440 9976 Paramètres GET après conversion: {'tier_id': 'af9fcfcb-900a-4b28-8a8d-c8ac6cb24323'}
DEBUG 2025-07-23 12:17:08,173 camel_case_middleware 11228 22784 Paramètres GET avant conversion: {'tier_id': 'a8fb8b1f-6d25-409e-be3e-18987ebd2466'}
DEBUG 2025-07-23 12:17:08,209 camel_case_middleware 11228 22784 Paramètres GET après conversion: {'tier_id': 'a8fb8b1f-6d25-409e-be3e-18987ebd2466'}
DEBUG 2025-07-23 12:17:08,415 camel_case_middleware 11228 7788 Paramètres GET avant conversion: {'tier_id': 'a8fb8b1f-6d25-409e-be3e-18987ebd2466'}
DEBUG 2025-07-23 12:17:08,420 camel_case_middleware 11228 7788 Paramètres GET après conversion: {'tier_id': 'a8fb8b1f-6d25-409e-be3e-18987ebd2466'}
DEBUG 2025-07-23 12:44:04,911 camel_case_middleware 11228 21108 Paramètres GET avant conversion: {'tier_id': 'a8fb8b1f-6d25-409e-be3e-18987ebd2466'}
DEBUG 2025-07-23 12:44:04,911 camel_case_middleware 11228 21108 Paramètres GET après conversion: {'tier_id': 'a8fb8b1f-6d25-409e-be3e-18987ebd2466'}
DEBUG 2025-07-23 12:44:05,525 camel_case_middleware 11228 18440 Paramètres GET avant conversion: {'tier_id': 'a8fb8b1f-6d25-409e-be3e-18987ebd2466'}
DEBUG 2025-07-23 12:44:05,526 camel_case_middleware 11228 18440 Paramètres GET après conversion: {'tier_id': 'a8fb8b1f-6d25-409e-be3e-18987ebd2466'}
DEBUG 2025-07-23 13:15:55,515 camel_case_middleware 11228 28128 Paramètres GET avant conversion: {'tier_id': 'a8fb8b1f-6d25-409e-be3e-18987ebd2466'}
DEBUG 2025-07-23 13:15:55,515 camel_case_middleware 11228 28128 Paramètres GET après conversion: {'tier_id': 'a8fb8b1f-6d25-409e-be3e-18987ebd2466'}
DEBUG 2025-07-23 13:15:55,780 camel_case_middleware 11228 26776 Paramètres GET avant conversion: {'tier_id': 'a8fb8b1f-6d25-409e-be3e-18987ebd2466'}
DEBUG 2025-07-23 13:15:55,780 camel_case_middleware 11228 26776 Paramètres GET après conversion: {'tier_id': 'a8fb8b1f-6d25-409e-be3e-18987ebd2466'}
DEBUG 2025-07-23 13:19:24,724 camel_case_middleware 11228 26472 Paramètres GET avant conversion: {'tier_id': 'a8fb8b1f-6d25-409e-be3e-18987ebd2466'}
DEBUG 2025-07-23 13:19:24,725 camel_case_middleware 11228 26472 Paramètres GET après conversion: {'tier_id': 'a8fb8b1f-6d25-409e-be3e-18987ebd2466'}
DEBUG 2025-07-23 13:19:24,989 camel_case_middleware 11228 27884 Paramètres GET avant conversion: {'tier_id': 'a8fb8b1f-6d25-409e-be3e-18987ebd2466'}
DEBUG 2025-07-23 13:19:24,989 camel_case_middleware 11228 27884 Paramètres GET après conversion: {'tier_id': 'a8fb8b1f-6d25-409e-be3e-18987ebd2466'}
DEBUG 2025-07-23 13:19:36,561 camel_case_middleware 11228 21352 Paramètres GET avant conversion: {'tier_id': 'a8fb8b1f-6d25-409e-be3e-18987ebd2466'}
DEBUG 2025-07-23 13:19:36,562 camel_case_middleware 11228 21352 Paramètres GET après conversion: {'tier_id': 'a8fb8b1f-6d25-409e-be3e-18987ebd2466'}
DEBUG 2025-07-23 13:19:36,822 camel_case_middleware 11228 29628 Paramètres GET avant conversion: {'tier_id': 'a8fb8b1f-6d25-409e-be3e-18987ebd2466'}
DEBUG 2025-07-23 13:19:36,823 camel_case_middleware 11228 29628 Paramètres GET après conversion: {'tier_id': 'a8fb8b1f-6d25-409e-be3e-18987ebd2466'}
DEBUG 2025-07-23 13:30:04,227 camel_case_middleware 11228 27208 Paramètres GET avant conversion: {'tier_id': 'a8fb8b1f-6d25-409e-be3e-18987ebd2466'}
DEBUG 2025-07-23 13:30:04,228 camel_case_middleware 11228 27208 Paramètres GET après conversion: {'tier_id': 'a8fb8b1f-6d25-409e-be3e-18987ebd2466'}
DEBUG 2025-07-23 13:30:04,478 camel_case_middleware 11228 26364 Paramètres GET avant conversion: {'tier_id': 'a8fb8b1f-6d25-409e-be3e-18987ebd2466'}
DEBUG 2025-07-23 13:30:04,479 camel_case_middleware 11228 26364 Paramètres GET après conversion: {'tier_id': 'a8fb8b1f-6d25-409e-be3e-18987ebd2466'}
DEBUG 2025-07-23 13:33:47,730 camel_case_middleware 11228 28316 Paramètres GET avant conversion: {'tier_id': '42c70e3d-f886-477f-b97d-f1e393536331'}
DEBUG 2025-07-23 13:33:47,731 camel_case_middleware 11228 28316 Paramètres GET après conversion: {'tier_id': '42c70e3d-f886-477f-b97d-f1e393536331'}
DEBUG 2025-07-23 13:33:47,991 camel_case_middleware 11228 8788 Paramètres GET avant conversion: {'tier_id': '42c70e3d-f886-477f-b97d-f1e393536331'}
DEBUG 2025-07-23 13:33:47,992 camel_case_middleware 11228 8788 Paramètres GET après conversion: {'tier_id': '42c70e3d-f886-477f-b97d-f1e393536331'}
DEBUG 2025-07-23 13:33:58,533 camel_case_middleware 11228 13100 Paramètres GET avant conversion: {'tier_id': 'a8fb8b1f-6d25-409e-be3e-18987ebd2466'}
DEBUG 2025-07-23 13:33:58,533 camel_case_middleware 11228 13100 Paramètres GET après conversion: {'tier_id': 'a8fb8b1f-6d25-409e-be3e-18987ebd2466'}
DEBUG 2025-07-23 13:33:58,794 camel_case_middleware 11228 26900 Paramètres GET avant conversion: {'tier_id': 'a8fb8b1f-6d25-409e-be3e-18987ebd2466'}
DEBUG 2025-07-23 13:33:58,795 camel_case_middleware 11228 26900 Paramètres GET après conversion: {'tier_id': 'a8fb8b1f-6d25-409e-be3e-18987ebd2466'}
DEBUG 2025-07-23 13:36:11,028 camel_case_middleware 11228 23908 Paramètres GET avant conversion: {'tier_id': 'a8fb8b1f-6d25-409e-be3e-18987ebd2466'}
DEBUG 2025-07-23 13:36:11,029 camel_case_middleware 11228 23908 Paramètres GET après conversion: {'tier_id': 'a8fb8b1f-6d25-409e-be3e-18987ebd2466'}
DEBUG 2025-07-23 13:36:20,016 camel_case_middleware 11228 24076 Paramètres GET avant conversion: {'tier_id': 'a8fb8b1f-6d25-409e-be3e-18987ebd2466'}
DEBUG 2025-07-23 13:36:20,016 camel_case_middleware 11228 24076 Paramètres GET après conversion: {'tier_id': 'a8fb8b1f-6d25-409e-be3e-18987ebd2466'}
DEBUG 2025-07-23 13:36:28,006 camel_case_middleware 11228 20812 Paramètres GET avant conversion: {'tier_id': 'a8fb8b1f-6d25-409e-be3e-18987ebd2466'}
DEBUG 2025-07-23 13:36:28,006 camel_case_middleware 11228 20812 Paramètres GET après conversion: {'tier_id': 'a8fb8b1f-6d25-409e-be3e-18987ebd2466'}
DEBUG 2025-07-23 13:37:02,242 camel_case_middleware 11228 20816 Paramètres GET avant conversion: {'tier_id': 'a8fb8b1f-6d25-409e-be3e-18987ebd2466'}
DEBUG 2025-07-23 13:37:02,243 camel_case_middleware 11228 20816 Paramètres GET après conversion: {'tier_id': 'a8fb8b1f-6d25-409e-be3e-18987ebd2466'}
DEBUG 2025-07-23 13:37:02,496 camel_case_middleware 11228 27484 Paramètres GET avant conversion: {'tier_id': 'a8fb8b1f-6d25-409e-be3e-18987ebd2466'}
DEBUG 2025-07-23 13:37:02,496 camel_case_middleware 11228 27484 Paramètres GET après conversion: {'tier_id': 'a8fb8b1f-6d25-409e-be3e-18987ebd2466'}
DEBUG 2025-07-23 13:44:05,240 camel_case_middleware 11228 27540 Paramètres GET avant conversion: {'tier_id': 'a8fb8b1f-6d25-409e-be3e-18987ebd2466'}
DEBUG 2025-07-23 13:44:05,241 camel_case_middleware 11228 27756 Paramètres GET avant conversion: {'tier_id': 'a8fb8b1f-6d25-409e-be3e-18987ebd2466'}
DEBUG 2025-07-23 13:44:05,241 camel_case_middleware 11228 27540 Paramètres GET après conversion: {'tier_id': 'a8fb8b1f-6d25-409e-be3e-18987ebd2466'}
DEBUG 2025-07-23 13:44:05,241 camel_case_middleware 11228 27756 Paramètres GET après conversion: {'tier_id': 'a8fb8b1f-6d25-409e-be3e-18987ebd2466'}
DEBUG 2025-07-23 13:45:04,334 camel_case_middleware 11228 24816 Paramètres GET avant conversion: {'page': '1', 'page_size': '10'}
DEBUG 2025-07-23 13:45:04,335 camel_case_middleware 11228 9320 Paramètres GET avant conversion: {'page': '1', 'page_size': '10'}
DEBUG 2025-07-23 13:45:04,335 camel_case_middleware 11228 24816 Paramètres GET après conversion: {'page': '1', 'page_size': '10'}
DEBUG 2025-07-23 13:45:04,335 camel_case_middleware 11228 9320 Paramètres GET après conversion: {'page': '1', 'page_size': '10'}
DEBUG 2025-07-23 13:45:06,648 camel_case_middleware 11228 8248 Paramètres GET avant conversion: {'page[page]': '1', 'page[page_size]': '20', 'page_size': '10'}
DEBUG 2025-07-23 13:45:06,648 camel_case_middleware 11228 8248 Paramètres GET après conversion: {'page[page]': '1', 'page[page_size]': '20', 'page_size': '10'}
DEBUG 2025-07-23 13:45:06,903 camel_case_middleware 11228 26656 Paramètres GET avant conversion: {'page[page]': '1', 'page[page_size]': '20', 'page_size': '10'}
DEBUG 2025-07-23 13:45:06,903 camel_case_middleware 11228 26656 Paramètres GET après conversion: {'page[page]': '1', 'page[page_size]': '20', 'page_size': '10'}
DEBUG 2025-07-23 13:47:05,874 camel_case_middleware 11228 29376 Paramètres GET avant conversion: {'page[page]': '1', 'page[page_size]': '20', 'page_size': '10'}
DEBUG 2025-07-23 13:47:05,875 camel_case_middleware 11228 2812 Paramètres GET avant conversion: {'page[page]': '1', 'page[page_size]': '20', 'page_size': '10'}
DEBUG 2025-07-23 13:47:05,876 camel_case_middleware 11228 29376 Paramètres GET après conversion: {'page[page]': '1', 'page[page_size]': '20', 'page_size': '10'}
DEBUG 2025-07-23 13:47:05,876 camel_case_middleware 11228 2812 Paramètres GET après conversion: {'page[page]': '1', 'page[page_size]': '20', 'page_size': '10'}
DEBUG 2025-07-23 13:47:10,814 camel_case_middleware 11228 26700 Paramètres GET avant conversion: {'page': '1', 'page_size': '10'}
DEBUG 2025-07-23 13:47:10,815 camel_case_middleware 11228 15088 Paramètres GET avant conversion: {'page': '1', 'page_size': '10'}
DEBUG 2025-07-23 13:47:10,815 camel_case_middleware 11228 26700 Paramètres GET après conversion: {'page': '1', 'page_size': '10'}
DEBUG 2025-07-23 13:47:10,815 camel_case_middleware 11228 15088 Paramètres GET après conversion: {'page': '1', 'page_size': '10'}
DEBUG 2025-07-23 13:47:30,459 camel_case_middleware 11228 28064 Paramètres GET avant conversion: {'page': '1', 'page_size': '10'}
DEBUG 2025-07-23 13:47:30,460 camel_case_middleware 11228 22812 Paramètres GET avant conversion: {'page': '1', 'page_size': '10'}
DEBUG 2025-07-23 13:47:30,460 camel_case_middleware 11228 28064 Paramètres GET après conversion: {'page': '1', 'page_size': '10'}
DEBUG 2025-07-23 13:47:30,460 camel_case_middleware 11228 22812 Paramètres GET après conversion: {'page': '1', 'page_size': '10'}
DEBUG 2025-07-23 13:49:49,823 camel_case_middleware 11228 29280 Paramètres GET avant conversion: {'page': '1', 'page_size': '10'}
DEBUG 2025-07-23 13:49:49,824 camel_case_middleware 11228 29688 Paramètres GET avant conversion: {'page': '1', 'page_size': '10'}
DEBUG 2025-07-23 13:49:49,824 camel_case_middleware 11228 29280 Paramètres GET après conversion: {'page': '1', 'page_size': '10'}
DEBUG 2025-07-23 13:49:49,824 camel_case_middleware 11228 29688 Paramètres GET après conversion: {'page': '1', 'page_size': '10'}
DEBUG 2025-07-23 14:06:05,698 camel_case_middleware 11228 26016 Paramètres GET avant conversion: {'page': '1', 'page_size': '10'}
DEBUG 2025-07-23 14:06:05,699 camel_case_middleware 11228 26016 Paramètres GET après conversion: {'page': '1', 'page_size': '10'}
DEBUG 2025-07-23 14:06:05,950 camel_case_middleware 11228 14124 Paramètres GET avant conversion: {'page': '1', 'page_size': '10'}
DEBUG 2025-07-23 14:06:05,950 camel_case_middleware 11228 14124 Paramètres GET après conversion: {'page': '1', 'page_size': '10'}
DEBUG 2025-07-23 18:04:26,125 camel_case_middleware 28584 29364 Paramètres GET avant conversion: {'page': '1', 'page_size': '10'}
DEBUG 2025-07-23 18:04:26,125 camel_case_middleware 28584 29020 Paramètres GET avant conversion: {'page': '1', 'page_size': '10'}
DEBUG 2025-07-23 18:04:26,161 camel_case_middleware 28584 29364 Paramètres GET après conversion: {'page': '1', 'page_size': '10'}
DEBUG 2025-07-23 18:04:26,162 camel_case_middleware 28584 29020 Paramètres GET après conversion: {'page': '1', 'page_size': '10'}
ERROR 2025-07-23 18:04:26,372 tenant_config_middleware 28584 29020 Erreur injection config tenant e98f6cb6-1305-490a-9c41-2fab84f1bb80: No module named 'requests'
ERROR 2025-07-23 18:04:26,376 tenant_config_middleware 28584 29364 Erreur injection config tenant e98f6cb6-1305-490a-9c41-2fab84f1bb80: No module named 'requests'
DEBUG 2025-07-23 18:09:28,619 camel_case_middleware 28584 24668 Paramètres GET avant conversion: {'page': '1', 'page_size': '10'}
DEBUG 2025-07-23 18:09:28,619 camel_case_middleware 28584 24668 Paramètres GET après conversion: {'page': '1', 'page_size': '10'}
ERROR 2025-07-23 18:09:28,665 tenant_config_middleware 28584 24668 Erreur injection config tenant e98f6cb6-1305-490a-9c41-2fab84f1bb80: No module named 'requests'
DEBUG 2025-07-23 18:09:28,919 camel_case_middleware 28584 29276 Paramètres GET avant conversion: {'page': '1', 'page_size': '10'}
DEBUG 2025-07-23 18:09:28,919 camel_case_middleware 28584 29276 Paramètres GET après conversion: {'page': '1', 'page_size': '10'}
ERROR 2025-07-23 18:09:28,969 tenant_config_middleware 28584 29276 Erreur injection config tenant e98f6cb6-1305-490a-9c41-2fab84f1bb80: No module named 'requests'
DEBUG 2025-07-23 18:16:03,479 camel_case_middleware 28584 11728 Paramètres GET avant conversion: {'page': '1', 'page_size': '10'}
DEBUG 2025-07-23 18:16:03,479 camel_case_middleware 28584 28972 Paramètres GET avant conversion: {'page': '1', 'page_size': '10'}
DEBUG 2025-07-23 18:16:03,479 camel_case_middleware 28584 11728 Paramètres GET après conversion: {'page': '1', 'page_size': '10'}
DEBUG 2025-07-23 18:16:03,480 camel_case_middleware 28584 28972 Paramètres GET après conversion: {'page': '1', 'page_size': '10'}
ERROR 2025-07-23 18:16:03,533 tenant_config_middleware 28584 11728 Erreur injection config tenant e98f6cb6-1305-490a-9c41-2fab84f1bb80: No module named 'requests'
ERROR 2025-07-23 18:16:03,538 tenant_config_middleware 28584 28972 Erreur injection config tenant e98f6cb6-1305-490a-9c41-2fab84f1bb80: No module named 'requests'
DEBUG 2025-07-24 15:22:20,400 camel_case_middleware 33152 16660 Paramètres GET avant conversion: {'page': '1', 'page_size': '10'}
DEBUG 2025-07-24 15:22:20,401 camel_case_middleware 33152 32252 Paramètres GET avant conversion: {'page': '1', 'page_size': '10'}
DEBUG 2025-07-24 15:22:20,402 camel_case_middleware 33152 16660 Paramètres GET après conversion: {'page': '1', 'page_size': '10'}
DEBUG 2025-07-24 15:22:20,402 camel_case_middleware 33152 32252 Paramètres GET après conversion: {'page': '1', 'page_size': '10'}
ERROR 2025-07-24 15:22:22,568 cache_service 33152 32252 Erreur récupération cache config tenant e98f6cb6-1305-490a-9c41-2fab84f1bb80: Error 10061 connecting to 127.0.0.1:6379. Aucune connexion n’a pu être établie car l’ordinateur cible l’a expressément refusée.
ERROR 2025-07-24 15:22:22,568 cache_service 33152 16660 Erreur récupération cache config tenant e98f6cb6-1305-490a-9c41-2fab84f1bb80: Error 10061 connecting to 127.0.0.1:6379. Aucune connexion n’a pu être établie car l’ordinateur cible l’a expressément refusée.
INFO 2025-07-24 15:22:22,569 tenant_client 33152 32252 Cache miss pour tenant e98f6cb6-1305-490a-9c41-2fab84f1bb80, récupération depuis l'API
INFO 2025-07-24 15:22:22,569 tenant_client 33152 16660 Cache miss pour tenant e98f6cb6-1305-490a-9c41-2fab84f1bb80, récupération depuis l'API
INFO 2025-07-24 15:22:24,697 tenant_client 33152 16660 Configuration tenant e98f6cb6-1305-490a-9c41-2fab84f1bb80 récupérée avec succès
INFO 2025-07-24 15:22:24,705 tenant_client 33152 32252 Configuration tenant e98f6cb6-1305-490a-9c41-2fab84f1bb80 récupérée avec succès
ERROR 2025-07-24 15:22:26,736 cache_service 33152 32252 Erreur mise en cache config tenant e98f6cb6-1305-490a-9c41-2fab84f1bb80: Error 10061 connecting to 127.0.0.1:6379. Aucune connexion n’a pu être établie car l’ordinateur cible l’a expressément refusée.
ERROR 2025-07-24 15:22:26,737 cache_service 33152 16660 Erreur mise en cache config tenant e98f6cb6-1305-490a-9c41-2fab84f1bb80: Error 10061 connecting to 127.0.0.1:6379. Aucune connexion n’a pu être établie car l’ordinateur cible l’a expressément refusée.
INFO 2025-07-24 15:22:26,737 tenant_client 33152 32252 Configuration tenant e98f6cb6-1305-490a-9c41-2fab84f1bb80 mise en cache
INFO 2025-07-24 15:22:26,737 tenant_client 33152 16660 Configuration tenant e98f6cb6-1305-490a-9c41-2fab84f1bb80 mise en cache
ERROR 2025-07-24 15:22:28,771 cache_service 33152 16660 Erreur récupération cache pour clé document_appearance:e98f6cb6-1305-490a-9c41-2fab84f1bb80: Error 10061 connecting to 127.0.0.1:6379. Aucune connexion n’a pu être établie car l’ordinateur cible l’a expressément refusée.
ERROR 2025-07-24 15:22:28,771 cache_service 33152 32252 Erreur récupération cache pour clé document_appearance:e98f6cb6-1305-490a-9c41-2fab84f1bb80: Error 10061 connecting to 127.0.0.1:6379. Aucune connexion n’a pu être établie car l’ordinateur cible l’a expressément refusée.
INFO 2025-07-24 15:22:28,771 document_appearance_service 33152 16660 Récupération des paramètres d'apparence depuis tenant-service pour tenant e98f6cb6-1305-490a-9c41-2fab84f1bb80
INFO 2025-07-24 15:22:28,771 document_appearance_service 33152 32252 Récupération des paramètres d'apparence depuis tenant-service pour tenant e98f6cb6-1305-490a-9c41-2fab84f1bb80
DEBUG 2025-07-24 15:22:29,395 camel_case_middleware 33152 33020 Paramètres GET avant conversion: {'page[page]': '1', 'page[page_size]': '20', 'page_size': '10'}
DEBUG 2025-07-24 15:22:29,395 camel_case_middleware 33152 33020 Paramètres GET après conversion: {'page[page]': '1', 'page[page_size]': '20', 'page_size': '10'}
DEBUG 2025-07-24 15:22:29,656 camel_case_middleware 33152 24748 Paramètres GET avant conversion: {'page[page]': '1', 'page[page_size]': '20', 'page_size': '10'}
DEBUG 2025-07-24 15:22:29,657 camel_case_middleware 33152 24748 Paramètres GET après conversion: {'page[page]': '1', 'page[page_size]': '20', 'page_size': '10'}
INFO 2025-07-24 15:22:30,908 document_appearance_service 33152 16660 Paramètres d'apparence récupérés depuis tenant-service pour tenant e98f6cb6-1305-490a-9c41-2fab84f1bb80
INFO 2025-07-24 15:22:30,909 document_appearance_service 33152 32252 Paramètres d'apparence récupérés depuis tenant-service pour tenant e98f6cb6-1305-490a-9c41-2fab84f1bb80
ERROR 2025-07-24 15:22:31,480 cache_service 33152 33020 Erreur récupération cache config tenant e98f6cb6-1305-490a-9c41-2fab84f1bb80: Error 10061 connecting to 127.0.0.1:6379. Aucune connexion n’a pu être établie car l’ordinateur cible l’a expressément refusée.
INFO 2025-07-24 15:22:31,481 tenant_client 33152 33020 Cache miss pour tenant e98f6cb6-1305-490a-9c41-2fab84f1bb80, récupération depuis l'API
ERROR 2025-07-24 15:22:31,742 cache_service 33152 3984 Erreur récupération cache config tenant e98f6cb6-1305-490a-9c41-2fab84f1bb80: Error 10061 connecting to 127.0.0.1:6379. Aucune connexion n’a pu être établie car l’ordinateur cible l’a expressément refusée.
ERROR 2025-07-24 15:22:31,743 cache_service 33152 19068 Erreur récupération cache config tenant e98f6cb6-1305-490a-9c41-2fab84f1bb80: Error 10061 connecting to 127.0.0.1:6379. Aucune connexion n’a pu être établie car l’ordinateur cible l’a expressément refusée.
ERROR 2025-07-24 15:22:31,743 cache_service 33152 24748 Erreur récupération cache config tenant e98f6cb6-1305-490a-9c41-2fab84f1bb80: Error 10061 connecting to 127.0.0.1:6379. Aucune connexion n’a pu être établie car l’ordinateur cible l’a expressément refusée.
INFO 2025-07-24 15:22:31,743 tenant_client 33152 3984 Cache miss pour tenant e98f6cb6-1305-490a-9c41-2fab84f1bb80, récupération depuis l'API
INFO 2025-07-24 15:22:31,743 tenant_client 33152 19068 Cache miss pour tenant e98f6cb6-1305-490a-9c41-2fab84f1bb80, récupération depuis l'API
INFO 2025-07-24 15:22:31,743 tenant_client 33152 24748 Cache miss pour tenant e98f6cb6-1305-490a-9c41-2fab84f1bb80, récupération depuis l'API
ERROR 2025-07-24 15:22:32,938 cache_service 33152 32252 Erreur mise en cache pour clé document_appearance:e98f6cb6-1305-490a-9c41-2fab84f1bb80: Error 10061 connecting to 127.0.0.1:6379. Aucune connexion n’a pu être établie car l’ordinateur cible l’a expressément refusée.
ERROR 2025-07-24 15:22:32,939 cache_service 33152 16660 Erreur mise en cache pour clé document_appearance:e98f6cb6-1305-490a-9c41-2fab84f1bb80: Error 10061 connecting to 127.0.0.1:6379. Aucune connexion n’a pu être établie car l’ordinateur cible l’a expressément refusée.
INFO 2025-07-24 15:22:32,939 document_appearance_service 33152 32252 Paramètres d'apparence récupérés et mis en cache pour tenant e98f6cb6-1305-490a-9c41-2fab84f1bb80
INFO 2025-07-24 15:22:32,939 document_appearance_service 33152 16660 Paramètres d'apparence récupérés et mis en cache pour tenant e98f6cb6-1305-490a-9c41-2fab84f1bb80
DEBUG 2025-07-24 15:22:32,939 tenant_config_middleware 33152 32252 Paramètres d'apparence injectés pour tenant e98f6cb6-1305-490a-9c41-2fab84f1bb80
DEBUG 2025-07-24 15:22:32,940 tenant_config_middleware 33152 16660 Paramètres d'apparence injectés pour tenant e98f6cb6-1305-490a-9c41-2fab84f1bb80
DEBUG 2025-07-24 15:22:32,940 tenant_config_middleware 33152 32252 Configuration tenant e98f6cb6-1305-490a-9c41-2fab84f1bb80 injectée pour /api/quotes/
DEBUG 2025-07-24 15:22:32,940 tenant_config_middleware 33152 16660 Configuration tenant e98f6cb6-1305-490a-9c41-2fab84f1bb80 injectée pour /api/quotes/
INFO 2025-07-24 15:22:33,703 tenant_client 33152 33020 Configuration tenant e98f6cb6-1305-490a-9c41-2fab84f1bb80 récupérée avec succès
INFO 2025-07-24 15:22:33,872 tenant_client 33152 19068 Configuration tenant e98f6cb6-1305-490a-9c41-2fab84f1bb80 récupérée avec succès
INFO 2025-07-24 15:22:33,876 tenant_client 33152 24748 Configuration tenant e98f6cb6-1305-490a-9c41-2fab84f1bb80 récupérée avec succès
DEBUG 2025-07-24 15:22:33,940 camel_case_middleware 33152 8060 Paramètres GET avant conversion: {'page': '1', 'page_size': '10'}
DEBUG 2025-07-24 15:22:33,941 camel_case_middleware 33152 27196 Paramètres GET avant conversion: {'page': '1', 'page_size': '10'}
DEBUG 2025-07-24 15:22:33,941 camel_case_middleware 33152 8060 Paramètres GET après conversion: {'page': '1', 'page_size': '10'}
DEBUG 2025-07-24 15:22:33,941 camel_case_middleware 33152 27196 Paramètres GET après conversion: {'page': '1', 'page_size': '10'}
INFO 2025-07-24 15:22:33,977 tenant_client 33152 3984 Configuration tenant e98f6cb6-1305-490a-9c41-2fab84f1bb80 récupérée avec succès
ERROR 2025-07-24 15:22:35,727 cache_service 33152 33020 Erreur mise en cache config tenant e98f6cb6-1305-490a-9c41-2fab84f1bb80: Error 10061 connecting to 127.0.0.1:6379. Aucune connexion n’a pu être établie car l’ordinateur cible l’a expressément refusée.
INFO 2025-07-24 15:22:35,728 tenant_client 33152 33020 Configuration tenant e98f6cb6-1305-490a-9c41-2fab84f1bb80 mise en cache
ERROR 2025-07-24 15:22:35,897 cache_service 33152 19068 Erreur mise en cache config tenant e98f6cb6-1305-490a-9c41-2fab84f1bb80: Error 10061 connecting to 127.0.0.1:6379. Aucune connexion n’a pu être établie car l’ordinateur cible l’a expressément refusée.
INFO 2025-07-24 15:22:35,897 tenant_client 33152 19068 Configuration tenant e98f6cb6-1305-490a-9c41-2fab84f1bb80 mise en cache
ERROR 2025-07-24 15:22:35,899 cache_service 33152 24748 Erreur mise en cache config tenant e98f6cb6-1305-490a-9c41-2fab84f1bb80: Error 10061 connecting to 127.0.0.1:6379. Aucune connexion n’a pu être établie car l’ordinateur cible l’a expressément refusée.
INFO 2025-07-24 15:22:35,899 tenant_client 33152 24748 Configuration tenant e98f6cb6-1305-490a-9c41-2fab84f1bb80 mise en cache
ERROR 2025-07-24 15:22:36,002 cache_service 33152 3984 Erreur mise en cache config tenant e98f6cb6-1305-490a-9c41-2fab84f1bb80: Error 10061 connecting to 127.0.0.1:6379. Aucune connexion n’a pu être établie car l’ordinateur cible l’a expressément refusée.
INFO 2025-07-24 15:22:36,002 tenant_client 33152 3984 Configuration tenant e98f6cb6-1305-490a-9c41-2fab84f1bb80 mise en cache
ERROR 2025-07-24 15:22:36,020 cache_service 33152 8060 Erreur récupération cache config tenant e98f6cb6-1305-490a-9c41-2fab84f1bb80: Error 10061 connecting to 127.0.0.1:6379. Aucune connexion n’a pu être établie car l’ordinateur cible l’a expressément refusée.
INFO 2025-07-24 15:22:36,020 tenant_client 33152 8060 Cache miss pour tenant e98f6cb6-1305-490a-9c41-2fab84f1bb80, récupération depuis l'API
ERROR 2025-07-24 15:22:36,032 cache_service 33152 27196 Erreur récupération cache config tenant e98f6cb6-1305-490a-9c41-2fab84f1bb80: Error 10061 connecting to 127.0.0.1:6379. Aucune connexion n’a pu être établie car l’ordinateur cible l’a expressément refusée.
INFO 2025-07-24 15:22:36,033 tenant_client 33152 27196 Cache miss pour tenant e98f6cb6-1305-490a-9c41-2fab84f1bb80, récupération depuis l'API
ERROR 2025-07-24 15:22:37,778 cache_service 33152 33020 Erreur récupération cache pour clé document_appearance:e98f6cb6-1305-490a-9c41-2fab84f1bb80: Error 10061 connecting to 127.0.0.1:6379. Aucune connexion n’a pu être établie car l’ordinateur cible l’a expressément refusée.
INFO 2025-07-24 15:22:37,779 document_appearance_service 33152 33020 Récupération des paramètres d'apparence depuis tenant-service pour tenant e98f6cb6-1305-490a-9c41-2fab84f1bb80
ERROR 2025-07-24 15:22:37,933 cache_service 33152 24748 Erreur récupération cache pour clé document_appearance:e98f6cb6-1305-490a-9c41-2fab84f1bb80: Error 10061 connecting to 127.0.0.1:6379. Aucune connexion n’a pu être établie car l’ordinateur cible l’a expressément refusée.
INFO 2025-07-24 15:22:37,933 document_appearance_service 33152 24748 Récupération des paramètres d'apparence depuis tenant-service pour tenant e98f6cb6-1305-490a-9c41-2fab84f1bb80
ERROR 2025-07-24 15:22:37,935 cache_service 33152 19068 Erreur récupération cache pour clé document_appearance:e98f6cb6-1305-490a-9c41-2fab84f1bb80: Error 10061 connecting to 127.0.0.1:6379. Aucune connexion n’a pu être établie car l’ordinateur cible l’a expressément refusée.
INFO 2025-07-24 15:22:37,936 document_appearance_service 33152 19068 Récupération des paramètres d'apparence depuis tenant-service pour tenant e98f6cb6-1305-490a-9c41-2fab84f1bb80
ERROR 2025-07-24 15:22:38,042 cache_service 33152 3984 Erreur récupération cache pour clé document_appearance:e98f6cb6-1305-490a-9c41-2fab84f1bb80: Error 10061 connecting to 127.0.0.1:6379. Aucune connexion n’a pu être établie car l’ordinateur cible l’a expressément refusée.
INFO 2025-07-24 15:22:38,043 document_appearance_service 33152 3984 Récupération des paramètres d'apparence depuis tenant-service pour tenant e98f6cb6-1305-490a-9c41-2fab84f1bb80
INFO 2025-07-24 15:22:38,147 tenant_client 33152 8060 Configuration tenant e98f6cb6-1305-490a-9c41-2fab84f1bb80 récupérée avec succès
INFO 2025-07-24 15:22:38,159 tenant_client 33152 27196 Configuration tenant e98f6cb6-1305-490a-9c41-2fab84f1bb80 récupérée avec succès
INFO 2025-07-24 15:22:39,878 document_appearance_service 33152 33020 Paramètres d'apparence récupérés depuis tenant-service pour tenant e98f6cb6-1305-490a-9c41-2fab84f1bb80
INFO 2025-07-24 15:22:40,029 document_appearance_service 33152 19068 Paramètres d'apparence récupérés depuis tenant-service pour tenant e98f6cb6-1305-490a-9c41-2fab84f1bb80
INFO 2025-07-24 15:22:40,042 document_appearance_service 33152 24748 Paramètres d'apparence récupérés depuis tenant-service pour tenant e98f6cb6-1305-490a-9c41-2fab84f1bb80
INFO 2025-07-24 15:22:40,157 document_appearance_service 33152 3984 Paramètres d'apparence récupérés depuis tenant-service pour tenant e98f6cb6-1305-490a-9c41-2fab84f1bb80
ERROR 2025-07-24 15:22:40,184 cache_service 33152 27196 Erreur mise en cache config tenant e98f6cb6-1305-490a-9c41-2fab84f1bb80: Error 10061 connecting to 127.0.0.1:6379. Aucune connexion n’a pu être établie car l’ordinateur cible l’a expressément refusée.
ERROR 2025-07-24 15:22:40,184 cache_service 33152 8060 Erreur mise en cache config tenant e98f6cb6-1305-490a-9c41-2fab84f1bb80: Error 10061 connecting to 127.0.0.1:6379. Aucune connexion n’a pu être établie car l’ordinateur cible l’a expressément refusée.
INFO 2025-07-24 15:22:40,184 tenant_client 33152 27196 Configuration tenant e98f6cb6-1305-490a-9c41-2fab84f1bb80 mise en cache
INFO 2025-07-24 15:22:40,185 tenant_client 33152 8060 Configuration tenant e98f6cb6-1305-490a-9c41-2fab84f1bb80 mise en cache
ERROR 2025-07-24 15:22:41,915 cache_service 33152 33020 Erreur mise en cache pour clé document_appearance:e98f6cb6-1305-490a-9c41-2fab84f1bb80: Error 10061 connecting to 127.0.0.1:6379. Aucune connexion n’a pu être établie car l’ordinateur cible l’a expressément refusée.
INFO 2025-07-24 15:22:41,915 document_appearance_service 33152 33020 Paramètres d'apparence récupérés et mis en cache pour tenant e98f6cb6-1305-490a-9c41-2fab84f1bb80
DEBUG 2025-07-24 15:22:41,916 tenant_config_middleware 33152 33020 Paramètres d'apparence injectés pour tenant e98f6cb6-1305-490a-9c41-2fab84f1bb80
DEBUG 2025-07-24 15:22:41,916 tenant_config_middleware 33152 33020 Configuration tenant e98f6cb6-1305-490a-9c41-2fab84f1bb80 injectée pour /api/invoices/
ERROR 2025-07-24 15:22:42,067 cache_service 33152 19068 Erreur mise en cache pour clé document_appearance:e98f6cb6-1305-490a-9c41-2fab84f1bb80: Error 10061 connecting to 127.0.0.1:6379. Aucune connexion n’a pu être établie car l’ordinateur cible l’a expressément refusée.
INFO 2025-07-24 15:22:42,068 document_appearance_service 33152 19068 Paramètres d'apparence récupérés et mis en cache pour tenant e98f6cb6-1305-490a-9c41-2fab84f1bb80
DEBUG 2025-07-24 15:22:42,068 tenant_config_middleware 33152 19068 Paramètres d'apparence injectés pour tenant e98f6cb6-1305-490a-9c41-2fab84f1bb80
DEBUG 2025-07-24 15:22:42,068 tenant_config_middleware 33152 19068 Configuration tenant e98f6cb6-1305-490a-9c41-2fab84f1bb80 injectée pour /api/invoices/stats/
ERROR 2025-07-24 15:22:42,071 tenant_config_middleware 33152 19068 Erreur pour tenant e98f6cb6-1305-490a-9c41-2fab84f1bb80 sur /api/invoices/stats/: Invoice has no field named 'tier_id'
ERROR 2025-07-24 15:22:42,082 cache_service 33152 24748 Erreur mise en cache pour clé document_appearance:e98f6cb6-1305-490a-9c41-2fab84f1bb80: Error 10061 connecting to 127.0.0.1:6379. Aucune connexion n’a pu être établie car l’ordinateur cible l’a expressément refusée.
INFO 2025-07-24 15:22:42,083 document_appearance_service 33152 24748 Paramètres d'apparence récupérés et mis en cache pour tenant e98f6cb6-1305-490a-9c41-2fab84f1bb80
DEBUG 2025-07-24 15:22:42,083 tenant_config_middleware 33152 24748 Paramètres d'apparence injectés pour tenant e98f6cb6-1305-490a-9c41-2fab84f1bb80
DEBUG 2025-07-24 15:22:42,083 tenant_config_middleware 33152 24748 Configuration tenant e98f6cb6-1305-490a-9c41-2fab84f1bb80 injectée pour /api/invoices/
ERROR 2025-07-24 15:22:42,191 cache_service 33152 3984 Erreur mise en cache pour clé document_appearance:e98f6cb6-1305-490a-9c41-2fab84f1bb80: Error 10061 connecting to 127.0.0.1:6379. Aucune connexion n’a pu être établie car l’ordinateur cible l’a expressément refusée.
INFO 2025-07-24 15:22:42,192 document_appearance_service 33152 3984 Paramètres d'apparence récupérés et mis en cache pour tenant e98f6cb6-1305-490a-9c41-2fab84f1bb80
DEBUG 2025-07-24 15:22:42,192 tenant_config_middleware 33152 3984 Paramètres d'apparence injectés pour tenant e98f6cb6-1305-490a-9c41-2fab84f1bb80
DEBUG 2025-07-24 15:22:42,192 tenant_config_middleware 33152 3984 Configuration tenant e98f6cb6-1305-490a-9c41-2fab84f1bb80 injectée pour /api/invoices/stats/
ERROR 2025-07-24 15:22:42,196 tenant_config_middleware 33152 3984 Erreur pour tenant e98f6cb6-1305-490a-9c41-2fab84f1bb80 sur /api/invoices/stats/: Invoice has no field named 'tier_id'
ERROR 2025-07-24 15:22:42,225 cache_service 33152 8060 Erreur récupération cache pour clé document_appearance:e98f6cb6-1305-490a-9c41-2fab84f1bb80: Error 10061 connecting to 127.0.0.1:6379. Aucune connexion n’a pu être établie car l’ordinateur cible l’a expressément refusée.
ERROR 2025-07-24 15:22:42,226 cache_service 33152 27196 Erreur récupération cache pour clé document_appearance:e98f6cb6-1305-490a-9c41-2fab84f1bb80: Error 10061 connecting to 127.0.0.1:6379. Aucune connexion n’a pu être établie car l’ordinateur cible l’a expressément refusée.
INFO 2025-07-24 15:22:42,226 document_appearance_service 33152 8060 Récupération des paramètres d'apparence depuis tenant-service pour tenant e98f6cb6-1305-490a-9c41-2fab84f1bb80
INFO 2025-07-24 15:22:42,226 document_appearance_service 33152 27196 Récupération des paramètres d'apparence depuis tenant-service pour tenant e98f6cb6-1305-490a-9c41-2fab84f1bb80
INFO 2025-07-24 15:22:44,336 document_appearance_service 33152 27196 Paramètres d'apparence récupérés depuis tenant-service pour tenant e98f6cb6-1305-490a-9c41-2fab84f1bb80
INFO 2025-07-24 15:22:44,444 document_appearance_service 33152 8060 Paramètres d'apparence récupérés depuis tenant-service pour tenant e98f6cb6-1305-490a-9c41-2fab84f1bb80
ERROR 2025-07-24 15:22:46,362 cache_service 33152 27196 Erreur mise en cache pour clé document_appearance:e98f6cb6-1305-490a-9c41-2fab84f1bb80: Error 10061 connecting to 127.0.0.1:6379. Aucune connexion n’a pu être établie car l’ordinateur cible l’a expressément refusée.
INFO 2025-07-24 15:22:46,363 document_appearance_service 33152 27196 Paramètres d'apparence récupérés et mis en cache pour tenant e98f6cb6-1305-490a-9c41-2fab84f1bb80
DEBUG 2025-07-24 15:22:46,363 tenant_config_middleware 33152 27196 Paramètres d'apparence injectés pour tenant e98f6cb6-1305-490a-9c41-2fab84f1bb80
DEBUG 2025-07-24 15:22:46,364 tenant_config_middleware 33152 27196 Configuration tenant e98f6cb6-1305-490a-9c41-2fab84f1bb80 injectée pour /api/quotes/
ERROR 2025-07-24 15:22:46,470 cache_service 33152 8060 Erreur mise en cache pour clé document_appearance:e98f6cb6-1305-490a-9c41-2fab84f1bb80: Error 10061 connecting to 127.0.0.1:6379. Aucune connexion n’a pu être établie car l’ordinateur cible l’a expressément refusée.
INFO 2025-07-24 15:22:46,471 document_appearance_service 33152 8060 Paramètres d'apparence récupérés et mis en cache pour tenant e98f6cb6-1305-490a-9c41-2fab84f1bb80
DEBUG 2025-07-24 15:22:46,471 tenant_config_middleware 33152 8060 Paramètres d'apparence injectés pour tenant e98f6cb6-1305-490a-9c41-2fab84f1bb80
DEBUG 2025-07-24 15:22:46,471 tenant_config_middleware 33152 8060 Configuration tenant e98f6cb6-1305-490a-9c41-2fab84f1bb80 injectée pour /api/quotes/
DEBUG 2025-07-24 21:53:58,923 camel_case_middleware 33152 29600 Paramètres GET avant conversion: {'tier_id': 'a8fb8b1f-6d25-409e-be3e-18987ebd2466'}
DEBUG 2025-07-24 21:53:58,925 camel_case_middleware 33152 29600 Paramètres GET après conversion: {'tier_id': 'a8fb8b1f-6d25-409e-be3e-18987ebd2466'}
DEBUG 2025-07-24 21:53:59,139 camel_case_middleware 33152 6396 Paramètres GET avant conversion: {'tier_id': 'a8fb8b1f-6d25-409e-be3e-18987ebd2466'}
DEBUG 2025-07-24 21:53:59,139 camel_case_middleware 33152 6396 Paramètres GET après conversion: {'tier_id': 'a8fb8b1f-6d25-409e-be3e-18987ebd2466'}
ERROR 2025-07-24 21:54:01,046 cache_service 33152 29600 Erreur récupération cache config tenant e98f6cb6-1305-490a-9c41-2fab84f1bb80: Error 10061 connecting to 127.0.0.1:6379. Aucune connexion n’a pu être établie car l’ordinateur cible l’a expressément refusée.
INFO 2025-07-24 21:54:01,047 tenant_client 33152 29600 Cache miss pour tenant e98f6cb6-1305-490a-9c41-2fab84f1bb80, récupération depuis l'API
ERROR 2025-07-24 21:54:01,228 cache_service 33152 6396 Erreur récupération cache config tenant e98f6cb6-1305-490a-9c41-2fab84f1bb80: Error 10061 connecting to 127.0.0.1:6379. Aucune connexion n’a pu être établie car l’ordinateur cible l’a expressément refusée.
INFO 2025-07-24 21:54:01,229 tenant_client 33152 6396 Cache miss pour tenant e98f6cb6-1305-490a-9c41-2fab84f1bb80, récupération depuis l'API
INFO 2025-07-24 21:54:03,235 tenant_client 33152 29600 Configuration tenant e98f6cb6-1305-490a-9c41-2fab84f1bb80 récupérée avec succès
INFO 2025-07-24 21:54:03,343 tenant_client 33152 6396 Configuration tenant e98f6cb6-1305-490a-9c41-2fab84f1bb80 récupérée avec succès
ERROR 2025-07-24 21:54:05,272 cache_service 33152 29600 Erreur mise en cache config tenant e98f6cb6-1305-490a-9c41-2fab84f1bb80: Error 10061 connecting to 127.0.0.1:6379. Aucune connexion n’a pu être établie car l’ordinateur cible l’a expressément refusée.
INFO 2025-07-24 21:54:05,273 tenant_client 33152 29600 Configuration tenant e98f6cb6-1305-490a-9c41-2fab84f1bb80 mise en cache
ERROR 2025-07-24 21:54:05,382 cache_service 33152 6396 Erreur mise en cache config tenant e98f6cb6-1305-490a-9c41-2fab84f1bb80: Error 10061 connecting to 127.0.0.1:6379. Aucune connexion n’a pu être établie car l’ordinateur cible l’a expressément refusée.
INFO 2025-07-24 21:54:05,382 tenant_client 33152 6396 Configuration tenant e98f6cb6-1305-490a-9c41-2fab84f1bb80 mise en cache
ERROR 2025-07-24 21:54:07,321 cache_service 33152 29600 Erreur récupération cache pour clé document_appearance:e98f6cb6-1305-490a-9c41-2fab84f1bb80: Error 10061 connecting to 127.0.0.1:6379. Aucune connexion n’a pu être établie car l’ordinateur cible l’a expressément refusée.
INFO 2025-07-24 21:54:07,321 document_appearance_service 33152 29600 Récupération des paramètres d'apparence depuis tenant-service pour tenant e98f6cb6-1305-490a-9c41-2fab84f1bb80
ERROR 2025-07-24 21:54:07,427 cache_service 33152 6396 Erreur récupération cache pour clé document_appearance:e98f6cb6-1305-490a-9c41-2fab84f1bb80: Error 10061 connecting to 127.0.0.1:6379. Aucune connexion n’a pu être établie car l’ordinateur cible l’a expressément refusée.
INFO 2025-07-24 21:54:07,428 document_appearance_service 33152 6396 Récupération des paramètres d'apparence depuis tenant-service pour tenant e98f6cb6-1305-490a-9c41-2fab84f1bb80
INFO 2025-07-24 21:54:09,468 document_appearance_service 33152 29600 Paramètres d'apparence récupérés depuis tenant-service pour tenant e98f6cb6-1305-490a-9c41-2fab84f1bb80
INFO 2025-07-24 21:54:09,518 document_appearance_service 33152 6396 Paramètres d'apparence récupérés depuis tenant-service pour tenant e98f6cb6-1305-490a-9c41-2fab84f1bb80
ERROR 2025-07-24 21:54:11,512 cache_service 33152 29600 Erreur mise en cache pour clé document_appearance:e98f6cb6-1305-490a-9c41-2fab84f1bb80: Error 10061 connecting to 127.0.0.1:6379. Aucune connexion n’a pu être établie car l’ordinateur cible l’a expressément refusée.
INFO 2025-07-24 21:54:11,513 document_appearance_service 33152 29600 Paramètres d'apparence récupérés et mis en cache pour tenant e98f6cb6-1305-490a-9c41-2fab84f1bb80
DEBUG 2025-07-24 21:54:11,513 tenant_config_middleware 33152 29600 Paramètres d'apparence injectés pour tenant e98f6cb6-1305-490a-9c41-2fab84f1bb80
DEBUG 2025-07-24 21:54:11,513 tenant_config_middleware 33152 29600 Configuration tenant e98f6cb6-1305-490a-9c41-2fab84f1bb80 injectée pour /api/quotes/
ERROR 2025-07-24 21:54:11,556 cache_service 33152 6396 Erreur mise en cache pour clé document_appearance:e98f6cb6-1305-490a-9c41-2fab84f1bb80: Error 10061 connecting to 127.0.0.1:6379. Aucune connexion n’a pu être établie car l’ordinateur cible l’a expressément refusée.
INFO 2025-07-24 21:54:11,557 document_appearance_service 33152 6396 Paramètres d'apparence récupérés et mis en cache pour tenant e98f6cb6-1305-490a-9c41-2fab84f1bb80
DEBUG 2025-07-24 21:54:11,557 tenant_config_middleware 33152 6396 Paramètres d'apparence injectés pour tenant e98f6cb6-1305-490a-9c41-2fab84f1bb80
DEBUG 2025-07-24 21:54:11,557 tenant_config_middleware 33152 6396 Configuration tenant e98f6cb6-1305-490a-9c41-2fab84f1bb80 injectée pour /api/quotes/
DEBUG 2025-07-25 12:04:39,050 camel_case_middleware 7664 31108 Paramètres GET avant conversion: {'page': '1', 'page_size': '10'}
DEBUG 2025-07-25 12:04:39,050 camel_case_middleware 7664 28140 Paramètres GET avant conversion: {'page': '1', 'page_size': '10'}
DEBUG 2025-07-25 12:04:39,050 camel_case_middleware 7664 31108 Paramètres GET après conversion: {'page': '1', 'page_size': '10'}
DEBUG 2025-07-25 12:04:39,050 camel_case_middleware 7664 28140 Paramètres GET après conversion: {'page': '1', 'page_size': '10'}
ERROR 2025-07-25 12:04:41,173 cache_service 7664 31108 Erreur récupération cache config tenant 31f96c39-bd7f-453e-a7f1-88495e70272b: Error 10061 connecting to 127.0.0.1:6379. Aucune connexion n’a pu être établie car l’ordinateur cible l’a expressément refusée.
ERROR 2025-07-25 12:04:41,174 cache_service 7664 28140 Erreur récupération cache config tenant 31f96c39-bd7f-453e-a7f1-88495e70272b: Error 10061 connecting to 127.0.0.1:6379. Aucune connexion n’a pu être établie car l’ordinateur cible l’a expressément refusée.
INFO 2025-07-25 12:04:41,174 tenant_client 7664 31108 Cache miss pour tenant 31f96c39-bd7f-453e-a7f1-88495e70272b, récupération depuis l'API
INFO 2025-07-25 12:04:41,174 tenant_client 7664 28140 Cache miss pour tenant 31f96c39-bd7f-453e-a7f1-88495e70272b, récupération depuis l'API
INFO 2025-07-25 12:04:43,291 tenant_client 7664 31108 Configuration tenant 31f96c39-bd7f-453e-a7f1-88495e70272b récupérée avec succès
INFO 2025-07-25 12:04:43,293 tenant_client 7664 28140 Configuration tenant 31f96c39-bd7f-453e-a7f1-88495e70272b récupérée avec succès
ERROR 2025-07-25 12:04:45,334 cache_service 7664 28140 Erreur mise en cache config tenant 31f96c39-bd7f-453e-a7f1-88495e70272b: Error 10061 connecting to 127.0.0.1:6379. Aucune connexion n’a pu être établie car l’ordinateur cible l’a expressément refusée.
INFO 2025-07-25 12:04:45,335 tenant_client 7664 28140 Configuration tenant 31f96c39-bd7f-453e-a7f1-88495e70272b mise en cache
ERROR 2025-07-25 12:04:45,337 cache_service 7664 31108 Erreur mise en cache config tenant 31f96c39-bd7f-453e-a7f1-88495e70272b: Error 10061 connecting to 127.0.0.1:6379. Aucune connexion n’a pu être établie car l’ordinateur cible l’a expressément refusée.
INFO 2025-07-25 12:04:45,338 tenant_client 7664 31108 Configuration tenant 31f96c39-bd7f-453e-a7f1-88495e70272b mise en cache
ERROR 2025-07-25 12:04:47,372 cache_service 7664 28140 Erreur récupération cache pour clé document_appearance:31f96c39-bd7f-453e-a7f1-88495e70272b: Error 10061 connecting to 127.0.0.1:6379. Aucune connexion n’a pu être établie car l’ordinateur cible l’a expressément refusée.
ERROR 2025-07-25 12:04:47,372 cache_service 7664 31108 Erreur récupération cache pour clé document_appearance:31f96c39-bd7f-453e-a7f1-88495e70272b: Error 10061 connecting to 127.0.0.1:6379. Aucune connexion n’a pu être établie car l’ordinateur cible l’a expressément refusée.
INFO 2025-07-25 12:04:47,372 document_appearance_service 7664 28140 Récupération des paramètres d'apparence depuis tenant-service pour tenant 31f96c39-bd7f-453e-a7f1-88495e70272b
INFO 2025-07-25 12:04:47,373 document_appearance_service 7664 31108 Récupération des paramètres d'apparence depuis tenant-service pour tenant 31f96c39-bd7f-453e-a7f1-88495e70272b
INFO 2025-07-25 12:04:49,477 document_appearance_service 7664 28140 Paramètres d'apparence récupérés depuis tenant-service pour tenant 31f96c39-bd7f-453e-a7f1-88495e70272b
INFO 2025-07-25 12:04:49,479 document_appearance_service 7664 31108 Paramètres d'apparence récupérés depuis tenant-service pour tenant 31f96c39-bd7f-453e-a7f1-88495e70272b
ERROR 2025-07-25 12:04:51,506 cache_service 7664 31108 Erreur mise en cache pour clé document_appearance:31f96c39-bd7f-453e-a7f1-88495e70272b: Error 10061 connecting to 127.0.0.1:6379. Aucune connexion n’a pu être établie car l’ordinateur cible l’a expressément refusée.
INFO 2025-07-25 12:04:51,506 document_appearance_service 7664 31108 Paramètres d'apparence récupérés et mis en cache pour tenant 31f96c39-bd7f-453e-a7f1-88495e70272b
DEBUG 2025-07-25 12:04:51,506 tenant_config_middleware 7664 31108 Paramètres d'apparence injectés pour tenant 31f96c39-bd7f-453e-a7f1-88495e70272b
DEBUG 2025-07-25 12:04:51,506 tenant_config_middleware 7664 31108 Configuration tenant 31f96c39-bd7f-453e-a7f1-88495e70272b injectée pour /api/quotes/
ERROR 2025-07-25 12:04:51,507 cache_service 7664 28140 Erreur mise en cache pour clé document_appearance:31f96c39-bd7f-453e-a7f1-88495e70272b: Error 10061 connecting to 127.0.0.1:6379. Aucune connexion n’a pu être établie car l’ordinateur cible l’a expressément refusée.
INFO 2025-07-25 12:04:51,508 document_appearance_service 7664 28140 Paramètres d'apparence récupérés et mis en cache pour tenant 31f96c39-bd7f-453e-a7f1-88495e70272b
DEBUG 2025-07-25 12:04:51,508 tenant_config_middleware 7664 28140 Paramètres d'apparence injectés pour tenant 31f96c39-bd7f-453e-a7f1-88495e70272b
DEBUG 2025-07-25 12:04:51,509 tenant_config_middleware 7664 28140 Configuration tenant 31f96c39-bd7f-453e-a7f1-88495e70272b injectée pour /api/quotes/
DEBUG 2025-07-25 12:13:28,294 camel_case_middleware 7664 20744 Paramètres GET avant conversion: {'page': '1', 'page_size': '10', 'status': 'rejected'}
DEBUG 2025-07-25 12:13:28,294 camel_case_middleware 7664 20744 Paramètres GET après conversion: {'page': '1', 'page_size': '10', 'status': 'rejected'}
ERROR 2025-07-25 12:13:30,375 cache_service 7664 20744 Erreur récupération cache config tenant 31f96c39-bd7f-453e-a7f1-88495e70272b: Error 10061 connecting to 127.0.0.1:6379. Aucune connexion n’a pu être établie car l’ordinateur cible l’a expressément refusée.
INFO 2025-07-25 12:13:30,375 tenant_client 7664 20744 Cache miss pour tenant 31f96c39-bd7f-453e-a7f1-88495e70272b, récupération depuis l'API
INFO 2025-07-25 12:13:32,587 tenant_client 7664 20744 Configuration tenant 31f96c39-bd7f-453e-a7f1-88495e70272b récupérée avec succès
ERROR 2025-07-25 12:13:34,631 cache_service 7664 20744 Erreur mise en cache config tenant 31f96c39-bd7f-453e-a7f1-88495e70272b: Error 10061 connecting to 127.0.0.1:6379. Aucune connexion n’a pu être établie car l’ordinateur cible l’a expressément refusée.
INFO 2025-07-25 12:13:34,632 tenant_client 7664 20744 Configuration tenant 31f96c39-bd7f-453e-a7f1-88495e70272b mise en cache
ERROR 2025-07-25 12:13:36,670 cache_service 7664 20744 Erreur récupération cache pour clé document_appearance:31f96c39-bd7f-453e-a7f1-88495e70272b: Error 10061 connecting to 127.0.0.1:6379. Aucune connexion n’a pu être établie car l’ordinateur cible l’a expressément refusée.
INFO 2025-07-25 12:13:36,671 document_appearance_service 7664 20744 Récupération des paramètres d'apparence depuis tenant-service pour tenant 31f96c39-bd7f-453e-a7f1-88495e70272b
INFO 2025-07-25 12:13:38,759 document_appearance_service 7664 20744 Paramètres d'apparence récupérés depuis tenant-service pour tenant 31f96c39-bd7f-453e-a7f1-88495e70272b
ERROR 2025-07-25 12:13:40,800 cache_service 7664 20744 Erreur mise en cache pour clé document_appearance:31f96c39-bd7f-453e-a7f1-88495e70272b: Error 10061 connecting to 127.0.0.1:6379. Aucune connexion n’a pu être établie car l’ordinateur cible l’a expressément refusée.
INFO 2025-07-25 12:13:40,801 document_appearance_service 7664 20744 Paramètres d'apparence récupérés et mis en cache pour tenant 31f96c39-bd7f-453e-a7f1-88495e70272b
DEBUG 2025-07-25 12:13:40,801 tenant_config_middleware 7664 20744 Paramètres d'apparence injectés pour tenant 31f96c39-bd7f-453e-a7f1-88495e70272b
DEBUG 2025-07-25 12:13:40,801 tenant_config_middleware 7664 20744 Configuration tenant 31f96c39-bd7f-453e-a7f1-88495e70272b injectée pour /api/quotes/
DEBUG 2025-07-25 12:15:36,750 camel_case_middleware 7664 22356 Paramètres GET avant conversion: {'page': '1', 'page_size': '10'}
DEBUG 2025-07-25 12:15:36,751 camel_case_middleware 7664 9768 Paramètres GET avant conversion: {'page': '1', 'page_size': '10'}
DEBUG 2025-07-25 12:15:36,751 camel_case_middleware 7664 28504 Paramètres GET avant conversion: {'page[page]': '1', 'page[page_size]': '20', 'page_size': '10'}
DEBUG 2025-07-25 12:15:36,751 camel_case_middleware 7664 22356 Paramètres GET après conversion: {'page': '1', 'page_size': '10'}
DEBUG 2025-07-25 12:15:36,751 camel_case_middleware 7664 9768 Paramètres GET après conversion: {'page': '1', 'page_size': '10'}
DEBUG 2025-07-25 12:15:36,752 camel_case_middleware 7664 28504 Paramètres GET après conversion: {'page[page]': '1', 'page[page_size]': '20', 'page_size': '10'}
DEBUG 2025-07-25 12:15:37,018 camel_case_middleware 7664 23160 Paramètres GET avant conversion: {'page[page]': '1', 'page[page_size]': '20', 'page_size': '10'}
DEBUG 2025-07-25 12:15:37,019 camel_case_middleware 7664 23160 Paramètres GET après conversion: {'page[page]': '1', 'page[page_size]': '20', 'page_size': '10'}
ERROR 2025-07-25 12:15:38,821 cache_service 7664 9768 Erreur récupération cache config tenant 31f96c39-bd7f-453e-a7f1-88495e70272b: Error 10061 connecting to 127.0.0.1:6379. Aucune connexion n’a pu être établie car l’ordinateur cible l’a expressément refusée.
INFO 2025-07-25 12:15:38,821 tenant_client 7664 9768 Cache miss pour tenant 31f96c39-bd7f-453e-a7f1-88495e70272b, récupération depuis l'API
ERROR 2025-07-25 12:15:38,837 cache_service 7664 28504 Erreur récupération cache config tenant 31f96c39-bd7f-453e-a7f1-88495e70272b: Error 10061 connecting to 127.0.0.1:6379. Aucune connexion n’a pu être établie car l’ordinateur cible l’a expressément refusée.
ERROR 2025-07-25 12:15:38,837 cache_service 7664 22356 Erreur récupération cache config tenant 31f96c39-bd7f-453e-a7f1-88495e70272b: Error 10061 connecting to 127.0.0.1:6379. Aucune connexion n’a pu être établie car l’ordinateur cible l’a expressément refusée.
INFO 2025-07-25 12:15:38,837 tenant_client 7664 28504 Cache miss pour tenant 31f96c39-bd7f-453e-a7f1-88495e70272b, récupération depuis l'API
INFO 2025-07-25 12:15:38,837 tenant_client 7664 22356 Cache miss pour tenant 31f96c39-bd7f-453e-a7f1-88495e70272b, récupération depuis l'API
ERROR 2025-07-25 12:15:39,102 cache_service 7664 22784 Erreur récupération cache config tenant 31f96c39-bd7f-453e-a7f1-88495e70272b: Error 10061 connecting to 127.0.0.1:6379. Aucune connexion n’a pu être établie car l’ordinateur cible l’a expressément refusée.
ERROR 2025-07-25 12:15:39,102 cache_service 7664 23160 Erreur récupération cache config tenant 31f96c39-bd7f-453e-a7f1-88495e70272b: Error 10061 connecting to 127.0.0.1:6379. Aucune connexion n’a pu être établie car l’ordinateur cible l’a expressément refusée.
INFO 2025-07-25 12:15:39,102 tenant_client 7664 22784 Cache miss pour tenant 31f96c39-bd7f-453e-a7f1-88495e70272b, récupération depuis l'API
INFO 2025-07-25 12:15:39,103 tenant_client 7664 23160 Cache miss pour tenant 31f96c39-bd7f-453e-a7f1-88495e70272b, récupération depuis l'API
ERROR 2025-07-25 12:15:39,118 cache_service 7664 23172 Erreur récupération cache config tenant 31f96c39-bd7f-453e-a7f1-88495e70272b: Error 10061 connecting to 127.0.0.1:6379. Aucune connexion n’a pu être établie car l’ordinateur cible l’a expressément refusée.
INFO 2025-07-25 12:15:39,118 tenant_client 7664 23172 Cache miss pour tenant 31f96c39-bd7f-453e-a7f1-88495e70272b, récupération depuis l'API
INFO 2025-07-25 12:15:40,927 tenant_client 7664 9768 Configuration tenant 31f96c39-bd7f-453e-a7f1-88495e70272b récupérée avec succès
INFO 2025-07-25 12:15:40,942 tenant_client 7664 22356 Configuration tenant 31f96c39-bd7f-453e-a7f1-88495e70272b récupérée avec succès
INFO 2025-07-25 12:15:40,954 tenant_client 7664 28504 Configuration tenant 31f96c39-bd7f-453e-a7f1-88495e70272b récupérée avec succès
INFO 2025-07-25 12:15:41,216 tenant_client 7664 23160 Configuration tenant 31f96c39-bd7f-453e-a7f1-88495e70272b récupérée avec succès
INFO 2025-07-25 12:15:41,242 tenant_client 7664 22784 Configuration tenant 31f96c39-bd7f-453e-a7f1-88495e70272b récupérée avec succès
INFO 2025-07-25 12:15:41,265 tenant_client 7664 23172 Configuration tenant 31f96c39-bd7f-453e-a7f1-88495e70272b récupérée avec succès
ERROR 2025-07-25 12:15:42,967 cache_service 7664 9768 Erreur mise en cache config tenant 31f96c39-bd7f-453e-a7f1-88495e70272b: Error 10061 connecting to 127.0.0.1:6379. Aucune connexion n’a pu être établie car l’ordinateur cible l’a expressément refusée.
INFO 2025-07-25 12:15:42,967 tenant_client 7664 9768 Configuration tenant 31f96c39-bd7f-453e-a7f1-88495e70272b mise en cache
ERROR 2025-07-25 12:15:42,982 cache_service 7664 22356 Erreur mise en cache config tenant 31f96c39-bd7f-453e-a7f1-88495e70272b: Error 10061 connecting to 127.0.0.1:6379. Aucune connexion n’a pu être établie car l’ordinateur cible l’a expressément refusée.
INFO 2025-07-25 12:15:42,982 tenant_client 7664 22356 Configuration tenant 31f96c39-bd7f-453e-a7f1-88495e70272b mise en cache
ERROR 2025-07-25 12:15:42,997 cache_service 7664 28504 Erreur mise en cache config tenant 31f96c39-bd7f-453e-a7f1-88495e70272b: Error 10061 connecting to 127.0.0.1:6379. Aucune connexion n’a pu être établie car l’ordinateur cible l’a expressément refusée.
INFO 2025-07-25 12:15:42,997 tenant_client 7664 28504 Configuration tenant 31f96c39-bd7f-453e-a7f1-88495e70272b mise en cache
ERROR 2025-07-25 12:15:43,264 cache_service 7664 23160 Erreur mise en cache config tenant 31f96c39-bd7f-453e-a7f1-88495e70272b: Error 10061 connecting to 127.0.0.1:6379. Aucune connexion n’a pu être établie car l’ordinateur cible l’a expressément refusée.
INFO 2025-07-25 12:15:43,264 tenant_client 7664 23160 Configuration tenant 31f96c39-bd7f-453e-a7f1-88495e70272b mise en cache
ERROR 2025-07-25 12:15:43,279 cache_service 7664 22784 Erreur mise en cache config tenant 31f96c39-bd7f-453e-a7f1-88495e70272b: Error 10061 connecting to 127.0.0.1:6379. Aucune connexion n’a pu être établie car l’ordinateur cible l’a expressément refusée.
INFO 2025-07-25 12:15:43,280 tenant_client 7664 22784 Configuration tenant 31f96c39-bd7f-453e-a7f1-88495e70272b mise en cache
ERROR 2025-07-25 12:15:43,309 cache_service 7664 23172 Erreur mise en cache config tenant 31f96c39-bd7f-453e-a7f1-88495e70272b: Error 10061 connecting to 127.0.0.1:6379. Aucune connexion n’a pu être établie car l’ordinateur cible l’a expressément refusée.
INFO 2025-07-25 12:15:43,310 tenant_client 7664 23172 Configuration tenant 31f96c39-bd7f-453e-a7f1-88495e70272b mise en cache
ERROR 2025-07-25 12:15:45,012 cache_service 7664 9768 Erreur récupération cache pour clé document_appearance:31f96c39-bd7f-453e-a7f1-88495e70272b: Error 10061 connecting to 127.0.0.1:6379. Aucune connexion n’a pu être établie car l’ordinateur cible l’a expressément refusée.
INFO 2025-07-25 12:15:45,012 document_appearance_service 7664 9768 Récupération des paramètres d'apparence depuis tenant-service pour tenant 31f96c39-bd7f-453e-a7f1-88495e70272b
ERROR 2025-07-25 12:15:45,026 cache_service 7664 22356 Erreur récupération cache pour clé document_appearance:31f96c39-bd7f-453e-a7f1-88495e70272b: Error 10061 connecting to 127.0.0.1:6379. Aucune connexion n’a pu être établie car l’ordinateur cible l’a expressément refusée.
INFO 2025-07-25 12:15:45,027 document_appearance_service 7664 22356 Récupération des paramètres d'apparence depuis tenant-service pour tenant 31f96c39-bd7f-453e-a7f1-88495e70272b
ERROR 2025-07-25 12:15:45,042 cache_service 7664 28504 Erreur récupération cache pour clé document_appearance:31f96c39-bd7f-453e-a7f1-88495e70272b: Error 10061 connecting to 127.0.0.1:6379. Aucune connexion n’a pu être établie car l’ordinateur cible l’a expressément refusée.
INFO 2025-07-25 12:15:45,042 document_appearance_service 7664 28504 Récupération des paramètres d'apparence depuis tenant-service pour tenant 31f96c39-bd7f-453e-a7f1-88495e70272b
ERROR 2025-07-25 12:15:45,304 cache_service 7664 23160 Erreur récupération cache pour clé document_appearance:31f96c39-bd7f-453e-a7f1-88495e70272b: Error 10061 connecting to 127.0.0.1:6379. Aucune connexion n’a pu être établie car l’ordinateur cible l’a expressément refusée.
INFO 2025-07-25 12:15:45,305 document_appearance_service 7664 23160 Récupération des paramètres d'apparence depuis tenant-service pour tenant 31f96c39-bd7f-453e-a7f1-88495e70272b
ERROR 2025-07-25 12:15:45,320 cache_service 7664 22784 Erreur récupération cache pour clé document_appearance:31f96c39-bd7f-453e-a7f1-88495e70272b: Error 10061 connecting to 127.0.0.1:6379. Aucune connexion n’a pu être établie car l’ordinateur cible l’a expressément refusée.
INFO 2025-07-25 12:15:45,320 document_appearance_service 7664 22784 Récupération des paramètres d'apparence depuis tenant-service pour tenant 31f96c39-bd7f-453e-a7f1-88495e70272b
ERROR 2025-07-25 12:15:45,351 cache_service 7664 23172 Erreur récupération cache pour clé document_appearance:31f96c39-bd7f-453e-a7f1-88495e70272b: Error 10061 connecting to 127.0.0.1:6379. Aucune connexion n’a pu être établie car l’ordinateur cible l’a expressément refusée.
INFO 2025-07-25 12:15:45,351 document_appearance_service 7664 23172 Récupération des paramètres d'apparence depuis tenant-service pour tenant 31f96c39-bd7f-453e-a7f1-88495e70272b
INFO 2025-07-25 12:15:47,109 document_appearance_service 7664 9768 Paramètres d'apparence récupérés depuis tenant-service pour tenant 31f96c39-bd7f-453e-a7f1-88495e70272b
INFO 2025-07-25 12:15:47,127 document_appearance_service 7664 22356 Paramètres d'apparence récupérés depuis tenant-service pour tenant 31f96c39-bd7f-453e-a7f1-88495e70272b
INFO 2025-07-25 12:15:47,144 document_appearance_service 7664 28504 Paramètres d'apparence récupérés depuis tenant-service pour tenant 31f96c39-bd7f-453e-a7f1-88495e70272b
INFO 2025-07-25 12:15:47,409 document_appearance_service 7664 23160 Paramètres d'apparence récupérés depuis tenant-service pour tenant 31f96c39-bd7f-453e-a7f1-88495e70272b
INFO 2025-07-25 12:15:47,424 document_appearance_service 7664 22784 Paramètres d'apparence récupérés depuis tenant-service pour tenant 31f96c39-bd7f-453e-a7f1-88495e70272b
INFO 2025-07-25 12:15:47,563 document_appearance_service 7664 23172 Paramètres d'apparence récupérés depuis tenant-service pour tenant 31f96c39-bd7f-453e-a7f1-88495e70272b
ERROR 2025-07-25 12:15:49,140 cache_service 7664 9768 Erreur mise en cache pour clé document_appearance:31f96c39-bd7f-453e-a7f1-88495e70272b: Error 10061 connecting to 127.0.0.1:6379. Aucune connexion n’a pu être établie car l’ordinateur cible l’a expressément refusée.
INFO 2025-07-25 12:15:49,140 document_appearance_service 7664 9768 Paramètres d'apparence récupérés et mis en cache pour tenant 31f96c39-bd7f-453e-a7f1-88495e70272b
DEBUG 2025-07-25 12:15:49,141 tenant_config_middleware 7664 9768 Paramètres d'apparence injectés pour tenant 31f96c39-bd7f-453e-a7f1-88495e70272b
DEBUG 2025-07-25 12:15:49,141 tenant_config_middleware 7664 9768 Configuration tenant 31f96c39-bd7f-453e-a7f1-88495e70272b injectée pour /api/quotes/
ERROR 2025-07-25 12:15:49,155 cache_service 7664 22356 Erreur mise en cache pour clé document_appearance:31f96c39-bd7f-453e-a7f1-88495e70272b: Error 10061 connecting to 127.0.0.1:6379. Aucune connexion n’a pu être établie car l’ordinateur cible l’a expressément refusée.
INFO 2025-07-25 12:15:49,156 document_appearance_service 7664 22356 Paramètres d'apparence récupérés et mis en cache pour tenant 31f96c39-bd7f-453e-a7f1-88495e70272b
DEBUG 2025-07-25 12:15:49,156 tenant_config_middleware 7664 22356 Paramètres d'apparence injectés pour tenant 31f96c39-bd7f-453e-a7f1-88495e70272b
DEBUG 2025-07-25 12:15:49,156 tenant_config_middleware 7664 22356 Configuration tenant 31f96c39-bd7f-453e-a7f1-88495e70272b injectée pour /api/quotes/
ERROR 2025-07-25 12:15:49,186 cache_service 7664 28504 Erreur mise en cache pour clé document_appearance:31f96c39-bd7f-453e-a7f1-88495e70272b: Error 10061 connecting to 127.0.0.1:6379. Aucune connexion n’a pu être établie car l’ordinateur cible l’a expressément refusée.
INFO 2025-07-25 12:15:49,187 document_appearance_service 7664 28504 Paramètres d'apparence récupérés et mis en cache pour tenant 31f96c39-bd7f-453e-a7f1-88495e70272b
DEBUG 2025-07-25 12:15:49,187 tenant_config_middleware 7664 28504 Paramètres d'apparence injectés pour tenant 31f96c39-bd7f-453e-a7f1-88495e70272b
DEBUG 2025-07-25 12:15:49,187 tenant_config_middleware 7664 28504 Configuration tenant 31f96c39-bd7f-453e-a7f1-88495e70272b injectée pour /api/invoices/
ERROR 2025-07-25 12:15:49,450 cache_service 7664 23160 Erreur mise en cache pour clé document_appearance:31f96c39-bd7f-453e-a7f1-88495e70272b: Error 10061 connecting to 127.0.0.1:6379. Aucune connexion n’a pu être établie car l’ordinateur cible l’a expressément refusée.
INFO 2025-07-25 12:15:49,450 document_appearance_service 7664 23160 Paramètres d'apparence récupérés et mis en cache pour tenant 31f96c39-bd7f-453e-a7f1-88495e70272b
DEBUG 2025-07-25 12:15:49,450 tenant_config_middleware 7664 23160 Paramètres d'apparence injectés pour tenant 31f96c39-bd7f-453e-a7f1-88495e70272b
DEBUG 2025-07-25 12:15:49,451 tenant_config_middleware 7664 23160 Configuration tenant 31f96c39-bd7f-453e-a7f1-88495e70272b injectée pour /api/invoices/
ERROR 2025-07-25 12:15:49,466 cache_service 7664 22784 Erreur mise en cache pour clé document_appearance:31f96c39-bd7f-453e-a7f1-88495e70272b: Error 10061 connecting to 127.0.0.1:6379. Aucune connexion n’a pu être établie car l’ordinateur cible l’a expressément refusée.
INFO 2025-07-25 12:15:49,466 document_appearance_service 7664 22784 Paramètres d'apparence récupérés et mis en cache pour tenant 31f96c39-bd7f-453e-a7f1-88495e70272b
DEBUG 2025-07-25 12:15:49,466 tenant_config_middleware 7664 22784 Paramètres d'apparence injectés pour tenant 31f96c39-bd7f-453e-a7f1-88495e70272b
DEBUG 2025-07-25 12:15:49,467 tenant_config_middleware 7664 22784 Configuration tenant 31f96c39-bd7f-453e-a7f1-88495e70272b injectée pour /api/invoices/stats/
ERROR 2025-07-25 12:15:49,469 tenant_config_middleware 7664 22784 Erreur pour tenant 31f96c39-bd7f-453e-a7f1-88495e70272b sur /api/invoices/stats/: Invoice has no field named 'tier_id'
ERROR 2025-07-25 12:15:49,604 cache_service 7664 23172 Erreur mise en cache pour clé document_appearance:31f96c39-bd7f-453e-a7f1-88495e70272b: Error 10061 connecting to 127.0.0.1:6379. Aucune connexion n’a pu être établie car l’ordinateur cible l’a expressément refusée.
INFO 2025-07-25 12:15:49,604 document_appearance_service 7664 23172 Paramètres d'apparence récupérés et mis en cache pour tenant 31f96c39-bd7f-453e-a7f1-88495e70272b
DEBUG 2025-07-25 12:15:49,604 tenant_config_middleware 7664 23172 Paramètres d'apparence injectés pour tenant 31f96c39-bd7f-453e-a7f1-88495e70272b
DEBUG 2025-07-25 12:15:49,604 tenant_config_middleware 7664 23172 Configuration tenant 31f96c39-bd7f-453e-a7f1-88495e70272b injectée pour /api/invoices/stats/
ERROR 2025-07-25 12:15:49,606 tenant_config_middleware 7664 23172 Erreur pour tenant 31f96c39-bd7f-453e-a7f1-88495e70272b sur /api/invoices/stats/: Invoice has no field named 'tier_id'
DEBUG 2025-07-25 12:15:54,747 camel_case_middleware 7664 33680 Paramètres GET avant conversion: {'page': '1', 'page_size': '10'}
DEBUG 2025-07-25 12:15:54,748 camel_case_middleware 7664 33680 Paramètres GET après conversion: {'page': '1', 'page_size': '10'}
DEBUG 2025-07-25 12:15:55,133 camel_case_middleware 7664 22908 Paramètres GET avant conversion: {'page[page]': '1', 'page[page_size]': '20', 'page_size': '10'}
DEBUG 2025-07-25 12:15:55,133 camel_case_middleware 7664 2500 Paramètres GET avant conversion: {'page[page]': '1', 'page[page_size]': '20', 'page_size': '10'}
DEBUG 2025-07-25 12:15:55,134 camel_case_middleware 7664 18000 Paramètres GET avant conversion: {'page': '1', 'page_size': '10'}
DEBUG 2025-07-25 12:15:55,135 camel_case_middleware 7664 22908 Paramètres GET après conversion: {'page[page]': '1', 'page[page_size]': '20', 'page_size': '10'}
DEBUG 2025-07-25 12:15:55,135 camel_case_middleware 7664 2500 Paramètres GET après conversion: {'page[page]': '1', 'page[page_size]': '20', 'page_size': '10'}
DEBUG 2025-07-25 12:15:55,136 camel_case_middleware 7664 18000 Paramètres GET après conversion: {'page': '1', 'page_size': '10'}
ERROR 2025-07-25 12:15:56,828 cache_service 7664 33680 Erreur récupération cache config tenant 31f96c39-bd7f-453e-a7f1-88495e70272b: Error 10061 connecting to 127.0.0.1:6379. Aucune connexion n’a pu être établie car l’ordinateur cible l’a expressément refusée.
INFO 2025-07-25 12:15:56,829 tenant_client 7664 33680 Cache miss pour tenant 31f96c39-bd7f-453e-a7f1-88495e70272b, récupération depuis l'API
ERROR 2025-07-25 12:15:57,204 cache_service 7664 18000 Erreur récupération cache config tenant 31f96c39-bd7f-453e-a7f1-88495e70272b: Error 10061 connecting to 127.0.0.1:6379. Aucune connexion n’a pu être établie car l’ordinateur cible l’a expressément refusée.
ERROR 2025-07-25 12:15:57,204 cache_service 7664 26112 Erreur récupération cache config tenant 31f96c39-bd7f-453e-a7f1-88495e70272b: Error 10061 connecting to 127.0.0.1:6379. Aucune connexion n’a pu être établie car l’ordinateur cible l’a expressément refusée.
INFO 2025-07-25 12:15:57,204 tenant_client 7664 18000 Cache miss pour tenant 31f96c39-bd7f-453e-a7f1-88495e70272b, récupération depuis l'API
INFO 2025-07-25 12:15:57,204 tenant_client 7664 26112 Cache miss pour tenant 31f96c39-bd7f-453e-a7f1-88495e70272b, récupération depuis l'API
ERROR 2025-07-25 12:15:57,217 cache_service 7664 22908 Erreur récupération cache config tenant 31f96c39-bd7f-453e-a7f1-88495e70272b: Error 10061 connecting to 127.0.0.1:6379. Aucune connexion n’a pu être établie car l’ordinateur cible l’a expressément refusée.
INFO 2025-07-25 12:15:57,217 tenant_client 7664 22908 Cache miss pour tenant 31f96c39-bd7f-453e-a7f1-88495e70272b, récupération depuis l'API
ERROR 2025-07-25 12:15:57,328 cache_service 7664 2500 Erreur récupération cache config tenant 31f96c39-bd7f-453e-a7f1-88495e70272b: Error 10061 connecting to 127.0.0.1:6379. Aucune connexion n’a pu être établie car l’ordinateur cible l’a expressément refusée.
INFO 2025-07-25 12:15:57,328 tenant_client 7664 2500 Cache miss pour tenant 31f96c39-bd7f-453e-a7f1-88495e70272b, récupération depuis l'API
ERROR 2025-07-25 12:15:57,483 cache_service 7664 26896 Erreur récupération cache config tenant 31f96c39-bd7f-453e-a7f1-88495e70272b: Error 10061 connecting to 127.0.0.1:6379. Aucune connexion n’a pu être établie car l’ordinateur cible l’a expressément refusée.
INFO 2025-07-25 12:15:57,483 tenant_client 7664 26896 Cache miss pour tenant 31f96c39-bd7f-453e-a7f1-88495e70272b, récupération depuis l'API
INFO 2025-07-25 12:15:58,939 tenant_client 7664 33680 Configuration tenant 31f96c39-bd7f-453e-a7f1-88495e70272b récupérée avec succès
INFO 2025-07-25 12:15:59,321 tenant_client 7664 26112 Configuration tenant 31f96c39-bd7f-453e-a7f1-88495e70272b récupérée avec succès
INFO 2025-07-25 12:15:59,321 tenant_client 7664 18000 Configuration tenant 31f96c39-bd7f-453e-a7f1-88495e70272b récupérée avec succès
INFO 2025-07-25 12:15:59,330 tenant_client 7664 22908 Configuration tenant 31f96c39-bd7f-453e-a7f1-88495e70272b récupérée avec succès
INFO 2025-07-25 12:15:59,431 tenant_client 7664 2500 Configuration tenant 31f96c39-bd7f-453e-a7f1-88495e70272b récupérée avec succès
INFO 2025-07-25 12:15:59,576 tenant_client 7664 26896 Configuration tenant 31f96c39-bd7f-453e-a7f1-88495e70272b récupérée avec succès
ERROR 2025-07-25 12:16:00,971 cache_service 7664 33680 Erreur mise en cache config tenant 31f96c39-bd7f-453e-a7f1-88495e70272b: Error 10061 connecting to 127.0.0.1:6379. Aucune connexion n’a pu être établie car l’ordinateur cible l’a expressément refusée.
INFO 2025-07-25 12:16:00,971 tenant_client 7664 33680 Configuration tenant 31f96c39-bd7f-453e-a7f1-88495e70272b mise en cache
ERROR 2025-07-25 12:16:01,387 cache_service 7664 26112 Erreur mise en cache config tenant 31f96c39-bd7f-453e-a7f1-88495e70272b: Error 10061 connecting to 127.0.0.1:6379. Aucune connexion n’a pu être établie car l’ordinateur cible l’a expressément refusée.
ERROR 2025-07-25 12:16:01,387 cache_service 7664 18000 Erreur mise en cache config tenant 31f96c39-bd7f-453e-a7f1-88495e70272b: Error 10061 connecting to 127.0.0.1:6379. Aucune connexion n’a pu être établie car l’ordinateur cible l’a expressément refusée.
ERROR 2025-07-25 12:16:01,387 cache_service 7664 22908 Erreur mise en cache config tenant 31f96c39-bd7f-453e-a7f1-88495e70272b: Error 10061 connecting to 127.0.0.1:6379. Aucune connexion n’a pu être établie car l’ordinateur cible l’a expressément refusée.
INFO 2025-07-25 12:16:01,387 tenant_client 7664 26112 Configuration tenant 31f96c39-bd7f-453e-a7f1-88495e70272b mise en cache
INFO 2025-07-25 12:16:01,388 tenant_client 7664 18000 Configuration tenant 31f96c39-bd7f-453e-a7f1-88495e70272b mise en cache
INFO 2025-07-25 12:16:01,388 tenant_client 7664 22908 Configuration tenant 31f96c39-bd7f-453e-a7f1-88495e70272b mise en cache
ERROR 2025-07-25 12:16:01,479 cache_service 7664 2500 Erreur mise en cache config tenant 31f96c39-bd7f-453e-a7f1-88495e70272b: Error 10061 connecting to 127.0.0.1:6379. Aucune connexion n’a pu être établie car l’ordinateur cible l’a expressément refusée.
INFO 2025-07-25 12:16:01,479 tenant_client 7664 2500 Configuration tenant 31f96c39-bd7f-453e-a7f1-88495e70272b mise en cache
ERROR 2025-07-25 12:16:01,614 cache_service 7664 26896 Erreur mise en cache config tenant 31f96c39-bd7f-453e-a7f1-88495e70272b: Error 10061 connecting to 127.0.0.1:6379. Aucune connexion n’a pu être établie car l’ordinateur cible l’a expressément refusée.
INFO 2025-07-25 12:16:01,615 tenant_client 7664 26896 Configuration tenant 31f96c39-bd7f-453e-a7f1-88495e70272b mise en cache
ERROR 2025-07-25 12:16:03,012 cache_service 7664 33680 Erreur récupération cache pour clé document_appearance:31f96c39-bd7f-453e-a7f1-88495e70272b: Error 10061 connecting to 127.0.0.1:6379. Aucune connexion n’a pu être établie car l’ordinateur cible l’a expressément refusée.
INFO 2025-07-25 12:16:03,012 document_appearance_service 7664 33680 Récupération des paramètres d'apparence depuis tenant-service pour tenant 31f96c39-bd7f-453e-a7f1-88495e70272b
ERROR 2025-07-25 12:16:03,430 cache_service 7664 26112 Erreur récupération cache pour clé document_appearance:31f96c39-bd7f-453e-a7f1-88495e70272b: Error 10061 connecting to 127.0.0.1:6379. Aucune connexion n’a pu être établie car l’ordinateur cible l’a expressément refusée.
ERROR 2025-07-25 12:16:03,430 cache_service 7664 18000 Erreur récupération cache pour clé document_appearance:31f96c39-bd7f-453e-a7f1-88495e70272b: Error 10061 connecting to 127.0.0.1:6379. Aucune connexion n’a pu être établie car l’ordinateur cible l’a expressément refusée.
ERROR 2025-07-25 12:16:03,430 cache_service 7664 22908 Erreur récupération cache pour clé document_appearance:31f96c39-bd7f-453e-a7f1-88495e70272b: Error 10061 connecting to 127.0.0.1:6379. Aucune connexion n’a pu être établie car l’ordinateur cible l’a expressément refusée.
INFO 2025-07-25 12:16:03,431 document_appearance_service 7664 26112 Récupération des paramètres d'apparence depuis tenant-service pour tenant 31f96c39-bd7f-453e-a7f1-88495e70272b
INFO 2025-07-25 12:16:03,431 document_appearance_service 7664 18000 Récupération des paramètres d'apparence depuis tenant-service pour tenant 31f96c39-bd7f-453e-a7f1-88495e70272b
INFO 2025-07-25 12:16:03,431 document_appearance_service 7664 22908 Récupération des paramètres d'apparence depuis tenant-service pour tenant 31f96c39-bd7f-453e-a7f1-88495e70272b
ERROR 2025-07-25 12:16:03,524 cache_service 7664 2500 Erreur récupération cache pour clé document_appearance:31f96c39-bd7f-453e-a7f1-88495e70272b: Error 10061 connecting to 127.0.0.1:6379. Aucune connexion n’a pu être établie car l’ordinateur cible l’a expressément refusée.
INFO 2025-07-25 12:16:03,524 document_appearance_service 7664 2500 Récupération des paramètres d'apparence depuis tenant-service pour tenant 31f96c39-bd7f-453e-a7f1-88495e70272b
ERROR 2025-07-25 12:16:03,664 cache_service 7664 26896 Erreur récupération cache pour clé document_appearance:31f96c39-bd7f-453e-a7f1-88495e70272b: Error 10061 connecting to 127.0.0.1:6379. Aucune connexion n’a pu être établie car l’ordinateur cible l’a expressément refusée.
INFO 2025-07-25 12:16:03,664 document_appearance_service 7664 26896 Récupération des paramètres d'apparence depuis tenant-service pour tenant 31f96c39-bd7f-453e-a7f1-88495e70272b
INFO 2025-07-25 12:16:05,125 document_appearance_service 7664 33680 Paramètres d'apparence récupérés depuis tenant-service pour tenant 31f96c39-bd7f-453e-a7f1-88495e70272b
INFO 2025-07-25 12:16:05,526 document_appearance_service 7664 18000 Paramètres d'apparence récupérés depuis tenant-service pour tenant 31f96c39-bd7f-453e-a7f1-88495e70272b
INFO 2025-07-25 12:16:05,526 document_appearance_service 7664 26112 Paramètres d'apparence récupérés depuis tenant-service pour tenant 31f96c39-bd7f-453e-a7f1-88495e70272b
INFO 2025-07-25 12:16:05,539 document_appearance_service 7664 22908 Paramètres d'apparence récupérés depuis tenant-service pour tenant 31f96c39-bd7f-453e-a7f1-88495e70272b
INFO 2025-07-25 12:16:05,644 document_appearance_service 7664 2500 Paramètres d'apparence récupérés depuis tenant-service pour tenant 31f96c39-bd7f-453e-a7f1-88495e70272b
INFO 2025-07-25 12:16:05,742 document_appearance_service 7664 26896 Paramètres d'apparence récupérés depuis tenant-service pour tenant 31f96c39-bd7f-453e-a7f1-88495e70272b
ERROR 2025-07-25 12:16:07,169 cache_service 7664 33680 Erreur mise en cache pour clé document_appearance:31f96c39-bd7f-453e-a7f1-88495e70272b: Error 10061 connecting to 127.0.0.1:6379. Aucune connexion n’a pu être établie car l’ordinateur cible l’a expressément refusée.
INFO 2025-07-25 12:16:07,170 document_appearance_service 7664 33680 Paramètres d'apparence récupérés et mis en cache pour tenant 31f96c39-bd7f-453e-a7f1-88495e70272b
DEBUG 2025-07-25 12:16:07,170 tenant_config_middleware 7664 33680 Paramètres d'apparence injectés pour tenant 31f96c39-bd7f-453e-a7f1-88495e70272b
DEBUG 2025-07-25 12:16:07,170 tenant_config_middleware 7664 33680 Configuration tenant 31f96c39-bd7f-453e-a7f1-88495e70272b injectée pour /api/quotes/
ERROR 2025-07-25 12:16:07,571 cache_service 7664 26112 Erreur mise en cache pour clé document_appearance:31f96c39-bd7f-453e-a7f1-88495e70272b: Error 10061 connecting to 127.0.0.1:6379. Aucune connexion n’a pu être établie car l’ordinateur cible l’a expressément refusée.
ERROR 2025-07-25 12:16:07,572 cache_service 7664 18000 Erreur mise en cache pour clé document_appearance:31f96c39-bd7f-453e-a7f1-88495e70272b: Error 10061 connecting to 127.0.0.1:6379. Aucune connexion n’a pu être établie car l’ordinateur cible l’a expressément refusée.
INFO 2025-07-25 12:16:07,572 document_appearance_service 7664 26112 Paramètres d'apparence récupérés et mis en cache pour tenant 31f96c39-bd7f-453e-a7f1-88495e70272b
INFO 2025-07-25 12:16:07,572 document_appearance_service 7664 18000 Paramètres d'apparence récupérés et mis en cache pour tenant 31f96c39-bd7f-453e-a7f1-88495e70272b
DEBUG 2025-07-25 12:16:07,572 tenant_config_middleware 7664 26112 Paramètres d'apparence injectés pour tenant 31f96c39-bd7f-453e-a7f1-88495e70272b
DEBUG 2025-07-25 12:16:07,573 tenant_config_middleware 7664 18000 Paramètres d'apparence injectés pour tenant 31f96c39-bd7f-453e-a7f1-88495e70272b
DEBUG 2025-07-25 12:16:07,573 tenant_config_middleware 7664 26112 Configuration tenant 31f96c39-bd7f-453e-a7f1-88495e70272b injectée pour /api/invoices/stats/
DEBUG 2025-07-25 12:16:07,573 tenant_config_middleware 7664 18000 Configuration tenant 31f96c39-bd7f-453e-a7f1-88495e70272b injectée pour /api/quotes/
ERROR 2025-07-25 12:16:07,575 tenant_config_middleware 7664 26112 Erreur pour tenant 31f96c39-bd7f-453e-a7f1-88495e70272b sur /api/invoices/stats/: Invoice has no field named 'tier_id'
ERROR 2025-07-25 12:16:07,587 cache_service 7664 22908 Erreur mise en cache pour clé document_appearance:31f96c39-bd7f-453e-a7f1-88495e70272b: Error 10061 connecting to 127.0.0.1:6379. Aucune connexion n’a pu être établie car l’ordinateur cible l’a expressément refusée.
INFO 2025-07-25 12:16:07,588 document_appearance_service 7664 22908 Paramètres d'apparence récupérés et mis en cache pour tenant 31f96c39-bd7f-453e-a7f1-88495e70272b
DEBUG 2025-07-25 12:16:07,588 tenant_config_middleware 7664 22908 Paramètres d'apparence injectés pour tenant 31f96c39-bd7f-453e-a7f1-88495e70272b
DEBUG 2025-07-25 12:16:07,589 tenant_config_middleware 7664 22908 Configuration tenant 31f96c39-bd7f-453e-a7f1-88495e70272b injectée pour /api/invoices/
ERROR 2025-07-25 12:16:07,680 cache_service 7664 2500 Erreur mise en cache pour clé document_appearance:31f96c39-bd7f-453e-a7f1-88495e70272b: Error 10061 connecting to 127.0.0.1:6379. Aucune connexion n’a pu être établie car l’ordinateur cible l’a expressément refusée.
INFO 2025-07-25 12:16:07,680 document_appearance_service 7664 2500 Paramètres d'apparence récupérés et mis en cache pour tenant 31f96c39-bd7f-453e-a7f1-88495e70272b
DEBUG 2025-07-25 12:16:07,680 tenant_config_middleware 7664 2500 Paramètres d'apparence injectés pour tenant 31f96c39-bd7f-453e-a7f1-88495e70272b
DEBUG 2025-07-25 12:16:07,681 tenant_config_middleware 7664 2500 Configuration tenant 31f96c39-bd7f-453e-a7f1-88495e70272b injectée pour /api/invoices/
ERROR 2025-07-25 12:16:07,787 cache_service 7664 26896 Erreur mise en cache pour clé document_appearance:31f96c39-bd7f-453e-a7f1-88495e70272b: Error 10061 connecting to 127.0.0.1:6379. Aucune connexion n’a pu être établie car l’ordinateur cible l’a expressément refusée.
INFO 2025-07-25 12:16:07,787 document_appearance_service 7664 26896 Paramètres d'apparence récupérés et mis en cache pour tenant 31f96c39-bd7f-453e-a7f1-88495e70272b
DEBUG 2025-07-25 12:16:07,787 tenant_config_middleware 7664 26896 Paramètres d'apparence injectés pour tenant 31f96c39-bd7f-453e-a7f1-88495e70272b
DEBUG 2025-07-25 12:16:07,788 tenant_config_middleware 7664 26896 Configuration tenant 31f96c39-bd7f-453e-a7f1-88495e70272b injectée pour /api/invoices/stats/
ERROR 2025-07-25 12:16:07,790 tenant_config_middleware 7664 26896 Erreur pour tenant 31f96c39-bd7f-453e-a7f1-88495e70272b sur /api/invoices/stats/: Invoice has no field named 'tier_id'
DEBUG 2025-07-25 15:15:36,620 camel_case_middleware 7664 31252 Paramètres GET avant conversion: {'page': '1', 'page_size': '10'}
DEBUG 2025-07-25 15:15:36,621 camel_case_middleware 7664 31252 Paramètres GET après conversion: {'page': '1', 'page_size': '10'}
DEBUG 2025-07-25 15:15:36,623 camel_case_middleware 7664 35132 Paramètres GET avant conversion: {'page': '1', 'page_size': '10'}
DEBUG 2025-07-25 15:15:36,630 camel_case_middleware 7664 35132 Paramètres GET après conversion: {'page': '1', 'page_size': '10'}
ERROR 2025-07-25 15:15:38,721 cache_service 7664 31252 Erreur récupération cache config tenant 31f96c39-bd7f-453e-a7f1-88495e70272b: Error 10061 connecting to 127.0.0.1:6379. Aucune connexion n’a pu être établie car l’ordinateur cible l’a expressément refusée.
INFO 2025-07-25 15:15:38,722 tenant_client 7664 31252 Cache miss pour tenant 31f96c39-bd7f-453e-a7f1-88495e70272b, récupération depuis l'API
ERROR 2025-07-25 15:15:38,828 cache_service 7664 35132 Erreur récupération cache config tenant 31f96c39-bd7f-453e-a7f1-88495e70272b: Error 10061 connecting to 127.0.0.1:6379. Aucune connexion n’a pu être établie car l’ordinateur cible l’a expressément refusée.
INFO 2025-07-25 15:15:38,829 tenant_client 7664 35132 Cache miss pour tenant 31f96c39-bd7f-453e-a7f1-88495e70272b, récupération depuis l'API
INFO 2025-07-25 15:15:40,935 tenant_client 7664 31252 Configuration tenant 31f96c39-bd7f-453e-a7f1-88495e70272b récupérée avec succès
INFO 2025-07-25 15:15:40,979 tenant_client 7664 35132 Configuration tenant 31f96c39-bd7f-453e-a7f1-88495e70272b récupérée avec succès
ERROR 2025-07-25 15:15:42,969 cache_service 7664 31252 Erreur mise en cache config tenant 31f96c39-bd7f-453e-a7f1-88495e70272b: Error 10061 connecting to 127.0.0.1:6379. Aucune connexion n’a pu être établie car l’ordinateur cible l’a expressément refusée.
INFO 2025-07-25 15:15:42,970 tenant_client 7664 31252 Configuration tenant 31f96c39-bd7f-453e-a7f1-88495e70272b mise en cache
ERROR 2025-07-25 15:15:43,015 cache_service 7664 35132 Erreur mise en cache config tenant 31f96c39-bd7f-453e-a7f1-88495e70272b: Error 10061 connecting to 127.0.0.1:6379. Aucune connexion n’a pu être établie car l’ordinateur cible l’a expressément refusée.
INFO 2025-07-25 15:15:43,016 tenant_client 7664 35132 Configuration tenant 31f96c39-bd7f-453e-a7f1-88495e70272b mise en cache
ERROR 2025-07-25 15:15:45,002 cache_service 7664 31252 Erreur récupération cache pour clé document_appearance:31f96c39-bd7f-453e-a7f1-88495e70272b: Error 10061 connecting to 127.0.0.1:6379. Aucune connexion n’a pu être établie car l’ordinateur cible l’a expressément refusée.
INFO 2025-07-25 15:15:45,002 document_appearance_service 7664 31252 Récupération des paramètres d'apparence depuis tenant-service pour tenant 31f96c39-bd7f-453e-a7f1-88495e70272b
ERROR 2025-07-25 15:15:45,048 cache_service 7664 35132 Erreur récupération cache pour clé document_appearance:31f96c39-bd7f-453e-a7f1-88495e70272b: Error 10061 connecting to 127.0.0.1:6379. Aucune connexion n’a pu être établie car l’ordinateur cible l’a expressément refusée.
INFO 2025-07-25 15:15:45,049 document_appearance_service 7664 35132 Récupération des paramètres d'apparence depuis tenant-service pour tenant 31f96c39-bd7f-453e-a7f1-88495e70272b
INFO 2025-07-25 15:15:47,088 document_appearance_service 7664 31252 Paramètres d'apparence récupérés depuis tenant-service pour tenant 31f96c39-bd7f-453e-a7f1-88495e70272b
INFO 2025-07-25 15:15:47,154 document_appearance_service 7664 35132 Paramètres d'apparence récupérés depuis tenant-service pour tenant 31f96c39-bd7f-453e-a7f1-88495e70272b
ERROR 2025-07-25 15:15:49,119 cache_service 7664 31252 Erreur mise en cache pour clé document_appearance:31f96c39-bd7f-453e-a7f1-88495e70272b: Error 10061 connecting to 127.0.0.1:6379. Aucune connexion n’a pu être établie car l’ordinateur cible l’a expressément refusée.
INFO 2025-07-25 15:15:49,120 document_appearance_service 7664 31252 Paramètres d'apparence récupérés et mis en cache pour tenant 31f96c39-bd7f-453e-a7f1-88495e70272b
DEBUG 2025-07-25 15:15:49,120 tenant_config_middleware 7664 31252 Paramètres d'apparence injectés pour tenant 31f96c39-bd7f-453e-a7f1-88495e70272b
DEBUG 2025-07-25 15:15:49,120 tenant_config_middleware 7664 31252 Configuration tenant 31f96c39-bd7f-453e-a7f1-88495e70272b injectée pour /api/quotes/
ERROR 2025-07-25 15:15:49,195 cache_service 7664 35132 Erreur mise en cache pour clé document_appearance:31f96c39-bd7f-453e-a7f1-88495e70272b: Error 10061 connecting to 127.0.0.1:6379. Aucune connexion n’a pu être établie car l’ordinateur cible l’a expressément refusée.
INFO 2025-07-25 15:15:49,195 document_appearance_service 7664 35132 Paramètres d'apparence récupérés et mis en cache pour tenant 31f96c39-bd7f-453e-a7f1-88495e70272b
DEBUG 2025-07-25 15:15:49,196 tenant_config_middleware 7664 35132 Paramètres d'apparence injectés pour tenant 31f96c39-bd7f-453e-a7f1-88495e70272b
DEBUG 2025-07-25 15:15:49,196 tenant_config_middleware 7664 35132 Configuration tenant 31f96c39-bd7f-453e-a7f1-88495e70272b injectée pour /api/quotes/
ERROR 2025-07-25 15:16:45,039 cache_service 7664 25352 Erreur récupération cache config tenant 31f96c39-bd7f-453e-a7f1-88495e70272b: Error 10061 connecting to 127.0.0.1:6379. Aucune connexion n’a pu être établie car l’ordinateur cible l’a expressément refusée.
ERROR 2025-07-25 15:16:45,039 cache_service 7664 35440 Erreur récupération cache config tenant 31f96c39-bd7f-453e-a7f1-88495e70272b: Error 10061 connecting to 127.0.0.1:6379. Aucune connexion n’a pu être établie car l’ordinateur cible l’a expressément refusée.
INFO 2025-07-25 15:16:45,039 tenant_client 7664 25352 Cache miss pour tenant 31f96c39-bd7f-453e-a7f1-88495e70272b, récupération depuis l'API
INFO 2025-07-25 15:16:45,039 tenant_client 7664 35440 Cache miss pour tenant 31f96c39-bd7f-453e-a7f1-88495e70272b, récupération depuis l'API
INFO 2025-07-25 15:16:47,142 tenant_client 7664 35440 Configuration tenant 31f96c39-bd7f-453e-a7f1-88495e70272b récupérée avec succès
INFO 2025-07-25 15:16:47,143 tenant_client 7664 25352 Configuration tenant 31f96c39-bd7f-453e-a7f1-88495e70272b récupérée avec succès
ERROR 2025-07-25 15:16:49,186 cache_service 7664 25352 Erreur mise en cache config tenant 31f96c39-bd7f-453e-a7f1-88495e70272b: Error 10061 connecting to 127.0.0.1:6379. Aucune connexion n’a pu être établie car l’ordinateur cible l’a expressément refusée.
ERROR 2025-07-25 15:16:49,186 cache_service 7664 35440 Erreur mise en cache config tenant 31f96c39-bd7f-453e-a7f1-88495e70272b: Error 10061 connecting to 127.0.0.1:6379. Aucune connexion n’a pu être établie car l’ordinateur cible l’a expressément refusée.
INFO 2025-07-25 15:16:49,186 tenant_client 7664 25352 Configuration tenant 31f96c39-bd7f-453e-a7f1-88495e70272b mise en cache
INFO 2025-07-25 15:16:49,186 tenant_client 7664 35440 Configuration tenant 31f96c39-bd7f-453e-a7f1-88495e70272b mise en cache
ERROR 2025-07-25 15:16:51,226 cache_service 7664 35440 Erreur récupération cache pour clé document_appearance:31f96c39-bd7f-453e-a7f1-88495e70272b: Error 10061 connecting to 127.0.0.1:6379. Aucune connexion n’a pu être établie car l’ordinateur cible l’a expressément refusée.
ERROR 2025-07-25 15:16:51,226 cache_service 7664 25352 Erreur récupération cache pour clé document_appearance:31f96c39-bd7f-453e-a7f1-88495e70272b: Error 10061 connecting to 127.0.0.1:6379. Aucune connexion n’a pu être établie car l’ordinateur cible l’a expressément refusée.
INFO 2025-07-25 15:16:51,226 document_appearance_service 7664 35440 Récupération des paramètres d'apparence depuis tenant-service pour tenant 31f96c39-bd7f-453e-a7f1-88495e70272b
INFO 2025-07-25 15:16:51,226 document_appearance_service 7664 25352 Récupération des paramètres d'apparence depuis tenant-service pour tenant 31f96c39-bd7f-453e-a7f1-88495e70272b
INFO 2025-07-25 15:16:53,334 document_appearance_service 7664 25352 Paramètres d'apparence récupérés depuis tenant-service pour tenant 31f96c39-bd7f-453e-a7f1-88495e70272b
INFO 2025-07-25 15:16:53,355 document_appearance_service 7664 35440 Paramètres d'apparence récupérés depuis tenant-service pour tenant 31f96c39-bd7f-453e-a7f1-88495e70272b
ERROR 2025-07-25 15:16:55,361 cache_service 7664 25352 Erreur mise en cache pour clé document_appearance:31f96c39-bd7f-453e-a7f1-88495e70272b: Error 10061 connecting to 127.0.0.1:6379. Aucune connexion n’a pu être établie car l’ordinateur cible l’a expressément refusée.
INFO 2025-07-25 15:16:55,362 document_appearance_service 7664 25352 Paramètres d'apparence récupérés et mis en cache pour tenant 31f96c39-bd7f-453e-a7f1-88495e70272b
DEBUG 2025-07-25 15:16:55,362 tenant_config_middleware 7664 25352 Paramètres d'apparence injectés pour tenant 31f96c39-bd7f-453e-a7f1-88495e70272b
DEBUG 2025-07-25 15:16:55,362 tenant_config_middleware 7664 25352 Configuration tenant 31f96c39-bd7f-453e-a7f1-88495e70272b injectée pour /api/quotes/next-number/
ERROR 2025-07-25 15:16:55,408 cache_service 7664 35440 Erreur mise en cache pour clé document_appearance:31f96c39-bd7f-453e-a7f1-88495e70272b: Error 10061 connecting to 127.0.0.1:6379. Aucune connexion n’a pu être établie car l’ordinateur cible l’a expressément refusée.
INFO 2025-07-25 15:16:55,408 document_appearance_service 7664 35440 Paramètres d'apparence récupérés et mis en cache pour tenant 31f96c39-bd7f-453e-a7f1-88495e70272b
DEBUG 2025-07-25 15:16:55,409 tenant_config_middleware 7664 35440 Paramètres d'apparence injectés pour tenant 31f96c39-bd7f-453e-a7f1-88495e70272b
DEBUG 2025-07-25 15:16:55,409 tenant_config_middleware 7664 35440 Configuration tenant 31f96c39-bd7f-453e-a7f1-88495e70272b injectée pour /api/quotes/next-number/
ERROR 2025-07-25 15:18:32,294 cache_service 7664 30020 Erreur récupération cache config tenant 31f96c39-bd7f-453e-a7f1-88495e70272b: Error 10061 connecting to 127.0.0.1:6379. Aucune connexion n’a pu être établie car l’ordinateur cible l’a expressément refusée.
INFO 2025-07-25 15:18:32,295 tenant_client 7664 30020 Cache miss pour tenant 31f96c39-bd7f-453e-a7f1-88495e70272b, récupération depuis l'API
ERROR 2025-07-25 15:18:32,401 cache_service 7664 20492 Erreur récupération cache config tenant 31f96c39-bd7f-453e-a7f1-88495e70272b: Error 10061 connecting to 127.0.0.1:6379. Aucune connexion n’a pu être établie car l’ordinateur cible l’a expressément refusée.
INFO 2025-07-25 15:18:32,401 tenant_client 7664 20492 Cache miss pour tenant 31f96c39-bd7f-453e-a7f1-88495e70272b, récupération depuis l'API
INFO 2025-07-25 15:18:34,397 tenant_client 7664 30020 Configuration tenant 31f96c39-bd7f-453e-a7f1-88495e70272b récupérée avec succès
INFO 2025-07-25 15:18:34,514 tenant_client 7664 20492 Configuration tenant 31f96c39-bd7f-453e-a7f1-88495e70272b récupérée avec succès
ERROR 2025-07-25 15:18:36,449 cache_service 7664 30020 Erreur mise en cache config tenant 31f96c39-bd7f-453e-a7f1-88495e70272b: Error 10061 connecting to 127.0.0.1:6379. Aucune connexion n’a pu être établie car l’ordinateur cible l’a expressément refusée.
INFO 2025-07-25 15:18:36,450 tenant_client 7664 30020 Configuration tenant 31f96c39-bd7f-453e-a7f1-88495e70272b mise en cache
ERROR 2025-07-25 15:18:36,560 cache_service 7664 20492 Erreur mise en cache config tenant 31f96c39-bd7f-453e-a7f1-88495e70272b: Error 10061 connecting to 127.0.0.1:6379. Aucune connexion n’a pu être établie car l’ordinateur cible l’a expressément refusée.
INFO 2025-07-25 15:18:36,560 tenant_client 7664 20492 Configuration tenant 31f96c39-bd7f-453e-a7f1-88495e70272b mise en cache
ERROR 2025-07-25 15:18:38,486 cache_service 7664 30020 Erreur récupération cache pour clé document_appearance:31f96c39-bd7f-453e-a7f1-88495e70272b: Error 10061 connecting to 127.0.0.1:6379. Aucune connexion n’a pu être établie car l’ordinateur cible l’a expressément refusée.
INFO 2025-07-25 15:18:38,487 document_appearance_service 7664 30020 Récupération des paramètres d'apparence depuis tenant-service pour tenant 31f96c39-bd7f-453e-a7f1-88495e70272b
ERROR 2025-07-25 15:18:38,594 cache_service 7664 20492 Erreur récupération cache pour clé document_appearance:31f96c39-bd7f-453e-a7f1-88495e70272b: Error 10061 connecting to 127.0.0.1:6379. Aucune connexion n’a pu être établie car l’ordinateur cible l’a expressément refusée.
INFO 2025-07-25 15:18:38,595 document_appearance_service 7664 20492 Récupération des paramètres d'apparence depuis tenant-service pour tenant 31f96c39-bd7f-453e-a7f1-88495e70272b
INFO 2025-07-25 15:18:40,604 document_appearance_service 7664 30020 Paramètres d'apparence récupérés depuis tenant-service pour tenant 31f96c39-bd7f-453e-a7f1-88495e70272b
INFO 2025-07-25 15:18:40,701 document_appearance_service 7664 20492 Paramètres d'apparence récupérés depuis tenant-service pour tenant 31f96c39-bd7f-453e-a7f1-88495e70272b
ERROR 2025-07-25 15:18:42,652 cache_service 7664 30020 Erreur mise en cache pour clé document_appearance:31f96c39-bd7f-453e-a7f1-88495e70272b: Error 10061 connecting to 127.0.0.1:6379. Aucune connexion n’a pu être établie car l’ordinateur cible l’a expressément refusée.
INFO 2025-07-25 15:18:42,653 document_appearance_service 7664 30020 Paramètres d'apparence récupérés et mis en cache pour tenant 31f96c39-bd7f-453e-a7f1-88495e70272b
DEBUG 2025-07-25 15:18:42,653 tenant_config_middleware 7664 30020 Paramètres d'apparence injectés pour tenant 31f96c39-bd7f-453e-a7f1-88495e70272b
DEBUG 2025-07-25 15:18:42,653 tenant_config_middleware 7664 30020 Configuration tenant 31f96c39-bd7f-453e-a7f1-88495e70272b injectée pour /api/quotes/next-number/
ERROR 2025-07-25 15:18:42,759 cache_service 7664 20492 Erreur mise en cache pour clé document_appearance:31f96c39-bd7f-453e-a7f1-88495e70272b: Error 10061 connecting to 127.0.0.1:6379. Aucune connexion n’a pu être établie car l’ordinateur cible l’a expressément refusée.
INFO 2025-07-25 15:18:42,759 document_appearance_service 7664 20492 Paramètres d'apparence récupérés et mis en cache pour tenant 31f96c39-bd7f-453e-a7f1-88495e70272b
DEBUG 2025-07-25 15:18:42,759 tenant_config_middleware 7664 20492 Paramètres d'apparence injectés pour tenant 31f96c39-bd7f-453e-a7f1-88495e70272b
DEBUG 2025-07-25 15:18:42,759 tenant_config_middleware 7664 20492 Configuration tenant 31f96c39-bd7f-453e-a7f1-88495e70272b injectée pour /api/quotes/next-number/
ERROR 2025-07-25 15:21:31,352 cache_service 33380 22924 Erreur récupération cache config tenant 123e4567-e89b-12d3-a456-426614174000: Error 10061 connecting to 127.0.0.1:6379. Aucune connexion n’a pu être établie car l’ordinateur cible l’a expressément refusée.
INFO 2025-07-25 15:21:31,353 tenant_client 33380 22924 Cache miss pour tenant 123e4567-e89b-12d3-a456-426614174000, récupération depuis l'API
ERROR 2025-07-25 15:21:33,434 tenant_client 33380 22924 Erreur récupération config tenant 123e4567-e89b-12d3-a456-426614174000: 404 Client Error: Not Found for url: http://localhost:8001/api/tenants/current_tenant_info/
ERROR 2025-07-25 15:21:35,471 cache_service 33380 22924 Erreur mise en cache config tenant 123e4567-e89b-12d3-a456-426614174000: Error 10061 connecting to 127.0.0.1:6379. Aucune connexion n’a pu être établie car l’ordinateur cible l’a expressément refusée.
INFO 2025-07-25 15:21:35,472 tenant_client 33380 22924 Configuration tenant 123e4567-e89b-12d3-a456-426614174000 mise en cache
ERROR 2025-07-25 15:21:37,512 cache_service 33380 22924 Erreur récupération cache pour clé document_appearance:123e4567-e89b-12d3-a456-426614174000: Error 10061 connecting to 127.0.0.1:6379. Aucune connexion n’a pu être établie car l’ordinateur cible l’a expressément refusée.
INFO 2025-07-25 15:21:37,513 document_appearance_service 33380 22924 Récupération des paramètres d'apparence depuis tenant-service pour tenant 123e4567-e89b-12d3-a456-426614174000
ERROR 2025-07-25 15:21:39,739 document_appearance_service 33380 22924 Erreur HTTP lors de la récupération des paramètres d'apparence: 404 Client Error: Not Found for url: http://localhost:8001/api/document_appearance/
ERROR 2025-07-25 15:21:39,739 document_appearance_service 33380 22924 Erreur lors de la récupération des paramètres d'apparence pour tenant 123e4567-e89b-12d3-a456-426614174000: Impossible de récupérer les paramètres d'apparence depuis tenant-service: 404 Client Error: Not Found for url: http://localhost:8001/api/document_appearance/
INFO 2025-07-25 15:21:39,739 document_appearance_service 33380 22924 Utilisation des paramètres d'apparence par défaut (fallback)
DEBUG 2025-07-25 15:21:39,740 tenant_config_middleware 33380 22924 Paramètres d'apparence injectés pour tenant 123e4567-e89b-12d3-a456-426614174000
DEBUG 2025-07-25 15:21:39,740 tenant_config_middleware 33380 22924 Configuration tenant 123e4567-e89b-12d3-a456-426614174000 injectée pour /api/quotes/next-number/
ERROR 2025-07-25 15:21:50,435 cache_service 33380 17548 Erreur récupération cache config tenant 123e4567-e89b-12d3-a456-426614174000: Error 10061 connecting to 127.0.0.1:6379. Aucune connexion n’a pu être établie car l’ordinateur cible l’a expressément refusée.
INFO 2025-07-25 15:21:50,436 tenant_client 33380 17548 Cache miss pour tenant 123e4567-e89b-12d3-a456-426614174000, récupération depuis l'API
ERROR 2025-07-25 15:21:52,519 tenant_client 33380 17548 Erreur récupération config tenant 123e4567-e89b-12d3-a456-426614174000: 404 Client Error: Not Found for url: http://localhost:8001/api/tenants/current_tenant_info/
ERROR 2025-07-25 15:21:54,561 cache_service 33380 17548 Erreur mise en cache config tenant 123e4567-e89b-12d3-a456-426614174000: Error 10061 connecting to 127.0.0.1:6379. Aucune connexion n’a pu être établie car l’ordinateur cible l’a expressément refusée.
INFO 2025-07-25 15:21:54,561 tenant_client 33380 17548 Configuration tenant 123e4567-e89b-12d3-a456-426614174000 mise en cache
ERROR 2025-07-25 15:21:56,600 cache_service 33380 17548 Erreur récupération cache pour clé document_appearance:123e4567-e89b-12d3-a456-426614174000: Error 10061 connecting to 127.0.0.1:6379. Aucune connexion n’a pu être établie car l’ordinateur cible l’a expressément refusée.
INFO 2025-07-25 15:21:56,601 document_appearance_service 33380 17548 Récupération des paramètres d'apparence depuis tenant-service pour tenant 123e4567-e89b-12d3-a456-426614174000
ERROR 2025-07-25 15:21:58,710 document_appearance_service 33380 17548 Erreur HTTP lors de la récupération des paramètres d'apparence: 404 Client Error: Not Found for url: http://localhost:8001/api/document_appearance/
ERROR 2025-07-25 15:21:58,710 document_appearance_service 33380 17548 Erreur lors de la récupération des paramètres d'apparence pour tenant 123e4567-e89b-12d3-a456-426614174000: Impossible de récupérer les paramètres d'apparence depuis tenant-service: 404 Client Error: Not Found for url: http://localhost:8001/api/document_appearance/
INFO 2025-07-25 15:21:58,710 document_appearance_service 33380 17548 Utilisation des paramètres d'apparence par défaut (fallback)
DEBUG 2025-07-25 15:21:58,710 tenant_config_middleware 33380 17548 Paramètres d'apparence injectés pour tenant 123e4567-e89b-12d3-a456-426614174000
DEBUG 2025-07-25 15:21:58,710 tenant_config_middleware 33380 17548 Configuration tenant 123e4567-e89b-12d3-a456-426614174000 injectée pour /api/quotes/next_number/
ERROR 2025-07-25 15:22:00,749 cache_service 33380 17548 Erreur récupération cache numérotation quote tenant 123e4567-e89b-12d3-a456-426614174000: Error 10061 connecting to 127.0.0.1:6379. Aucune connexion n’a pu être établie car l’ordinateur cible l’a expressément refusée.
INFO 2025-07-25 15:22:00,750 tenant_client 33380 17548 Cache miss pour numérotation quote tenant 123e4567-e89b-12d3-a456-426614174000
ERROR 2025-07-25 15:22:02,848 tenant_client 33380 17548 Erreur récupération numérotation quote pour tenant 123e4567-e89b-12d3-a456-426614174000: 404 Client Error: Not Found for url: http://localhost:8001/api/tenants/document_numbering/quote/
ERROR 2025-07-25 15:22:06,925 cache_service 33380 17548 Erreur mise en cache numérotation quote tenant 123e4567-e89b-12d3-a456-426614174000: Error 10061 connecting to 127.0.0.1:6379. Aucune connexion n’a pu être établie car l’ordinateur cible l’a expressément refusée.
INFO 2025-07-25 15:22:06,926 tenant_client 33380 17548 Config numérotation quote tenant 123e4567-e89b-12d3-a456-426614174000 mise en cache
ERROR 2025-07-25 15:22:56,288 cache_service 33380 24128 Erreur récupération cache config tenant 123e4567-e89b-12d3-a456-426614174000: Error 10061 connecting to 127.0.0.1:6379. Aucune connexion n’a pu être établie car l’ordinateur cible l’a expressément refusée.
INFO 2025-07-25 15:22:56,288 tenant_client 33380 24128 Cache miss pour tenant 123e4567-e89b-12d3-a456-426614174000, récupération depuis l'API
ERROR 2025-07-25 15:22:58,367 tenant_client 33380 24128 Erreur récupération config tenant 123e4567-e89b-12d3-a456-426614174000: 404 Client Error: Not Found for url: http://localhost:8001/api/tenants/current_tenant_info/
ERROR 2025-07-25 15:23:00,414 cache_service 33380 24128 Erreur mise en cache config tenant 123e4567-e89b-12d3-a456-426614174000: Error 10061 connecting to 127.0.0.1:6379. Aucune connexion n’a pu être établie car l’ordinateur cible l’a expressément refusée.
INFO 2025-07-25 15:23:00,414 tenant_client 33380 24128 Configuration tenant 123e4567-e89b-12d3-a456-426614174000 mise en cache
ERROR 2025-07-25 15:23:02,449 cache_service 33380 24128 Erreur récupération cache pour clé document_appearance:123e4567-e89b-12d3-a456-426614174000: Error 10061 connecting to 127.0.0.1:6379. Aucune connexion n’a pu être établie car l’ordinateur cible l’a expressément refusée.
INFO 2025-07-25 15:23:02,450 document_appearance_service 33380 24128 Récupération des paramètres d'apparence depuis tenant-service pour tenant 123e4567-e89b-12d3-a456-426614174000
ERROR 2025-07-25 15:23:04,574 document_appearance_service 33380 24128 Erreur HTTP lors de la récupération des paramètres d'apparence: 404 Client Error: Not Found for url: http://localhost:8001/api/document_appearance/
ERROR 2025-07-25 15:23:04,574 document_appearance_service 33380 24128 Erreur lors de la récupération des paramètres d'apparence pour tenant 123e4567-e89b-12d3-a456-426614174000: Impossible de récupérer les paramètres d'apparence depuis tenant-service: 404 Client Error: Not Found for url: http://localhost:8001/api/document_appearance/
INFO 2025-07-25 15:23:04,574 document_appearance_service 33380 24128 Utilisation des paramètres d'apparence par défaut (fallback)
DEBUG 2025-07-25 15:23:04,575 tenant_config_middleware 33380 24128 Paramètres d'apparence injectés pour tenant 123e4567-e89b-12d3-a456-426614174000
DEBUG 2025-07-25 15:23:04,575 tenant_config_middleware 33380 24128 Configuration tenant 123e4567-e89b-12d3-a456-426614174000 injectée pour /api/quotes/next_number/
ERROR 2025-07-25 15:23:06,615 cache_service 33380 24128 Erreur récupération cache numérotation quote tenant 123e4567-e89b-12d3-a456-426614174000: Error 10061 connecting to 127.0.0.1:6379. Aucune connexion n’a pu être établie car l’ordinateur cible l’a expressément refusée.
INFO 2025-07-25 15:23:06,615 tenant_client 33380 24128 Cache miss pour numérotation quote tenant 123e4567-e89b-12d3-a456-426614174000
ERROR 2025-07-25 15:23:08,693 tenant_client 33380 24128 Erreur récupération numérotation quote pour tenant 123e4567-e89b-12d3-a456-426614174000: 404 Client Error: Not Found for url: http://localhost:8001/api/tenants/document_numbering/quote/
ERROR 2025-07-25 15:23:12,773 cache_service 33380 24128 Erreur mise en cache numérotation quote tenant 123e4567-e89b-12d3-a456-426614174000: Error 10061 connecting to 127.0.0.1:6379. Aucune connexion n’a pu être établie car l’ordinateur cible l’a expressément refusée.
INFO 2025-07-25 15:23:12,774 tenant_client 33380 24128 Config numérotation quote tenant 123e4567-e89b-12d3-a456-426614174000 mise en cache
ERROR 2025-07-25 15:25:02,458 cache_service 33380 35704 Erreur récupération cache config tenant 31f96c39-bd7f-453e-a7f1-88495e70272b: Error 10061 connecting to 127.0.0.1:6379. Aucune connexion n’a pu être établie car l’ordinateur cible l’a expressément refusée.
ERROR 2025-07-25 15:25:02,458 cache_service 33380 35888 Erreur récupération cache config tenant 31f96c39-bd7f-453e-a7f1-88495e70272b: Error 10061 connecting to 127.0.0.1:6379. Aucune connexion n’a pu être établie car l’ordinateur cible l’a expressément refusée.
INFO 2025-07-25 15:25:02,458 tenant_client 33380 35704 Cache miss pour tenant 31f96c39-bd7f-453e-a7f1-88495e70272b, récupération depuis l'API
INFO 2025-07-25 15:25:02,458 tenant_client 33380 35888 Cache miss pour tenant 31f96c39-bd7f-453e-a7f1-88495e70272b, récupération depuis l'API
INFO 2025-07-25 15:25:04,551 tenant_client 33380 35704 Configuration tenant 31f96c39-bd7f-453e-a7f1-88495e70272b récupérée avec succès
INFO 2025-07-25 15:25:04,572 tenant_client 33380 35888 Configuration tenant 31f96c39-bd7f-453e-a7f1-88495e70272b récupérée avec succès
ERROR 2025-07-25 15:25:06,592 cache_service 33380 35704 Erreur mise en cache config tenant 31f96c39-bd7f-453e-a7f1-88495e70272b: Error 10061 connecting to 127.0.0.1:6379. Aucune connexion n’a pu être établie car l’ordinateur cible l’a expressément refusée.
INFO 2025-07-25 15:25:06,592 tenant_client 33380 35704 Configuration tenant 31f96c39-bd7f-453e-a7f1-88495e70272b mise en cache
ERROR 2025-07-25 15:25:06,607 cache_service 33380 35888 Erreur mise en cache config tenant 31f96c39-bd7f-453e-a7f1-88495e70272b: Error 10061 connecting to 127.0.0.1:6379. Aucune connexion n’a pu être établie car l’ordinateur cible l’a expressément refusée.
INFO 2025-07-25 15:25:06,607 tenant_client 33380 35888 Configuration tenant 31f96c39-bd7f-453e-a7f1-88495e70272b mise en cache
ERROR 2025-07-25 15:25:08,623 cache_service 33380 35704 Erreur récupération cache pour clé document_appearance:31f96c39-bd7f-453e-a7f1-88495e70272b: Error 10061 connecting to 127.0.0.1:6379. Aucune connexion n’a pu être établie car l’ordinateur cible l’a expressément refusée.
INFO 2025-07-25 15:25:08,623 document_appearance_service 33380 35704 Récupération des paramètres d'apparence depuis tenant-service pour tenant 31f96c39-bd7f-453e-a7f1-88495e70272b
ERROR 2025-07-25 15:25:08,638 cache_service 33380 35888 Erreur récupération cache pour clé document_appearance:31f96c39-bd7f-453e-a7f1-88495e70272b: Error 10061 connecting to 127.0.0.1:6379. Aucune connexion n’a pu être établie car l’ordinateur cible l’a expressément refusée.
INFO 2025-07-25 15:25:08,639 document_appearance_service 33380 35888 Récupération des paramètres d'apparence depuis tenant-service pour tenant 31f96c39-bd7f-453e-a7f1-88495e70272b
INFO 2025-07-25 15:25:10,739 document_appearance_service 33380 35888 Paramètres d'apparence récupérés depuis tenant-service pour tenant 31f96c39-bd7f-453e-a7f1-88495e70272b
INFO 2025-07-25 15:25:10,753 document_appearance_service 33380 35704 Paramètres d'apparence récupérés depuis tenant-service pour tenant 31f96c39-bd7f-453e-a7f1-88495e70272b
ERROR 2025-07-25 15:25:12,785 cache_service 33380 35888 Erreur mise en cache pour clé document_appearance:31f96c39-bd7f-453e-a7f1-88495e70272b: Error 10061 connecting to 127.0.0.1:6379. Aucune connexion n’a pu être établie car l’ordinateur cible l’a expressément refusée.
INFO 2025-07-25 15:25:12,785 document_appearance_service 33380 35888 Paramètres d'apparence récupérés et mis en cache pour tenant 31f96c39-bd7f-453e-a7f1-88495e70272b
DEBUG 2025-07-25 15:25:12,786 tenant_config_middleware 33380 35888 Paramètres d'apparence injectés pour tenant 31f96c39-bd7f-453e-a7f1-88495e70272b
DEBUG 2025-07-25 15:25:12,786 tenant_config_middleware 33380 35888 Configuration tenant 31f96c39-bd7f-453e-a7f1-88495e70272b injectée pour /api/quotes/next_number/
ERROR 2025-07-25 15:25:12,800 cache_service 33380 35704 Erreur mise en cache pour clé document_appearance:31f96c39-bd7f-453e-a7f1-88495e70272b: Error 10061 connecting to 127.0.0.1:6379. Aucune connexion n’a pu être établie car l’ordinateur cible l’a expressément refusée.
INFO 2025-07-25 15:25:12,801 document_appearance_service 33380 35704 Paramètres d'apparence récupérés et mis en cache pour tenant 31f96c39-bd7f-453e-a7f1-88495e70272b
DEBUG 2025-07-25 15:25:12,801 tenant_config_middleware 33380 35704 Paramètres d'apparence injectés pour tenant 31f96c39-bd7f-453e-a7f1-88495e70272b
DEBUG 2025-07-25 15:25:12,801 tenant_config_middleware 33380 35704 Configuration tenant 31f96c39-bd7f-453e-a7f1-88495e70272b injectée pour /api/quotes/next_number/
ERROR 2025-07-25 15:25:14,819 cache_service 33380 35888 Erreur récupération cache numérotation quote tenant 31f96c39-bd7f-453e-a7f1-88495e70272b: Error 10061 connecting to 127.0.0.1:6379. Aucune connexion n’a pu être établie car l’ordinateur cible l’a expressément refusée.
INFO 2025-07-25 15:25:14,819 tenant_client 33380 35888 Cache miss pour numérotation quote tenant 31f96c39-bd7f-453e-a7f1-88495e70272b
ERROR 2025-07-25 15:25:14,834 cache_service 33380 35704 Erreur récupération cache numérotation quote tenant 31f96c39-bd7f-453e-a7f1-88495e70272b: Error 10061 connecting to 127.0.0.1:6379. Aucune connexion n’a pu être établie car l’ordinateur cible l’a expressément refusée.
INFO 2025-07-25 15:25:14,835 tenant_client 33380 35704 Cache miss pour numérotation quote tenant 31f96c39-bd7f-453e-a7f1-88495e70272b
INFO 2025-07-25 15:25:16,966 tenant_client 33380 35888 Config numérotation quote pour tenant 31f96c39-bd7f-453e-a7f1-88495e70272b récupérée
ERROR 2025-07-25 15:25:16,972 tenant_client 33380 35704 Erreur récupération numérotation quote pour tenant 31f96c39-bd7f-453e-a7f1-88495e70272b: 500 Server Error: Internal Server Error for url: http://localhost:8001/api/tenants/document_numbering/quote/
ERROR 2025-07-25 15:25:18,995 cache_service 33380 35888 Erreur mise en cache numérotation quote tenant 31f96c39-bd7f-453e-a7f1-88495e70272b: Error 10061 connecting to 127.0.0.1:6379. Aucune connexion n’a pu être établie car l’ordinateur cible l’a expressément refusée.
INFO 2025-07-25 15:25:18,995 tenant_client 33380 35888 Config numérotation quote tenant 31f96c39-bd7f-453e-a7f1-88495e70272b mise en cache
ERROR 2025-07-25 15:25:21,077 cache_service 33380 35704 Erreur mise en cache numérotation quote tenant 31f96c39-bd7f-453e-a7f1-88495e70272b: Error 10061 connecting to 127.0.0.1:6379. Aucune connexion n’a pu être établie car l’ordinateur cible l’a expressément refusée.
INFO 2025-07-25 15:25:21,077 tenant_client 33380 35704 Config numérotation quote tenant 31f96c39-bd7f-453e-a7f1-88495e70272b mise en cache
ERROR 2025-07-25 15:26:19,532 cache_service 33380 35088 Erreur récupération cache config tenant 31f96c39-bd7f-453e-a7f1-88495e70272b: Error 10061 connecting to 127.0.0.1:6379. Aucune connexion n’a pu être établie car l’ordinateur cible l’a expressément refusée.
ERROR 2025-07-25 15:26:19,533 cache_service 33380 32140 Erreur récupération cache config tenant 31f96c39-bd7f-453e-a7f1-88495e70272b: Error 10061 connecting to 127.0.0.1:6379. Aucune connexion n’a pu être établie car l’ordinateur cible l’a expressément refusée.
INFO 2025-07-25 15:26:19,533 tenant_client 33380 35088 Cache miss pour tenant 31f96c39-bd7f-453e-a7f1-88495e70272b, récupération depuis l'API
INFO 2025-07-25 15:26:19,533 tenant_client 33380 32140 Cache miss pour tenant 31f96c39-bd7f-453e-a7f1-88495e70272b, récupération depuis l'API
INFO 2025-07-25 15:26:21,632 tenant_client 33380 35088 Configuration tenant 31f96c39-bd7f-453e-a7f1-88495e70272b récupérée avec succès
INFO 2025-07-25 15:26:21,745 tenant_client 33380 32140 Configuration tenant 31f96c39-bd7f-453e-a7f1-88495e70272b récupérée avec succès
ERROR 2025-07-25 15:26:23,667 cache_service 33380 35088 Erreur mise en cache config tenant 31f96c39-bd7f-453e-a7f1-88495e70272b: Error 10061 connecting to 127.0.0.1:6379. Aucune connexion n’a pu être établie car l’ordinateur cible l’a expressément refusée.
INFO 2025-07-25 15:26:23,668 tenant_client 33380 35088 Configuration tenant 31f96c39-bd7f-453e-a7f1-88495e70272b mise en cache
ERROR 2025-07-25 15:26:23,775 cache_service 33380 32140 Erreur mise en cache config tenant 31f96c39-bd7f-453e-a7f1-88495e70272b: Error 10061 connecting to 127.0.0.1:6379. Aucune connexion n’a pu être établie car l’ordinateur cible l’a expressément refusée.
INFO 2025-07-25 15:26:23,775 tenant_client 33380 32140 Configuration tenant 31f96c39-bd7f-453e-a7f1-88495e70272b mise en cache
ERROR 2025-07-25 15:26:25,705 cache_service 33380 35088 Erreur récupération cache pour clé document_appearance:31f96c39-bd7f-453e-a7f1-88495e70272b: Error 10061 connecting to 127.0.0.1:6379. Aucune connexion n’a pu être établie car l’ordinateur cible l’a expressément refusée.
INFO 2025-07-25 15:26:25,705 document_appearance_service 33380 35088 Récupération des paramètres d'apparence depuis tenant-service pour tenant 31f96c39-bd7f-453e-a7f1-88495e70272b
ERROR 2025-07-25 15:26:25,803 cache_service 33380 32140 Erreur récupération cache pour clé document_appearance:31f96c39-bd7f-453e-a7f1-88495e70272b: Error 10061 connecting to 127.0.0.1:6379. Aucune connexion n’a pu être établie car l’ordinateur cible l’a expressément refusée.
INFO 2025-07-25 15:26:25,803 document_appearance_service 33380 32140 Récupération des paramètres d'apparence depuis tenant-service pour tenant 31f96c39-bd7f-453e-a7f1-88495e70272b
INFO 2025-07-25 15:26:27,795 document_appearance_service 33380 35088 Paramètres d'apparence récupérés depuis tenant-service pour tenant 31f96c39-bd7f-453e-a7f1-88495e70272b
INFO 2025-07-25 15:26:27,902 document_appearance_service 33380 32140 Paramètres d'apparence récupérés depuis tenant-service pour tenant 31f96c39-bd7f-453e-a7f1-88495e70272b
ERROR 2025-07-25 15:26:29,834 cache_service 33380 35088 Erreur mise en cache pour clé document_appearance:31f96c39-bd7f-453e-a7f1-88495e70272b: Error 10061 connecting to 127.0.0.1:6379. Aucune connexion n’a pu être établie car l’ordinateur cible l’a expressément refusée.
INFO 2025-07-25 15:26:29,834 document_appearance_service 33380 35088 Paramètres d'apparence récupérés et mis en cache pour tenant 31f96c39-bd7f-453e-a7f1-88495e70272b
DEBUG 2025-07-25 15:26:29,835 tenant_config_middleware 33380 35088 Paramètres d'apparence injectés pour tenant 31f96c39-bd7f-453e-a7f1-88495e70272b
DEBUG 2025-07-25 15:26:29,835 tenant_config_middleware 33380 35088 Configuration tenant 31f96c39-bd7f-453e-a7f1-88495e70272b injectée pour /api/quotes/next_number/
ERROR 2025-07-25 15:26:29,944 cache_service 33380 32140 Erreur mise en cache pour clé document_appearance:31f96c39-bd7f-453e-a7f1-88495e70272b: Error 10061 connecting to 127.0.0.1:6379. Aucune connexion n’a pu être établie car l’ordinateur cible l’a expressément refusée.
INFO 2025-07-25 15:26:29,944 document_appearance_service 33380 32140 Paramètres d'apparence récupérés et mis en cache pour tenant 31f96c39-bd7f-453e-a7f1-88495e70272b
DEBUG 2025-07-25 15:26:29,944 tenant_config_middleware 33380 32140 Paramètres d'apparence injectés pour tenant 31f96c39-bd7f-453e-a7f1-88495e70272b
DEBUG 2025-07-25 15:26:29,945 tenant_config_middleware 33380 32140 Configuration tenant 31f96c39-bd7f-453e-a7f1-88495e70272b injectée pour /api/quotes/next_number/
ERROR 2025-07-25 15:26:31,868 cache_service 33380 35088 Erreur récupération cache numérotation quote tenant 31f96c39-bd7f-453e-a7f1-88495e70272b: Error 10061 connecting to 127.0.0.1:6379. Aucune connexion n’a pu être établie car l’ordinateur cible l’a expressément refusée.
INFO 2025-07-25 15:26:31,869 tenant_client 33380 35088 Cache miss pour numérotation quote tenant 31f96c39-bd7f-453e-a7f1-88495e70272b
ERROR 2025-07-25 15:26:31,992 cache_service 33380 32140 Erreur récupération cache numérotation quote tenant 31f96c39-bd7f-453e-a7f1-88495e70272b: Error 10061 connecting to 127.0.0.1:6379. Aucune connexion n’a pu être établie car l’ordinateur cible l’a expressément refusée.
INFO 2025-07-25 15:26:31,992 tenant_client 33380 32140 Cache miss pour numérotation quote tenant 31f96c39-bd7f-453e-a7f1-88495e70272b
INFO 2025-07-25 15:26:33,977 tenant_client 33380 35088 Config numérotation quote pour tenant 31f96c39-bd7f-453e-a7f1-88495e70272b récupérée
INFO 2025-07-25 15:26:34,203 tenant_client 33380 32140 Config numérotation quote pour tenant 31f96c39-bd7f-453e-a7f1-88495e70272b récupérée
ERROR 2025-07-25 15:26:36,010 cache_service 33380 35088 Erreur mise en cache numérotation quote tenant 31f96c39-bd7f-453e-a7f1-88495e70272b: Error 10061 connecting to 127.0.0.1:6379. Aucune connexion n’a pu être établie car l’ordinateur cible l’a expressément refusée.
INFO 2025-07-25 15:26:36,011 tenant_client 33380 35088 Config numérotation quote tenant 31f96c39-bd7f-453e-a7f1-88495e70272b mise en cache
ERROR 2025-07-25 15:26:36,243 cache_service 33380 32140 Erreur mise en cache numérotation quote tenant 31f96c39-bd7f-453e-a7f1-88495e70272b: Error 10061 connecting to 127.0.0.1:6379. Aucune connexion n’a pu être établie car l’ordinateur cible l’a expressément refusée.
INFO 2025-07-25 15:26:36,243 tenant_client 33380 32140 Config numérotation quote tenant 31f96c39-bd7f-453e-a7f1-88495e70272b mise en cache
DEBUG 2025-07-25 16:21:34,041 camel_case_middleware 33380 25352 Paramètres GET avant conversion: {'page': '1', 'page_size': '10'}
DEBUG 2025-07-25 16:21:34,044 camel_case_middleware 33380 25352 Paramètres GET après conversion: {'page': '1', 'page_size': '10'}
DEBUG 2025-07-25 16:21:34,289 camel_case_middleware 33380 37616 Paramètres GET avant conversion: {'page': '1', 'page_size': '10'}
DEBUG 2025-07-25 16:21:34,289 camel_case_middleware 33380 37616 Paramètres GET après conversion: {'page': '1', 'page_size': '10'}
ERROR 2025-07-25 16:21:36,136 cache_service 33380 25352 Erreur récupération cache config tenant 31f96c39-bd7f-453e-a7f1-88495e70272b: Error 10061 connecting to 127.0.0.1:6379. Aucune connexion n’a pu être établie car l’ordinateur cible l’a expressément refusée.
INFO 2025-07-25 16:21:36,137 tenant_client 33380 25352 Cache miss pour tenant 31f96c39-bd7f-453e-a7f1-88495e70272b, récupération depuis l'API
ERROR 2025-07-25 16:21:36,366 cache_service 33380 37616 Erreur récupération cache config tenant 31f96c39-bd7f-453e-a7f1-88495e70272b: Error 10061 connecting to 127.0.0.1:6379. Aucune connexion n’a pu être établie car l’ordinateur cible l’a expressément refusée.
INFO 2025-07-25 16:21:36,366 tenant_client 33380 37616 Cache miss pour tenant 31f96c39-bd7f-453e-a7f1-88495e70272b, récupération depuis l'API
INFO 2025-07-25 16:21:38,259 tenant_client 33380 25352 Configuration tenant 31f96c39-bd7f-453e-a7f1-88495e70272b récupérée avec succès
INFO 2025-07-25 16:21:38,491 tenant_client 33380 37616 Configuration tenant 31f96c39-bd7f-453e-a7f1-88495e70272b récupérée avec succès
ERROR 2025-07-25 16:21:40,305 cache_service 33380 25352 Erreur mise en cache config tenant 31f96c39-bd7f-453e-a7f1-88495e70272b: Error 10061 connecting to 127.0.0.1:6379. Aucune connexion n’a pu être établie car l’ordinateur cible l’a expressément refusée.
INFO 2025-07-25 16:21:40,306 tenant_client 33380 25352 Configuration tenant 31f96c39-bd7f-453e-a7f1-88495e70272b mise en cache
ERROR 2025-07-25 16:21:40,520 cache_service 33380 37616 Erreur mise en cache config tenant 31f96c39-bd7f-453e-a7f1-88495e70272b: Error 10061 connecting to 127.0.0.1:6379. Aucune connexion n’a pu être établie car l’ordinateur cible l’a expressément refusée.
INFO 2025-07-25 16:21:40,520 tenant_client 33380 37616 Configuration tenant 31f96c39-bd7f-453e-a7f1-88495e70272b mise en cache
ERROR 2025-07-25 16:21:42,333 cache_service 33380 25352 Erreur récupération cache pour clé document_appearance:31f96c39-bd7f-453e-a7f1-88495e70272b: Error 10061 connecting to 127.0.0.1:6379. Aucune connexion n’a pu être établie car l’ordinateur cible l’a expressément refusée.
INFO 2025-07-25 16:21:42,333 document_appearance_service 33380 25352 Récupération des paramètres d'apparence depuis tenant-service pour tenant 31f96c39-bd7f-453e-a7f1-88495e70272b
ERROR 2025-07-25 16:21:42,550 cache_service 33380 37616 Erreur récupération cache pour clé document_appearance:31f96c39-bd7f-453e-a7f1-88495e70272b: Error 10061 connecting to 127.0.0.1:6379. Aucune connexion n’a pu être établie car l’ordinateur cible l’a expressément refusée.
INFO 2025-07-25 16:21:42,550 document_appearance_service 33380 37616 Récupération des paramètres d'apparence depuis tenant-service pour tenant 31f96c39-bd7f-453e-a7f1-88495e70272b
INFO 2025-07-25 16:21:44,420 document_appearance_service 33380 25352 Paramètres d'apparence récupérés depuis tenant-service pour tenant 31f96c39-bd7f-453e-a7f1-88495e70272b
INFO 2025-07-25 16:21:44,662 document_appearance_service 33380 37616 Paramètres d'apparence récupérés depuis tenant-service pour tenant 31f96c39-bd7f-453e-a7f1-88495e70272b
ERROR 2025-07-25 16:21:46,460 cache_service 33380 25352 Erreur mise en cache pour clé document_appearance:31f96c39-bd7f-453e-a7f1-88495e70272b: Error 10061 connecting to 127.0.0.1:6379. Aucune connexion n’a pu être établie car l’ordinateur cible l’a expressément refusée.
INFO 2025-07-25 16:21:46,460 document_appearance_service 33380 25352 Paramètres d'apparence récupérés et mis en cache pour tenant 31f96c39-bd7f-453e-a7f1-88495e70272b
DEBUG 2025-07-25 16:21:46,461 tenant_config_middleware 33380 25352 Paramètres d'apparence injectés pour tenant 31f96c39-bd7f-453e-a7f1-88495e70272b
DEBUG 2025-07-25 16:21:46,461 tenant_config_middleware 33380 25352 Configuration tenant 31f96c39-bd7f-453e-a7f1-88495e70272b injectée pour /api/quotes/
ERROR 2025-07-25 16:21:46,697 cache_service 33380 37616 Erreur mise en cache pour clé document_appearance:31f96c39-bd7f-453e-a7f1-88495e70272b: Error 10061 connecting to 127.0.0.1:6379. Aucune connexion n’a pu être établie car l’ordinateur cible l’a expressément refusée.
INFO 2025-07-25 16:21:46,698 document_appearance_service 33380 37616 Paramètres d'apparence récupérés et mis en cache pour tenant 31f96c39-bd7f-453e-a7f1-88495e70272b
DEBUG 2025-07-25 16:21:46,698 tenant_config_middleware 33380 37616 Paramètres d'apparence injectés pour tenant 31f96c39-bd7f-453e-a7f1-88495e70272b
DEBUG 2025-07-25 16:21:46,699 tenant_config_middleware 33380 37616 Configuration tenant 31f96c39-bd7f-453e-a7f1-88495e70272b injectée pour /api/quotes/
DEBUG 2025-07-25 16:34:22,605 camel_case_middleware 33380 12116 Paramètres GET avant conversion: {'page': '1', 'page_size': '10'}
DEBUG 2025-07-25 16:34:22,605 camel_case_middleware 33380 15552 Paramètres GET avant conversion: {'page': '1', 'page_size': '10'}
DEBUG 2025-07-25 16:34:22,605 camel_case_middleware 33380 12116 Paramètres GET après conversion: {'page': '1', 'page_size': '10'}
DEBUG 2025-07-25 16:34:22,606 camel_case_middleware 33380 15552 Paramètres GET après conversion: {'page': '1', 'page_size': '10'}
ERROR 2025-07-25 16:34:24,685 cache_service 33380 15552 Erreur récupération cache config tenant 31f96c39-bd7f-453e-a7f1-88495e70272b: Error 10061 connecting to 127.0.0.1:6379. Aucune connexion n’a pu être établie car l’ordinateur cible l’a expressément refusée.
INFO 2025-07-25 16:34:24,686 tenant_client 33380 15552 Cache miss pour tenant 31f96c39-bd7f-453e-a7f1-88495e70272b, récupération depuis l'API
ERROR 2025-07-25 16:34:24,793 cache_service 33380 12116 Erreur récupération cache config tenant 31f96c39-bd7f-453e-a7f1-88495e70272b: Error 10061 connecting to 127.0.0.1:6379. Aucune connexion n’a pu être établie car l’ordinateur cible l’a expressément refusée.
INFO 2025-07-25 16:34:24,794 tenant_client 33380 12116 Cache miss pour tenant 31f96c39-bd7f-453e-a7f1-88495e70272b, récupération depuis l'API
INFO 2025-07-25 16:34:26,781 tenant_client 33380 15552 Configuration tenant 31f96c39-bd7f-453e-a7f1-88495e70272b récupérée avec succès
INFO 2025-07-25 16:34:26,906 tenant_client 33380 12116 Configuration tenant 31f96c39-bd7f-453e-a7f1-88495e70272b récupérée avec succès
ERROR 2025-07-25 16:34:28,817 cache_service 33380 15552 Erreur mise en cache config tenant 31f96c39-bd7f-453e-a7f1-88495e70272b: Error 10061 connecting to 127.0.0.1:6379. Aucune connexion n’a pu être établie car l’ordinateur cible l’a expressément refusée.
INFO 2025-07-25 16:34:28,818 tenant_client 33380 15552 Configuration tenant 31f96c39-bd7f-453e-a7f1-88495e70272b mise en cache
ERROR 2025-07-25 16:34:28,943 cache_service 33380 12116 Erreur mise en cache config tenant 31f96c39-bd7f-453e-a7f1-88495e70272b: Error 10061 connecting to 127.0.0.1:6379. Aucune connexion n’a pu être établie car l’ordinateur cible l’a expressément refusée.
INFO 2025-07-25 16:34:28,944 tenant_client 33380 12116 Configuration tenant 31f96c39-bd7f-453e-a7f1-88495e70272b mise en cache
ERROR 2025-07-25 16:34:30,846 cache_service 33380 15552 Erreur récupération cache pour clé document_appearance:31f96c39-bd7f-453e-a7f1-88495e70272b: Error 10061 connecting to 127.0.0.1:6379. Aucune connexion n’a pu être établie car l’ordinateur cible l’a expressément refusée.
INFO 2025-07-25 16:34:30,847 document_appearance_service 33380 15552 Récupération des paramètres d'apparence depuis tenant-service pour tenant 31f96c39-bd7f-453e-a7f1-88495e70272b
ERROR 2025-07-25 16:34:30,971 cache_service 33380 12116 Erreur récupération cache pour clé document_appearance:31f96c39-bd7f-453e-a7f1-88495e70272b: Error 10061 connecting to 127.0.0.1:6379. Aucune connexion n’a pu être établie car l’ordinateur cible l’a expressément refusée.
INFO 2025-07-25 16:34:30,971 document_appearance_service 33380 12116 Récupération des paramètres d'apparence depuis tenant-service pour tenant 31f96c39-bd7f-453e-a7f1-88495e70272b
INFO 2025-07-25 16:34:32,939 document_appearance_service 33380 15552 Paramètres d'apparence récupérés depuis tenant-service pour tenant 31f96c39-bd7f-453e-a7f1-88495e70272b
INFO 2025-07-25 16:34:33,079 document_appearance_service 33380 12116 Paramètres d'apparence récupérés depuis tenant-service pour tenant 31f96c39-bd7f-453e-a7f1-88495e70272b
ERROR 2025-07-25 16:34:34,971 cache_service 33380 15552 Erreur mise en cache pour clé document_appearance:31f96c39-bd7f-453e-a7f1-88495e70272b: Error 10061 connecting to 127.0.0.1:6379. Aucune connexion n’a pu être établie car l’ordinateur cible l’a expressément refusée.
INFO 2025-07-25 16:34:34,972 document_appearance_service 33380 15552 Paramètres d'apparence récupérés et mis en cache pour tenant 31f96c39-bd7f-453e-a7f1-88495e70272b
DEBUG 2025-07-25 16:34:34,972 tenant_config_middleware 33380 15552 Paramètres d'apparence injectés pour tenant 31f96c39-bd7f-453e-a7f1-88495e70272b
DEBUG 2025-07-25 16:34:34,972 tenant_config_middleware 33380 15552 Configuration tenant 31f96c39-bd7f-453e-a7f1-88495e70272b injectée pour /api/quotes/
ERROR 2025-07-25 16:34:35,124 cache_service 33380 12116 Erreur mise en cache pour clé document_appearance:31f96c39-bd7f-453e-a7f1-88495e70272b: Error 10061 connecting to 127.0.0.1:6379. Aucune connexion n’a pu être établie car l’ordinateur cible l’a expressément refusée.
INFO 2025-07-25 16:34:35,124 document_appearance_service 33380 12116 Paramètres d'apparence récupérés et mis en cache pour tenant 31f96c39-bd7f-453e-a7f1-88495e70272b
DEBUG 2025-07-25 16:34:35,125 tenant_config_middleware 33380 12116 Paramètres d'apparence injectés pour tenant 31f96c39-bd7f-453e-a7f1-88495e70272b
DEBUG 2025-07-25 16:34:35,125 tenant_config_middleware 33380 12116 Configuration tenant 31f96c39-bd7f-453e-a7f1-88495e70272b injectée pour /api/quotes/
DEBUG 2025-07-25 16:41:05,546 camel_case_middleware 33380 36124 Paramètres GET avant conversion: {'tier_id': 'bb337b13-aa3a-4e41-b812-176f8a18450f'}
DEBUG 2025-07-25 16:41:05,546 camel_case_middleware 33380 36124 Paramètres GET après conversion: {'tier_id': 'bb337b13-aa3a-4e41-b812-176f8a18450f'}
ERROR 2025-07-25 16:41:07,636 cache_service 33380 36124 Erreur récupération cache config tenant 31f96c39-bd7f-453e-a7f1-88495e70272b: Error 10061 connecting to 127.0.0.1:6379. Aucune connexion n’a pu être établie car l’ordinateur cible l’a expressément refusée.
INFO 2025-07-25 16:41:07,637 tenant_client 33380 36124 Cache miss pour tenant 31f96c39-bd7f-453e-a7f1-88495e70272b, récupération depuis l'API
INFO 2025-07-25 16:41:09,753 tenant_client 33380 36124 Configuration tenant 31f96c39-bd7f-453e-a7f1-88495e70272b récupérée avec succès
ERROR 2025-07-25 16:41:11,790 cache_service 33380 36124 Erreur mise en cache config tenant 31f96c39-bd7f-453e-a7f1-88495e70272b: Error 10061 connecting to 127.0.0.1:6379. Aucune connexion n’a pu être établie car l’ordinateur cible l’a expressément refusée.
INFO 2025-07-25 16:41:11,790 tenant_client 33380 36124 Configuration tenant 31f96c39-bd7f-453e-a7f1-88495e70272b mise en cache
ERROR 2025-07-25 16:41:13,828 cache_service 33380 36124 Erreur récupération cache pour clé document_appearance:31f96c39-bd7f-453e-a7f1-88495e70272b: Error 10061 connecting to 127.0.0.1:6379. Aucune connexion n’a pu être établie car l’ordinateur cible l’a expressément refusée.
INFO 2025-07-25 16:41:13,828 document_appearance_service 33380 36124 Récupération des paramètres d'apparence depuis tenant-service pour tenant 31f96c39-bd7f-453e-a7f1-88495e70272b
INFO 2025-07-25 16:41:15,939 document_appearance_service 33380 36124 Paramètres d'apparence récupérés depuis tenant-service pour tenant 31f96c39-bd7f-453e-a7f1-88495e70272b
ERROR 2025-07-25 16:41:17,985 cache_service 33380 36124 Erreur mise en cache pour clé document_appearance:31f96c39-bd7f-453e-a7f1-88495e70272b: Error 10061 connecting to 127.0.0.1:6379. Aucune connexion n’a pu être établie car l’ordinateur cible l’a expressément refusée.
INFO 2025-07-25 16:41:18,026 document_appearance_service 33380 36124 Paramètres d'apparence récupérés et mis en cache pour tenant 31f96c39-bd7f-453e-a7f1-88495e70272b
DEBUG 2025-07-25 16:41:18,027 tenant_config_middleware 33380 36124 Paramètres d'apparence injectés pour tenant 31f96c39-bd7f-453e-a7f1-88495e70272b
DEBUG 2025-07-25 16:41:18,027 tenant_config_middleware 33380 36124 Configuration tenant 31f96c39-bd7f-453e-a7f1-88495e70272b injectée pour /api/quotes/
DEBUG 2025-07-25 16:51:55,430 camel_case_middleware 33380 9028 Paramètres GET avant conversion: {'page': '1', 'page_size': '10'}
DEBUG 2025-07-25 16:51:55,431 camel_case_middleware 33380 36752 Paramètres GET avant conversion: {'page': '1', 'page_size': '10'}
DEBUG 2025-07-25 16:51:55,431 camel_case_middleware 33380 9028 Paramètres GET après conversion: {'page': '1', 'page_size': '10'}
DEBUG 2025-07-25 16:51:55,431 camel_case_middleware 33380 36752 Paramètres GET après conversion: {'page': '1', 'page_size': '10'}
ERROR 2025-07-25 16:51:57,518 cache_service 33380 36752 Erreur récupération cache config tenant 31f96c39-bd7f-453e-a7f1-88495e70272b: Error 10061 connecting to 127.0.0.1:6379. Aucune connexion n’a pu être établie car l’ordinateur cible l’a expressément refusée.
ERROR 2025-07-25 16:51:57,519 cache_service 33380 9028 Erreur récupération cache config tenant 31f96c39-bd7f-453e-a7f1-88495e70272b: Error 10061 connecting to 127.0.0.1:6379. Aucune connexion n’a pu être établie car l’ordinateur cible l’a expressément refusée.
INFO 2025-07-25 16:51:57,519 tenant_client 33380 36752 Cache miss pour tenant 31f96c39-bd7f-453e-a7f1-88495e70272b, récupération depuis l'API
INFO 2025-07-25 16:51:57,519 tenant_client 33380 9028 Cache miss pour tenant 31f96c39-bd7f-453e-a7f1-88495e70272b, récupération depuis l'API
INFO 2025-07-25 16:51:59,636 tenant_client 33380 36752 Configuration tenant 31f96c39-bd7f-453e-a7f1-88495e70272b récupérée avec succès
INFO 2025-07-25 16:51:59,739 tenant_client 33380 9028 Configuration tenant 31f96c39-bd7f-453e-a7f1-88495e70272b récupérée avec succès
ERROR 2025-07-25 16:52:01,676 cache_service 33380 36752 Erreur mise en cache config tenant 31f96c39-bd7f-453e-a7f1-88495e70272b: Error 10061 connecting to 127.0.0.1:6379. Aucune connexion n’a pu être établie car l’ordinateur cible l’a expressément refusée.
INFO 2025-07-25 16:52:01,677 tenant_client 33380 36752 Configuration tenant 31f96c39-bd7f-453e-a7f1-88495e70272b mise en cache
ERROR 2025-07-25 16:52:01,786 cache_service 33380 9028 Erreur mise en cache config tenant 31f96c39-bd7f-453e-a7f1-88495e70272b: Error 10061 connecting to 127.0.0.1:6379. Aucune connexion n’a pu être établie car l’ordinateur cible l’a expressément refusée.
INFO 2025-07-25 16:52:01,786 tenant_client 33380 9028 Configuration tenant 31f96c39-bd7f-453e-a7f1-88495e70272b mise en cache
ERROR 2025-07-25 16:52:03,709 cache_service 33380 36752 Erreur récupération cache pour clé document_appearance:31f96c39-bd7f-453e-a7f1-88495e70272b: Error 10061 connecting to 127.0.0.1:6379. Aucune connexion n’a pu être établie car l’ordinateur cible l’a expressément refusée.
INFO 2025-07-25 16:52:03,709 document_appearance_service 33380 36752 Récupération des paramètres d'apparence depuis tenant-service pour tenant 31f96c39-bd7f-453e-a7f1-88495e70272b
ERROR 2025-07-25 16:52:03,818 cache_service 33380 9028 Erreur récupération cache pour clé document_appearance:31f96c39-bd7f-453e-a7f1-88495e70272b: Error 10061 connecting to 127.0.0.1:6379. Aucune connexion n’a pu être établie car l’ordinateur cible l’a expressément refusée.
INFO 2025-07-25 16:52:03,819 document_appearance_service 33380 9028 Récupération des paramètres d'apparence depuis tenant-service pour tenant 31f96c39-bd7f-453e-a7f1-88495e70272b
INFO 2025-07-25 16:52:05,807 document_appearance_service 33380 36752 Paramètres d'apparence récupérés depuis tenant-service pour tenant 31f96c39-bd7f-453e-a7f1-88495e70272b
INFO 2025-07-25 16:52:05,932 document_appearance_service 33380 9028 Paramètres d'apparence récupérés depuis tenant-service pour tenant 31f96c39-bd7f-453e-a7f1-88495e70272b
ERROR 2025-07-25 16:52:07,840 cache_service 33380 36752 Erreur mise en cache pour clé document_appearance:31f96c39-bd7f-453e-a7f1-88495e70272b: Error 10061 connecting to 127.0.0.1:6379. Aucune connexion n’a pu être établie car l’ordinateur cible l’a expressément refusée.
INFO 2025-07-25 16:52:07,840 document_appearance_service 33380 36752 Paramètres d'apparence récupérés et mis en cache pour tenant 31f96c39-bd7f-453e-a7f1-88495e70272b
DEBUG 2025-07-25 16:52:07,840 tenant_config_middleware 33380 36752 Paramètres d'apparence injectés pour tenant 31f96c39-bd7f-453e-a7f1-88495e70272b
DEBUG 2025-07-25 16:52:07,840 tenant_config_middleware 33380 36752 Configuration tenant 31f96c39-bd7f-453e-a7f1-88495e70272b injectée pour /api/quotes/
ERROR 2025-07-25 16:52:07,963 cache_service 33380 9028 Erreur mise en cache pour clé document_appearance:31f96c39-bd7f-453e-a7f1-88495e70272b: Error 10061 connecting to 127.0.0.1:6379. Aucune connexion n’a pu être établie car l’ordinateur cible l’a expressément refusée.
INFO 2025-07-25 16:52:07,963 document_appearance_service 33380 9028 Paramètres d'apparence récupérés et mis en cache pour tenant 31f96c39-bd7f-453e-a7f1-88495e70272b
DEBUG 2025-07-25 16:52:07,963 tenant_config_middleware 33380 9028 Paramètres d'apparence injectés pour tenant 31f96c39-bd7f-453e-a7f1-88495e70272b
DEBUG 2025-07-25 16:52:07,964 tenant_config_middleware 33380 9028 Configuration tenant 31f96c39-bd7f-453e-a7f1-88495e70272b injectée pour /api/quotes/
DEBUG 2025-07-25 22:06:00,530 camel_case_middleware 33380 37216 Paramètres GET avant conversion: {'tier_id': '027cf0e5-d426-48ca-b46a-7c384d22edaa'}
DEBUG 2025-07-25 22:06:00,531 camel_case_middleware 33380 37216 Paramètres GET après conversion: {'tier_id': '027cf0e5-d426-48ca-b46a-7c384d22edaa'}
DEBUG 2025-07-25 22:06:00,737 camel_case_middleware 33380 28588 Paramètres GET avant conversion: {'tier_id': '027cf0e5-d426-48ca-b46a-7c384d22edaa'}
DEBUG 2025-07-25 22:06:00,737 camel_case_middleware 33380 28588 Paramètres GET après conversion: {'tier_id': '027cf0e5-d426-48ca-b46a-7c384d22edaa'}
ERROR 2025-07-25 22:06:02,641 cache_service 33380 37216 Erreur récupération cache config tenant 31f96c39-bd7f-453e-a7f1-88495e70272b: Error 10061 connecting to 127.0.0.1:6379. Aucune connexion n’a pu être établie car l’ordinateur cible l’a expressément refusée.
INFO 2025-07-25 22:06:02,641 tenant_client 33380 37216 Cache miss pour tenant 31f96c39-bd7f-453e-a7f1-88495e70272b, récupération depuis l'API
ERROR 2025-07-25 22:06:02,810 cache_service 33380 28588 Erreur récupération cache config tenant 31f96c39-bd7f-453e-a7f1-88495e70272b: Error 10061 connecting to 127.0.0.1:6379. Aucune connexion n’a pu être établie car l’ordinateur cible l’a expressément refusée.
INFO 2025-07-25 22:06:02,810 tenant_client 33380 28588 Cache miss pour tenant 31f96c39-bd7f-453e-a7f1-88495e70272b, récupération depuis l'API
INFO 2025-07-25 22:06:04,884 tenant_client 33380 37216 Configuration tenant 31f96c39-bd7f-453e-a7f1-88495e70272b récupérée avec succès
INFO 2025-07-25 22:06:04,902 tenant_client 33380 28588 Configuration tenant 31f96c39-bd7f-453e-a7f1-88495e70272b récupérée avec succès
ERROR 2025-07-25 22:06:06,930 cache_service 33380 37216 Erreur mise en cache config tenant 31f96c39-bd7f-453e-a7f1-88495e70272b: Error 10061 connecting to 127.0.0.1:6379. Aucune connexion n’a pu être établie car l’ordinateur cible l’a expressément refusée.
INFO 2025-07-25 22:06:06,930 tenant_client 33380 37216 Configuration tenant 31f96c39-bd7f-453e-a7f1-88495e70272b mise en cache
ERROR 2025-07-25 22:06:06,946 cache_service 33380 28588 Erreur mise en cache config tenant 31f96c39-bd7f-453e-a7f1-88495e70272b: Error 10061 connecting to 127.0.0.1:6379. Aucune connexion n’a pu être établie car l’ordinateur cible l’a expressément refusée.
INFO 2025-07-25 22:06:06,946 tenant_client 33380 28588 Configuration tenant 31f96c39-bd7f-453e-a7f1-88495e70272b mise en cache
ERROR 2025-07-25 22:06:08,976 cache_service 33380 37216 Erreur récupération cache pour clé document_appearance:31f96c39-bd7f-453e-a7f1-88495e70272b: Error 10061 connecting to 127.0.0.1:6379. Aucune connexion n’a pu être établie car l’ordinateur cible l’a expressément refusée.
INFO 2025-07-25 22:06:08,976 document_appearance_service 33380 37216 Récupération des paramètres d'apparence depuis tenant-service pour tenant 31f96c39-bd7f-453e-a7f1-88495e70272b
ERROR 2025-07-25 22:06:08,990 cache_service 33380 28588 Erreur récupération cache pour clé document_appearance:31f96c39-bd7f-453e-a7f1-88495e70272b: Error 10061 connecting to 127.0.0.1:6379. Aucune connexion n’a pu être établie car l’ordinateur cible l’a expressément refusée.
INFO 2025-07-25 22:06:08,991 document_appearance_service 33380 28588 Récupération des paramètres d'apparence depuis tenant-service pour tenant 31f96c39-bd7f-453e-a7f1-88495e70272b
INFO 2025-07-25 22:06:11,052 document_appearance_service 33380 37216 Paramètres d'apparence récupérés depuis tenant-service pour tenant 31f96c39-bd7f-453e-a7f1-88495e70272b
INFO 2025-07-25 22:06:11,079 document_appearance_service 33380 28588 Paramètres d'apparence récupérés depuis tenant-service pour tenant 31f96c39-bd7f-453e-a7f1-88495e70272b
ERROR 2025-07-25 22:06:13,091 cache_service 33380 37216 Erreur mise en cache pour clé document_appearance:31f96c39-bd7f-453e-a7f1-88495e70272b: Error 10061 connecting to 127.0.0.1:6379. Aucune connexion n’a pu être établie car l’ordinateur cible l’a expressément refusée.
INFO 2025-07-25 22:06:13,092 document_appearance_service 33380 37216 Paramètres d'apparence récupérés et mis en cache pour tenant 31f96c39-bd7f-453e-a7f1-88495e70272b
DEBUG 2025-07-25 22:06:13,092 tenant_config_middleware 33380 37216 Paramètres d'apparence injectés pour tenant 31f96c39-bd7f-453e-a7f1-88495e70272b
DEBUG 2025-07-25 22:06:13,092 tenant_config_middleware 33380 37216 Configuration tenant 31f96c39-bd7f-453e-a7f1-88495e70272b injectée pour /api/quotes/
ERROR 2025-07-25 22:06:13,107 cache_service 33380 28588 Erreur mise en cache pour clé document_appearance:31f96c39-bd7f-453e-a7f1-88495e70272b: Error 10061 connecting to 127.0.0.1:6379. Aucune connexion n’a pu être établie car l’ordinateur cible l’a expressément refusée.
INFO 2025-07-25 22:06:13,108 document_appearance_service 33380 28588 Paramètres d'apparence récupérés et mis en cache pour tenant 31f96c39-bd7f-453e-a7f1-88495e70272b
DEBUG 2025-07-25 22:06:13,108 tenant_config_middleware 33380 28588 Paramètres d'apparence injectés pour tenant 31f96c39-bd7f-453e-a7f1-88495e70272b
DEBUG 2025-07-25 22:06:13,108 tenant_config_middleware 33380 28588 Configuration tenant 31f96c39-bd7f-453e-a7f1-88495e70272b injectée pour /api/quotes/
DEBUG 2025-07-25 22:06:21,632 camel_case_middleware 33380 13420 Paramètres GET avant conversion: {'page': '1', 'page_size': '10'}
DEBUG 2025-07-25 22:06:21,633 camel_case_middleware 33380 28572 Paramètres GET avant conversion: {'page': '1', 'page_size': '10'}
DEBUG 2025-07-25 22:06:21,633 camel_case_middleware 33380 13420 Paramètres GET après conversion: {'page': '1', 'page_size': '10'}
DEBUG 2025-07-25 22:06:21,633 camel_case_middleware 33380 28572 Paramètres GET après conversion: {'page': '1', 'page_size': '10'}
ERROR 2025-07-25 22:06:23,718 cache_service 33380 13420 Erreur récupération cache config tenant 31f96c39-bd7f-453e-a7f1-88495e70272b: Error 10061 connecting to 127.0.0.1:6379. Aucune connexion n’a pu être établie car l’ordinateur cible l’a expressément refusée.
INFO 2025-07-25 22:06:23,718 tenant_client 33380 13420 Cache miss pour tenant 31f96c39-bd7f-453e-a7f1-88495e70272b, récupération depuis l'API
ERROR 2025-07-25 22:06:23,856 cache_service 33380 28572 Erreur récupération cache config tenant 31f96c39-bd7f-453e-a7f1-88495e70272b: Error 10061 connecting to 127.0.0.1:6379. Aucune connexion n’a pu être établie car l’ordinateur cible l’a expressément refusée.
INFO 2025-07-25 22:06:23,856 tenant_client 33380 28572 Cache miss pour tenant 31f96c39-bd7f-453e-a7f1-88495e70272b, récupération depuis l'API
INFO 2025-07-25 22:06:25,841 tenant_client 33380 13420 Configuration tenant 31f96c39-bd7f-453e-a7f1-88495e70272b récupérée avec succès
INFO 2025-07-25 22:06:26,071 tenant_client 33380 28572 Configuration tenant 31f96c39-bd7f-453e-a7f1-88495e70272b récupérée avec succès
ERROR 2025-07-25 22:06:27,883 cache_service 33380 13420 Erreur mise en cache config tenant 31f96c39-bd7f-453e-a7f1-88495e70272b: Error 10061 connecting to 127.0.0.1:6379. Aucune connexion n’a pu être établie car l’ordinateur cible l’a expressément refusée.
INFO 2025-07-25 22:06:27,883 tenant_client 33380 13420 Configuration tenant 31f96c39-bd7f-453e-a7f1-88495e70272b mise en cache
ERROR 2025-07-25 22:06:28,114 cache_service 33380 28572 Erreur mise en cache config tenant 31f96c39-bd7f-453e-a7f1-88495e70272b: Error 10061 connecting to 127.0.0.1:6379. Aucune connexion n’a pu être établie car l’ordinateur cible l’a expressément refusée.
INFO 2025-07-25 22:06:28,115 tenant_client 33380 28572 Configuration tenant 31f96c39-bd7f-453e-a7f1-88495e70272b mise en cache
ERROR 2025-07-25 22:06:29,927 cache_service 33380 13420 Erreur récupération cache pour clé document_appearance:31f96c39-bd7f-453e-a7f1-88495e70272b: Error 10061 connecting to 127.0.0.1:6379. Aucune connexion n’a pu être établie car l’ordinateur cible l’a expressément refusée.
INFO 2025-07-25 22:06:29,928 document_appearance_service 33380 13420 Récupération des paramètres d'apparence depuis tenant-service pour tenant 31f96c39-bd7f-453e-a7f1-88495e70272b
ERROR 2025-07-25 22:06:30,159 cache_service 33380 28572 Erreur récupération cache pour clé document_appearance:31f96c39-bd7f-453e-a7f1-88495e70272b: Error 10061 connecting to 127.0.0.1:6379. Aucune connexion n’a pu être établie car l’ordinateur cible l’a expressément refusée.
INFO 2025-07-25 22:06:30,160 document_appearance_service 33380 28572 Récupération des paramètres d'apparence depuis tenant-service pour tenant 31f96c39-bd7f-453e-a7f1-88495e70272b
INFO 2025-07-25 22:06:32,044 document_appearance_service 33380 13420 Paramètres d'apparence récupérés depuis tenant-service pour tenant 31f96c39-bd7f-453e-a7f1-88495e70272b
INFO 2025-07-25 22:06:32,235 document_appearance_service 33380 28572 Paramètres d'apparence récupérés depuis tenant-service pour tenant 31f96c39-bd7f-453e-a7f1-88495e70272b
ERROR 2025-07-25 22:06:34,078 cache_service 33380 13420 Erreur mise en cache pour clé document_appearance:31f96c39-bd7f-453e-a7f1-88495e70272b: Error 10061 connecting to 127.0.0.1:6379. Aucune connexion n’a pu être établie car l’ordinateur cible l’a expressément refusée.
INFO 2025-07-25 22:06:34,079 document_appearance_service 33380 13420 Paramètres d'apparence récupérés et mis en cache pour tenant 31f96c39-bd7f-453e-a7f1-88495e70272b
DEBUG 2025-07-25 22:06:34,079 tenant_config_middleware 33380 13420 Paramètres d'apparence injectés pour tenant 31f96c39-bd7f-453e-a7f1-88495e70272b
DEBUG 2025-07-25 22:06:34,079 tenant_config_middleware 33380 13420 Configuration tenant 31f96c39-bd7f-453e-a7f1-88495e70272b injectée pour /api/quotes/
ERROR 2025-07-25 22:06:34,277 cache_service 33380 28572 Erreur mise en cache pour clé document_appearance:31f96c39-bd7f-453e-a7f1-88495e70272b: Error 10061 connecting to 127.0.0.1:6379. Aucune connexion n’a pu être établie car l’ordinateur cible l’a expressément refusée.
INFO 2025-07-25 22:06:34,278 document_appearance_service 33380 28572 Paramètres d'apparence récupérés et mis en cache pour tenant 31f96c39-bd7f-453e-a7f1-88495e70272b
DEBUG 2025-07-25 22:06:34,278 tenant_config_middleware 33380 28572 Paramètres d'apparence injectés pour tenant 31f96c39-bd7f-453e-a7f1-88495e70272b
DEBUG 2025-07-25 22:06:34,278 tenant_config_middleware 33380 28572 Configuration tenant 31f96c39-bd7f-453e-a7f1-88495e70272b injectée pour /api/quotes/
ERROR 2025-07-26 10:45:33,505 cache_service 25108 35384 Erreur récupération cache config tenant 31f96c39-bd7f-453e-a7f1-88495e70272b: Error 10061 connecting to 127.0.0.1:6379. Aucune connexion n’a pu être établie car l’ordinateur cible l’a expressément refusée.
INFO 2025-07-26 10:45:33,505 tenant_client 25108 35384 Cache miss pour tenant 31f96c39-bd7f-453e-a7f1-88495e70272b, récupération depuis l'API
INFO 2025-07-26 10:45:35,657 tenant_client 25108 35384 Configuration tenant 31f96c39-bd7f-453e-a7f1-88495e70272b récupérée avec succès
ERROR 2025-07-26 10:45:37,679 cache_service 25108 35384 Erreur mise en cache config tenant 31f96c39-bd7f-453e-a7f1-88495e70272b: Error 10061 connecting to 127.0.0.1:6379. Aucune connexion n’a pu être établie car l’ordinateur cible l’a expressément refusée.
INFO 2025-07-26 10:45:37,680 tenant_client 25108 35384 Configuration tenant 31f96c39-bd7f-453e-a7f1-88495e70272b mise en cache
ERROR 2025-07-26 10:45:39,717 cache_service 25108 35384 Erreur récupération cache numérotation quote tenant 31f96c39-bd7f-453e-a7f1-88495e70272b: Error 10061 connecting to 127.0.0.1:6379. Aucune connexion n’a pu être établie car l’ordinateur cible l’a expressément refusée.
INFO 2025-07-26 10:45:39,717 tenant_client 25108 35384 Cache miss pour numérotation quote tenant 31f96c39-bd7f-453e-a7f1-88495e70272b
INFO 2025-07-26 10:45:41,914 tenant_client 25108 35384 Config numérotation quote pour tenant 31f96c39-bd7f-453e-a7f1-88495e70272b récupérée
ERROR 2025-07-26 10:45:43,960 cache_service 25108 35384 Erreur mise en cache numérotation quote tenant 31f96c39-bd7f-453e-a7f1-88495e70272b: Error 10061 connecting to 127.0.0.1:6379. Aucune connexion n’a pu être établie car l’ordinateur cible l’a expressément refusée.
INFO 2025-07-26 10:45:43,960 tenant_client 25108 35384 Config numérotation quote tenant 31f96c39-bd7f-453e-a7f1-88495e70272b mise en cache
ERROR 2025-07-26 10:45:46,000 cache_service 25108 35384 Erreur récupération cache numérotation invoice tenant 31f96c39-bd7f-453e-a7f1-88495e70272b: Error 10061 connecting to 127.0.0.1:6379. Aucune connexion n’a pu être établie car l’ordinateur cible l’a expressément refusée.
INFO 2025-07-26 10:45:46,001 tenant_client 25108 35384 Cache miss pour numérotation invoice tenant 31f96c39-bd7f-453e-a7f1-88495e70272b
INFO 2025-07-26 10:45:48,153 tenant_client 25108 35384 Config numérotation invoice pour tenant 31f96c39-bd7f-453e-a7f1-88495e70272b récupérée
ERROR 2025-07-26 10:45:50,183 cache_service 25108 35384 Erreur mise en cache numérotation invoice tenant 31f96c39-bd7f-453e-a7f1-88495e70272b: Error 10061 connecting to 127.0.0.1:6379. Aucune connexion n’a pu être établie car l’ordinateur cible l’a expressément refusée.
INFO 2025-07-26 10:45:50,184 tenant_client 25108 35384 Config numérotation invoice tenant 31f96c39-bd7f-453e-a7f1-88495e70272b mise en cache
ERROR 2025-07-26 10:45:52,226 cache_service 25108 35384 Erreur récupération cache numérotation credit_note tenant 31f96c39-bd7f-453e-a7f1-88495e70272b: Error 10061 connecting to 127.0.0.1:6379. Aucune connexion n’a pu être établie car l’ordinateur cible l’a expressément refusée.
INFO 2025-07-26 10:45:52,227 tenant_client 25108 35384 Cache miss pour numérotation credit_note tenant 31f96c39-bd7f-453e-a7f1-88495e70272b
INFO 2025-07-26 10:45:54,363 tenant_client 25108 35384 Config numérotation credit_note pour tenant 31f96c39-bd7f-453e-a7f1-88495e70272b récupérée
ERROR 2025-07-26 10:45:56,406 cache_service 25108 35384 Erreur mise en cache numérotation credit_note tenant 31f96c39-bd7f-453e-a7f1-88495e70272b: Error 10061 connecting to 127.0.0.1:6379. Aucune connexion n’a pu être établie car l’ordinateur cible l’a expressément refusée.
INFO 2025-07-26 10:45:56,406 tenant_client 25108 35384 Config numérotation credit_note tenant 31f96c39-bd7f-453e-a7f1-88495e70272b mise en cache
ERROR 2025-07-26 10:45:58,442 cache_service 25108 35384 Erreur récupération cache pour clé document_appearance:31f96c39-bd7f-453e-a7f1-88495e70272b: Error 10061 connecting to 127.0.0.1:6379. Aucune connexion n’a pu être établie car l’ordinateur cible l’a expressément refusée.
INFO 2025-07-26 10:45:58,442 document_appearance_service 25108 35384 Récupération des paramètres d'apparence depuis tenant-service pour tenant 31f96c39-bd7f-453e-a7f1-88495e70272b
INFO 2025-07-26 10:46:00,565 document_appearance_service 25108 35384 Paramètres d'apparence récupérés depuis tenant-service pour tenant 31f96c39-bd7f-453e-a7f1-88495e70272b
ERROR 2025-07-26 10:46:02,608 cache_service 25108 35384 Erreur mise en cache pour clé document_appearance:31f96c39-bd7f-453e-a7f1-88495e70272b: Error 10061 connecting to 127.0.0.1:6379. Aucune connexion n’a pu être établie car l’ordinateur cible l’a expressément refusée.
INFO 2025-07-26 10:46:02,609 document_appearance_service 25108 35384 Paramètres d'apparence récupérés et mis en cache pour tenant 31f96c39-bd7f-453e-a7f1-88495e70272b
DEBUG 2025-07-26 10:46:02,609 tenant_config_middleware 25108 35384 Paramètres d'apparence injectés pour tenant 31f96c39-bd7f-453e-a7f1-88495e70272b
DEBUG 2025-07-26 10:46:02,610 tenant_config_middleware 25108 35384 Configuration tenant 31f96c39-bd7f-453e-a7f1-88495e70272b injectée pour /api/quotes/
ERROR 2025-07-26 10:46:02,643 tenant_config_middleware 25108 35384 Erreur pour tenant 31f96c39-bd7f-453e-a7f1-88495e70272b sur /api/quotes/: The field 'items' was declared on serializer QuoteCreateSerializer, but has not been included in the 'fields' option.
ERROR 2025-07-26 10:50:58,970 cache_service 8684 35856 Erreur récupération cache config tenant 31f96c39-bd7f-453e-a7f1-88495e70272b: Error 10061 connecting to 127.0.0.1:6379. Aucune connexion n’a pu être établie car l’ordinateur cible l’a expressément refusée.
INFO 2025-07-26 10:50:58,971 tenant_client 8684 35856 Cache miss pour tenant 31f96c39-bd7f-453e-a7f1-88495e70272b, récupération depuis l'API
INFO 2025-07-26 10:51:01,124 tenant_client 8684 35856 Configuration tenant 31f96c39-bd7f-453e-a7f1-88495e70272b récupérée avec succès
ERROR 2025-07-26 10:51:03,163 cache_service 8684 35856 Erreur mise en cache config tenant 31f96c39-bd7f-453e-a7f1-88495e70272b: Error 10061 connecting to 127.0.0.1:6379. Aucune connexion n’a pu être établie car l’ordinateur cible l’a expressément refusée.
INFO 2025-07-26 10:51:03,163 tenant_client 8684 35856 Configuration tenant 31f96c39-bd7f-453e-a7f1-88495e70272b mise en cache
ERROR 2025-07-26 10:51:05,203 cache_service 8684 35856 Erreur récupération cache numérotation quote tenant 31f96c39-bd7f-453e-a7f1-88495e70272b: Error 10061 connecting to 127.0.0.1:6379. Aucune connexion n’a pu être établie car l’ordinateur cible l’a expressément refusée.
INFO 2025-07-26 10:51:05,203 tenant_client 8684 35856 Cache miss pour numérotation quote tenant 31f96c39-bd7f-453e-a7f1-88495e70272b
INFO 2025-07-26 10:51:07,312 tenant_client 8684 35856 Config numérotation quote pour tenant 31f96c39-bd7f-453e-a7f1-88495e70272b récupérée
ERROR 2025-07-26 10:51:09,347 cache_service 8684 35856 Erreur mise en cache numérotation quote tenant 31f96c39-bd7f-453e-a7f1-88495e70272b: Error 10061 connecting to 127.0.0.1:6379. Aucune connexion n’a pu être établie car l’ordinateur cible l’a expressément refusée.
INFO 2025-07-26 10:51:09,348 tenant_client 8684 35856 Config numérotation quote tenant 31f96c39-bd7f-453e-a7f1-88495e70272b mise en cache
ERROR 2025-07-26 10:51:11,387 cache_service 8684 35856 Erreur récupération cache numérotation invoice tenant 31f96c39-bd7f-453e-a7f1-88495e70272b: Error 10061 connecting to 127.0.0.1:6379. Aucune connexion n’a pu être établie car l’ordinateur cible l’a expressément refusée.
INFO 2025-07-26 10:51:11,387 tenant_client 8684 35856 Cache miss pour numérotation invoice tenant 31f96c39-bd7f-453e-a7f1-88495e70272b
INFO 2025-07-26 10:51:13,477 tenant_client 8684 35856 Config numérotation invoice pour tenant 31f96c39-bd7f-453e-a7f1-88495e70272b récupérée
ERROR 2025-07-26 10:51:15,529 cache_service 8684 35856 Erreur mise en cache numérotation invoice tenant 31f96c39-bd7f-453e-a7f1-88495e70272b: Error 10061 connecting to 127.0.0.1:6379. Aucune connexion n’a pu être établie car l’ordinateur cible l’a expressément refusée.
INFO 2025-07-26 10:51:15,530 tenant_client 8684 35856 Config numérotation invoice tenant 31f96c39-bd7f-453e-a7f1-88495e70272b mise en cache
ERROR 2025-07-26 10:51:17,580 cache_service 8684 35856 Erreur récupération cache numérotation credit_note tenant 31f96c39-bd7f-453e-a7f1-88495e70272b: Error 10061 connecting to 127.0.0.1:6379. Aucune connexion n’a pu être établie car l’ordinateur cible l’a expressément refusée.
INFO 2025-07-26 10:51:17,580 tenant_client 8684 35856 Cache miss pour numérotation credit_note tenant 31f96c39-bd7f-453e-a7f1-88495e70272b
INFO 2025-07-26 10:51:19,666 tenant_client 8684 35856 Config numérotation credit_note pour tenant 31f96c39-bd7f-453e-a7f1-88495e70272b récupérée
ERROR 2025-07-26 10:51:21,702 cache_service 8684 35856 Erreur mise en cache numérotation credit_note tenant 31f96c39-bd7f-453e-a7f1-88495e70272b: Error 10061 connecting to 127.0.0.1:6379. Aucune connexion n’a pu être établie car l’ordinateur cible l’a expressément refusée.
INFO 2025-07-26 10:51:21,702 tenant_client 8684 35856 Config numérotation credit_note tenant 31f96c39-bd7f-453e-a7f1-88495e70272b mise en cache
ERROR 2025-07-26 10:51:23,744 cache_service 8684 35856 Erreur récupération cache pour clé document_appearance:31f96c39-bd7f-453e-a7f1-88495e70272b: Error 10061 connecting to 127.0.0.1:6379. Aucune connexion n’a pu être établie car l’ordinateur cible l’a expressément refusée.
INFO 2025-07-26 10:51:23,745 document_appearance_service 8684 35856 Récupération des paramètres d'apparence depuis tenant-service pour tenant 31f96c39-bd7f-453e-a7f1-88495e70272b
INFO 2025-07-26 10:51:25,857 document_appearance_service 8684 35856 Paramètres d'apparence récupérés depuis tenant-service pour tenant 31f96c39-bd7f-453e-a7f1-88495e70272b
ERROR 2025-07-26 10:51:27,897 cache_service 8684 35856 Erreur mise en cache pour clé document_appearance:31f96c39-bd7f-453e-a7f1-88495e70272b: Error 10061 connecting to 127.0.0.1:6379. Aucune connexion n’a pu être établie car l’ordinateur cible l’a expressément refusée.
INFO 2025-07-26 10:51:27,897 document_appearance_service 8684 35856 Paramètres d'apparence récupérés et mis en cache pour tenant 31f96c39-bd7f-453e-a7f1-88495e70272b
DEBUG 2025-07-26 10:51:27,897 tenant_config_middleware 8684 35856 Paramètres d'apparence injectés pour tenant 31f96c39-bd7f-453e-a7f1-88495e70272b
DEBUG 2025-07-26 10:51:27,897 tenant_config_middleware 8684 35856 Configuration tenant 31f96c39-bd7f-453e-a7f1-88495e70272b injectée pour /api/quotes/
ERROR 2025-07-26 10:59:32,945 cache_service 35272 16576 Erreur récupération cache config tenant 31f96c39-bd7f-453e-a7f1-88495e70272b: Error 10061 connecting to 127.0.0.1:6379. Aucune connexion n’a pu être établie car l’ordinateur cible l’a expressément refusée.
INFO 2025-07-26 10:59:32,946 tenant_client 35272 16576 Cache miss pour tenant 31f96c39-bd7f-453e-a7f1-88495e70272b, récupération depuis l'API
INFO 2025-07-26 10:59:35,165 tenant_client 35272 16576 Configuration tenant 31f96c39-bd7f-453e-a7f1-88495e70272b récupérée avec succès
ERROR 2025-07-26 10:59:37,193 cache_service 35272 16576 Erreur mise en cache config tenant 31f96c39-bd7f-453e-a7f1-88495e70272b: Error 10061 connecting to 127.0.0.1:6379. Aucune connexion n’a pu être établie car l’ordinateur cible l’a expressément refusée.
INFO 2025-07-26 10:59:37,193 tenant_client 35272 16576 Configuration tenant 31f96c39-bd7f-453e-a7f1-88495e70272b mise en cache
ERROR 2025-07-26 10:59:39,229 cache_service 35272 16576 Erreur récupération cache numérotation quote tenant 31f96c39-bd7f-453e-a7f1-88495e70272b: Error 10061 connecting to 127.0.0.1:6379. Aucune connexion n’a pu être établie car l’ordinateur cible l’a expressément refusée.
INFO 2025-07-26 10:59:39,230 tenant_client 35272 16576 Cache miss pour numérotation quote tenant 31f96c39-bd7f-453e-a7f1-88495e70272b
INFO 2025-07-26 10:59:41,338 tenant_client 35272 16576 Config numérotation quote pour tenant 31f96c39-bd7f-453e-a7f1-88495e70272b récupérée
ERROR 2025-07-26 10:59:43,385 cache_service 35272 16576 Erreur mise en cache numérotation quote tenant 31f96c39-bd7f-453e-a7f1-88495e70272b: Error 10061 connecting to 127.0.0.1:6379. Aucune connexion n’a pu être établie car l’ordinateur cible l’a expressément refusée.
INFO 2025-07-26 10:59:43,386 tenant_client 35272 16576 Config numérotation quote tenant 31f96c39-bd7f-453e-a7f1-88495e70272b mise en cache
ERROR 2025-07-26 10:59:45,427 cache_service 35272 16576 Erreur récupération cache numérotation invoice tenant 31f96c39-bd7f-453e-a7f1-88495e70272b: Error 10061 connecting to 127.0.0.1:6379. Aucune connexion n’a pu être établie car l’ordinateur cible l’a expressément refusée.
INFO 2025-07-26 10:59:45,427 tenant_client 35272 16576 Cache miss pour numérotation invoice tenant 31f96c39-bd7f-453e-a7f1-88495e70272b
INFO 2025-07-26 10:59:47,538 tenant_client 35272 16576 Config numérotation invoice pour tenant 31f96c39-bd7f-453e-a7f1-88495e70272b récupérée
ERROR 2025-07-26 10:59:49,583 cache_service 35272 16576 Erreur mise en cache numérotation invoice tenant 31f96c39-bd7f-453e-a7f1-88495e70272b: Error 10061 connecting to 127.0.0.1:6379. Aucune connexion n’a pu être établie car l’ordinateur cible l’a expressément refusée.
INFO 2025-07-26 10:59:49,583 tenant_client 35272 16576 Config numérotation invoice tenant 31f96c39-bd7f-453e-a7f1-88495e70272b mise en cache
ERROR 2025-07-26 10:59:51,603 cache_service 35272 16576 Erreur récupération cache numérotation credit_note tenant 31f96c39-bd7f-453e-a7f1-88495e70272b: Error 10061 connecting to 127.0.0.1:6379. Aucune connexion n’a pu être établie car l’ordinateur cible l’a expressément refusée.
INFO 2025-07-26 10:59:51,603 tenant_client 35272 16576 Cache miss pour numérotation credit_note tenant 31f96c39-bd7f-453e-a7f1-88495e70272b
INFO 2025-07-26 10:59:53,691 tenant_client 35272 16576 Config numérotation credit_note pour tenant 31f96c39-bd7f-453e-a7f1-88495e70272b récupérée
ERROR 2025-07-26 10:59:55,732 cache_service 35272 16576 Erreur mise en cache numérotation credit_note tenant 31f96c39-bd7f-453e-a7f1-88495e70272b: Error 10061 connecting to 127.0.0.1:6379. Aucune connexion n’a pu être établie car l’ordinateur cible l’a expressément refusée.
INFO 2025-07-26 10:59:55,732 tenant_client 35272 16576 Config numérotation credit_note tenant 31f96c39-bd7f-453e-a7f1-88495e70272b mise en cache
ERROR 2025-07-26 10:59:57,763 cache_service 35272 16576 Erreur récupération cache pour clé document_appearance:31f96c39-bd7f-453e-a7f1-88495e70272b: Error 10061 connecting to 127.0.0.1:6379. Aucune connexion n’a pu être établie car l’ordinateur cible l’a expressément refusée.
INFO 2025-07-26 10:59:57,764 document_appearance_service 35272 16576 Récupération des paramètres d'apparence depuis tenant-service pour tenant 31f96c39-bd7f-453e-a7f1-88495e70272b
INFO 2025-07-26 10:59:59,871 document_appearance_service 35272 16576 Paramètres d'apparence récupérés depuis tenant-service pour tenant 31f96c39-bd7f-453e-a7f1-88495e70272b
ERROR 2025-07-26 11:00:01,918 cache_service 35272 16576 Erreur mise en cache pour clé document_appearance:31f96c39-bd7f-453e-a7f1-88495e70272b: Error 10061 connecting to 127.0.0.1:6379. Aucune connexion n’a pu être établie car l’ordinateur cible l’a expressément refusée.
INFO 2025-07-26 11:00:01,919 document_appearance_service 35272 16576 Paramètres d'apparence récupérés et mis en cache pour tenant 31f96c39-bd7f-453e-a7f1-88495e70272b
DEBUG 2025-07-26 11:00:01,919 tenant_config_middleware 35272 16576 Paramètres d'apparence injectés pour tenant 31f96c39-bd7f-453e-a7f1-88495e70272b
DEBUG 2025-07-26 11:00:01,919 tenant_config_middleware 35272 16576 Configuration tenant 31f96c39-bd7f-453e-a7f1-88495e70272b injectée pour /api/quotes/
INFO 2025-07-26 11:00:01,924 serializers 35272 16576 QuoteCreateSerializer - Données brutes reçues: {'opportunity_id': '8a085c53-10b2-42ec-97d0-42dff09ef6e7', 'client_name': 'Elvis Theo AKIEME OYONO', 'client_address': '', 'project_name': 'Rénovation Immeuble Saint-Michel', 'project_address': '', 'project_reference': 'OPP-8a085c53-10b2-42ec-97d0-42dff09ef6e7', 'issue_date': '2025-07-26', 'validity_period': 30, 'notes': "Devis pour l'opportunité : Rénovation Immeuble Saint-Michel", 'terms_and_conditions': 'Conditions générales de vente applicables.', 'items': [{'type': 'material', 'position': 0, 'designation': 'Ciment', 'description': '', 'unit': 'unité', 'quantity': 1, 'unitPrice': 100, 'discount': 0, 'vatRate': 20}, {'type': 'material', 'position': 1, 'designation': 'Bois', 'description': '', 'unit': 'unité', 'quantity': 1, 'unitPrice': 30, 'discount': 0, 'vatRate': 20}]}
ERROR 2025-07-26 11:00:01,927 serializers 35272 16576 QuoteCreateSerializer - Erreur de validation: {'number': [ErrorDetail(string='Ce champ est obligatoire.', code='required')], 'items': [{'quote': [ErrorDetail(string='Ce champ est obligatoire.', code='required')]}, {'quote': [ErrorDetail(string='Ce champ est obligatoire.', code='required')]}]}
ERROR 2025-07-26 11:00:01,928 serializers 35272 16576 QuoteCreateSerializer - Données causant l'erreur: {'opportunity_id': '8a085c53-10b2-42ec-97d0-42dff09ef6e7', 'client_name': 'Elvis Theo AKIEME OYONO', 'client_address': '', 'project_name': 'Rénovation Immeuble Saint-Michel', 'project_address': '', 'project_reference': 'OPP-8a085c53-10b2-42ec-97d0-42dff09ef6e7', 'issue_date': '2025-07-26', 'validity_period': 30, 'notes': "Devis pour l'opportunité : Rénovation Immeuble Saint-Michel", 'terms_and_conditions': 'Conditions générales de vente applicables.', 'items': [{'type': 'material', 'position': 0, 'designation': 'Ciment', 'description': '', 'unit': 'unité', 'quantity': 1, 'unitPrice': 100, 'discount': 0, 'vatRate': 20}, {'type': 'material', 'position': 1, 'designation': 'Bois', 'description': '', 'unit': 'unité', 'quantity': 1, 'unitPrice': 30, 'discount': 0, 'vatRate': 20}]}
DEBUG 2025-07-26 11:21:52,998 cache_service 31124 36844 Redis indisponible pour tenant 31f96c39-bd7f-453e-a7f1-88495e70272b - fallback vers API
INFO 2025-07-26 11:21:52,999 tenant_client 31124 36844 Cache miss pour tenant 31f96c39-bd7f-453e-a7f1-88495e70272b, récupération depuis l'API
INFO 2025-07-26 11:21:55,102 tenant_client 31124 36844 Configuration tenant 31f96c39-bd7f-453e-a7f1-88495e70272b récupérée avec succès
DEBUG 2025-07-26 11:21:57,137 cache_service 31124 36844 Redis indisponible - impossible de cacher config tenant 31f96c39-bd7f-453e-a7f1-88495e70272b
INFO 2025-07-26 11:21:57,138 tenant_client 31124 36844 Configuration tenant 31f96c39-bd7f-453e-a7f1-88495e70272b mise en cache
ERROR 2025-07-26 11:21:59,168 cache_service 31124 36844 Erreur récupération cache numérotation quote tenant 31f96c39-bd7f-453e-a7f1-88495e70272b: Error 10061 connecting to 127.0.0.1:6379. Aucune connexion n’a pu être établie car l’ordinateur cible l’a expressément refusée.
INFO 2025-07-26 11:21:59,168 tenant_client 31124 36844 Cache miss pour numérotation quote tenant 31f96c39-bd7f-453e-a7f1-88495e70272b
INFO 2025-07-26 11:22:01,280 tenant_client 31124 36844 Config numérotation quote pour tenant 31f96c39-bd7f-453e-a7f1-88495e70272b récupérée
ERROR 2025-07-26 11:22:03,310 cache_service 31124 36844 Erreur mise en cache numérotation quote tenant 31f96c39-bd7f-453e-a7f1-88495e70272b: Error 10061 connecting to 127.0.0.1:6379. Aucune connexion n’a pu être établie car l’ordinateur cible l’a expressément refusée.
INFO 2025-07-26 11:22:03,310 tenant_client 31124 36844 Config numérotation quote tenant 31f96c39-bd7f-453e-a7f1-88495e70272b mise en cache
ERROR 2025-07-26 11:22:05,353 cache_service 31124 36844 Erreur récupération cache numérotation invoice tenant 31f96c39-bd7f-453e-a7f1-88495e70272b: Error 10061 connecting to 127.0.0.1:6379. Aucune connexion n’a pu être établie car l’ordinateur cible l’a expressément refusée.
INFO 2025-07-26 11:22:05,354 tenant_client 31124 36844 Cache miss pour numérotation invoice tenant 31f96c39-bd7f-453e-a7f1-88495e70272b
INFO 2025-07-26 11:22:07,448 tenant_client 31124 36844 Config numérotation invoice pour tenant 31f96c39-bd7f-453e-a7f1-88495e70272b récupérée
ERROR 2025-07-26 11:22:09,490 cache_service 31124 36844 Erreur mise en cache numérotation invoice tenant 31f96c39-bd7f-453e-a7f1-88495e70272b: Error 10061 connecting to 127.0.0.1:6379. Aucune connexion n’a pu être établie car l’ordinateur cible l’a expressément refusée.
INFO 2025-07-26 11:22:09,490 tenant_client 31124 36844 Config numérotation invoice tenant 31f96c39-bd7f-453e-a7f1-88495e70272b mise en cache
ERROR 2025-07-26 11:22:11,533 cache_service 31124 36844 Erreur récupération cache numérotation credit_note tenant 31f96c39-bd7f-453e-a7f1-88495e70272b: Error 10061 connecting to 127.0.0.1:6379. Aucune connexion n’a pu être établie car l’ordinateur cible l’a expressément refusée.
INFO 2025-07-26 11:22:11,534 tenant_client 31124 36844 Cache miss pour numérotation credit_note tenant 31f96c39-bd7f-453e-a7f1-88495e70272b
INFO 2025-07-26 11:22:13,600 tenant_client 31124 36844 Config numérotation credit_note pour tenant 31f96c39-bd7f-453e-a7f1-88495e70272b récupérée
ERROR 2025-07-26 11:22:15,630 cache_service 31124 36844 Erreur mise en cache numérotation credit_note tenant 31f96c39-bd7f-453e-a7f1-88495e70272b: Error 10061 connecting to 127.0.0.1:6379. Aucune connexion n’a pu être établie car l’ordinateur cible l’a expressément refusée.
INFO 2025-07-26 11:22:15,631 tenant_client 31124 36844 Config numérotation credit_note tenant 31f96c39-bd7f-453e-a7f1-88495e70272b mise en cache
ERROR 2025-07-26 11:22:17,676 cache_service 31124 36844 Erreur récupération cache pour clé document_appearance:31f96c39-bd7f-453e-a7f1-88495e70272b: Error 10061 connecting to 127.0.0.1:6379. Aucune connexion n’a pu être établie car l’ordinateur cible l’a expressément refusée.
INFO 2025-07-26 11:22:17,676 document_appearance_service 31124 36844 Récupération des paramètres d'apparence depuis tenant-service pour tenant 31f96c39-bd7f-453e-a7f1-88495e70272b
INFO 2025-07-26 11:22:19,792 document_appearance_service 31124 36844 Paramètres d'apparence récupérés depuis tenant-service pour tenant 31f96c39-bd7f-453e-a7f1-88495e70272b
ERROR 2025-07-26 11:22:21,839 cache_service 31124 36844 Erreur mise en cache pour clé document_appearance:31f96c39-bd7f-453e-a7f1-88495e70272b: Error 10061 connecting to 127.0.0.1:6379. Aucune connexion n’a pu être établie car l’ordinateur cible l’a expressément refusée.
INFO 2025-07-26 11:22:21,840 document_appearance_service 31124 36844 Paramètres d'apparence récupérés et mis en cache pour tenant 31f96c39-bd7f-453e-a7f1-88495e70272b
DEBUG 2025-07-26 11:22:21,840 tenant_config_middleware 31124 36844 Paramètres d'apparence injectés pour tenant 31f96c39-bd7f-453e-a7f1-88495e70272b
DEBUG 2025-07-26 11:22:21,841 tenant_config_middleware 31124 36844 Configuration tenant 31f96c39-bd7f-453e-a7f1-88495e70272b injectée pour /api/quotes/
INFO 2025-07-26 11:22:21,844 serializers 31124 36844 QuoteCreateSerializer - Données brutes reçues: {'opportunity_id': '8a085c53-10b2-42ec-97d0-42dff09ef6e7', 'client_name': 'Elvis Theo AKIEME OYONO', 'client_address': '', 'project_name': 'Rénovation Immeuble Saint-Michel', 'project_address': '', 'project_reference': 'OPP-8a085c53-10b2-42ec-97d0-42dff09ef6e7', 'issue_date': '2025-07-26', 'validity_period': 30, 'notes': "Devis pour l'opportunité : Rénovation Immeuble Saint-Michel", 'terms_and_conditions': 'Conditions générales de vente applicables.', 'items': [{'type': 'material', 'position': 0, 'designation': 'Ciment', 'description': '', 'unit': 'unité', 'quantity': 1, 'unitPrice': 100, 'discount': 0, 'vatRate': 20}, {'type': 'material', 'position': 1, 'designation': 'Bois', 'description': '', 'unit': 'unité', 'quantity': 1, 'unitPrice': 30, 'discount': 0, 'vatRate': 20}]}
ERROR 2025-07-26 11:22:21,847 serializers 31124 36844 QuoteCreateSerializer - Erreur de validation: {'number': [ErrorDetail(string='Ce champ est obligatoire.', code='required')], 'items': [{'quote': [ErrorDetail(string='Ce champ est obligatoire.', code='required')]}, {'quote': [ErrorDetail(string='Ce champ est obligatoire.', code='required')]}]}
ERROR 2025-07-26 11:22:21,847 serializers 31124 36844 QuoteCreateSerializer - Données causant l'erreur: {'opportunity_id': '8a085c53-10b2-42ec-97d0-42dff09ef6e7', 'client_name': 'Elvis Theo AKIEME OYONO', 'client_address': '', 'project_name': 'Rénovation Immeuble Saint-Michel', 'project_address': '', 'project_reference': 'OPP-8a085c53-10b2-42ec-97d0-42dff09ef6e7', 'issue_date': '2025-07-26', 'validity_period': 30, 'notes': "Devis pour l'opportunité : Rénovation Immeuble Saint-Michel", 'terms_and_conditions': 'Conditions générales de vente applicables.', 'items': [{'type': 'material', 'position': 0, 'designation': 'Ciment', 'description': '', 'unit': 'unité', 'quantity': 1, 'unitPrice': 100, 'discount': 0, 'vatRate': 20}, {'type': 'material', 'position': 1, 'designation': 'Bois', 'description': '', 'unit': 'unité', 'quantity': 1, 'unitPrice': 30, 'discount': 0, 'vatRate': 20}]}
DEBUG 2025-07-26 11:25:07,787 cache_service 15472 32488 Redis indisponible pour tenant 31f96c39-bd7f-453e-a7f1-88495e70272b - fallback vers API
INFO 2025-07-26 11:25:07,788 tenant_client 15472 32488 Cache miss pour tenant 31f96c39-bd7f-453e-a7f1-88495e70272b, récupération depuis l'API
INFO 2025-07-26 11:25:09,899 tenant_client 15472 32488 Configuration tenant 31f96c39-bd7f-453e-a7f1-88495e70272b récupérée avec succès
DEBUG 2025-07-26 11:25:11,932 cache_service 15472 32488 Redis indisponible - impossible de cacher config tenant 31f96c39-bd7f-453e-a7f1-88495e70272b
INFO 2025-07-26 11:25:11,932 tenant_client 15472 32488 Configuration tenant 31f96c39-bd7f-453e-a7f1-88495e70272b mise en cache
ERROR 2025-07-26 11:25:13,965 cache_service 15472 32488 Erreur récupération cache numérotation quote tenant 31f96c39-bd7f-453e-a7f1-88495e70272b: Error 10061 connecting to 127.0.0.1:6379. Aucune connexion n’a pu être établie car l’ordinateur cible l’a expressément refusée.
INFO 2025-07-26 11:25:13,965 tenant_client 15472 32488 Cache miss pour numérotation quote tenant 31f96c39-bd7f-453e-a7f1-88495e70272b
INFO 2025-07-26 11:25:16,045 tenant_client 15472 32488 Config numérotation quote pour tenant 31f96c39-bd7f-453e-a7f1-88495e70272b récupérée
ERROR 2025-07-26 11:25:18,075 cache_service 15472 32488 Erreur mise en cache numérotation quote tenant 31f96c39-bd7f-453e-a7f1-88495e70272b: Error 10061 connecting to 127.0.0.1:6379. Aucune connexion n’a pu être établie car l’ordinateur cible l’a expressément refusée.
INFO 2025-07-26 11:25:18,075 tenant_client 15472 32488 Config numérotation quote tenant 31f96c39-bd7f-453e-a7f1-88495e70272b mise en cache
ERROR 2025-07-26 11:25:20,121 cache_service 15472 32488 Erreur récupération cache numérotation invoice tenant 31f96c39-bd7f-453e-a7f1-88495e70272b: Error 10061 connecting to 127.0.0.1:6379. Aucune connexion n’a pu être établie car l’ordinateur cible l’a expressément refusée.
INFO 2025-07-26 11:25:20,122 tenant_client 15472 32488 Cache miss pour numérotation invoice tenant 31f96c39-bd7f-453e-a7f1-88495e70272b
INFO 2025-07-26 11:25:22,212 tenant_client 15472 32488 Config numérotation invoice pour tenant 31f96c39-bd7f-453e-a7f1-88495e70272b récupérée
ERROR 2025-07-26 11:25:24,247 cache_service 15472 32488 Erreur mise en cache numérotation invoice tenant 31f96c39-bd7f-453e-a7f1-88495e70272b: Error 10061 connecting to 127.0.0.1:6379. Aucune connexion n’a pu être établie car l’ordinateur cible l’a expressément refusée.
INFO 2025-07-26 11:25:24,248 tenant_client 15472 32488 Config numérotation invoice tenant 31f96c39-bd7f-453e-a7f1-88495e70272b mise en cache
ERROR 2025-07-26 11:25:26,287 cache_service 15472 32488 Erreur récupération cache numérotation credit_note tenant 31f96c39-bd7f-453e-a7f1-88495e70272b: Error 10061 connecting to 127.0.0.1:6379. Aucune connexion n’a pu être établie car l’ordinateur cible l’a expressément refusée.
INFO 2025-07-26 11:25:26,288 tenant_client 15472 32488 Cache miss pour numérotation credit_note tenant 31f96c39-bd7f-453e-a7f1-88495e70272b
INFO 2025-07-26 11:25:28,443 tenant_client 15472 32488 Config numérotation credit_note pour tenant 31f96c39-bd7f-453e-a7f1-88495e70272b récupérée
ERROR 2025-07-26 11:25:30,473 cache_service 15472 32488 Erreur mise en cache numérotation credit_note tenant 31f96c39-bd7f-453e-a7f1-88495e70272b: Error 10061 connecting to 127.0.0.1:6379. Aucune connexion n’a pu être établie car l’ordinateur cible l’a expressément refusée.
INFO 2025-07-26 11:25:30,473 tenant_client 15472 32488 Config numérotation credit_note tenant 31f96c39-bd7f-453e-a7f1-88495e70272b mise en cache
ERROR 2025-07-26 11:25:32,501 cache_service 15472 32488 Erreur récupération cache pour clé document_appearance:31f96c39-bd7f-453e-a7f1-88495e70272b: Error 10061 connecting to 127.0.0.1:6379. Aucune connexion n’a pu être établie car l’ordinateur cible l’a expressément refusée.
INFO 2025-07-26 11:25:32,501 document_appearance_service 15472 32488 Récupération des paramètres d'apparence depuis tenant-service pour tenant 31f96c39-bd7f-453e-a7f1-88495e70272b
INFO 2025-07-26 11:25:34,581 document_appearance_service 15472 32488 Paramètres d'apparence récupérés depuis tenant-service pour tenant 31f96c39-bd7f-453e-a7f1-88495e70272b
ERROR 2025-07-26 11:25:36,626 cache_service 15472 32488 Erreur mise en cache pour clé document_appearance:31f96c39-bd7f-453e-a7f1-88495e70272b: Error 10061 connecting to 127.0.0.1:6379. Aucune connexion n’a pu être établie car l’ordinateur cible l’a expressément refusée.
INFO 2025-07-26 11:25:36,626 document_appearance_service 15472 32488 Paramètres d'apparence récupérés et mis en cache pour tenant 31f96c39-bd7f-453e-a7f1-88495e70272b
DEBUG 2025-07-26 11:25:36,627 tenant_config_middleware 15472 32488 Paramètres d'apparence injectés pour tenant 31f96c39-bd7f-453e-a7f1-88495e70272b
DEBUG 2025-07-26 11:25:36,627 tenant_config_middleware 15472 32488 Configuration tenant 31f96c39-bd7f-453e-a7f1-88495e70272b injectée pour /api/quotes/
INFO 2025-07-26 11:25:36,630 serializers 15472 32488 QuoteCreateSerializer - Données brutes reçues: {'opportunity_id': '8a085c53-10b2-42ec-97d0-42dff09ef6e7', 'client_name': 'Elvis Theo AKIEME OYONO', 'client_address': '', 'project_name': 'Rénovation Immeuble Saint-Michel', 'project_address': '', 'project_reference': 'OPP-8a085c53-10b2-42ec-97d0-42dff09ef6e7', 'issue_date': '2025-07-26', 'validity_period': 30, 'notes': "Devis pour l'opportunité : Rénovation Immeuble Saint-Michel", 'terms_and_conditions': 'Conditions générales de vente applicables.', 'items': [{'type': 'material', 'position': 0, 'designation': 'Ciment', 'description': '', 'unit': 'unité', 'quantity': 1, 'unitPrice': 100, 'discount': 0, 'vatRate': 20}, {'type': 'material', 'position': 1, 'designation': 'Bois', 'description': '', 'unit': 'unité', 'quantity': 1, 'unitPrice': 30, 'discount': 0, 'vatRate': 20}]}
INFO 2025-07-26 11:25:36,634 serializers 15472 32488 QuoteCreateSerializer - Données validées: {'client_name': 'Elvis Theo AKIEME OYONO', 'client_address': '', 'project_name': 'Rénovation Immeuble Saint-Michel', 'project_address': '', 'project_reference': 'OPP-8a085c53-10b2-42ec-97d0-42dff09ef6e7', 'issue_date': datetime.date(2025, 7, 26), 'notes': "Devis pour l'opportunité : Rénovation Immeuble Saint-Michel", 'terms_and_conditions': 'Conditions générales de vente applicables.', 'opportunity_id': UUID('8a085c53-10b2-42ec-97d0-42dff09ef6e7'), 'validity_period': 30, 'margin': 0, 'items': [{'type': 'material', 'position': 0, 'designation': 'Ciment', 'description': '', 'unit': 'unité', 'quantity': Decimal('1.00'), 'unit_price': Decimal('100.00'), 'discount': Decimal('0.00'), 'vat_rate': '20'}, {'type': 'material', 'position': 1, 'designation': 'Bois', 'description': '', 'unit': 'unité', 'quantity': Decimal('1.00'), 'unit_price': Decimal('30.00'), 'discount': Decimal('0.00'), 'vat_rate': '20'}]}
INFO 2025-07-26 11:25:36,635 serializers 15472 32488 QuoteCreateSerializer.create - Données reçues: {'client_name': 'Elvis Theo AKIEME OYONO', 'client_address': '', 'project_name': 'Rénovation Immeuble Saint-Michel', 'project_address': '', 'project_reference': 'OPP-8a085c53-10b2-42ec-97d0-42dff09ef6e7', 'issue_date': datetime.date(2025, 7, 26), 'notes': "Devis pour l'opportunité : Rénovation Immeuble Saint-Michel", 'terms_and_conditions': 'Conditions générales de vente applicables.', 'opportunity_id': UUID('8a085c53-10b2-42ec-97d0-42dff09ef6e7'), 'validity_period': 30, 'margin': 0, 'items': [{'type': 'material', 'position': 0, 'designation': 'Ciment', 'description': '', 'unit': 'unité', 'quantity': Decimal('1.00'), 'unit_price': Decimal('100.00'), 'discount': Decimal('0.00'), 'vat_rate': '20'}, {'type': 'material', 'position': 1, 'designation': 'Bois', 'description': '', 'unit': 'unité', 'quantity': Decimal('1.00'), 'unit_price': Decimal('30.00'), 'discount': Decimal('0.00'), 'vat_rate': '20'}]}
INFO 2025-07-26 11:25:36,636 serializers 15472 32488 QuoteCreateSerializer.create - Items extraits: [{'type': 'material', 'position': 0, 'designation': 'Ciment', 'description': '', 'unit': 'unité', 'quantity': Decimal('1.00'), 'unit_price': Decimal('100.00'), 'discount': Decimal('0.00'), 'vat_rate': '20'}, {'type': 'material', 'position': 1, 'designation': 'Bois', 'description': '', 'unit': 'unité', 'quantity': Decimal('1.00'), 'unit_price': Decimal('30.00'), 'discount': Decimal('0.00'), 'vat_rate': '20'}]
INFO 2025-07-26 11:25:36,636 serializers 15472 32488 QuoteCreateSerializer.create - Tenant ID: 31f96c39-bd7f-453e-a7f1-88495e70272b
ERROR 2025-07-26 11:25:36,654 serializers 15472 32488 Erreur récupération configs batch: No module named 'aiohttp'
INFO 2025-07-26 11:25:36,664 serializers 15472 32488 QuoteCreateSerializer.create - Devis créé: 3827e629-cc3e-4fdf-a284-58f991a785b0
INFO 2025-07-26 11:25:36,664 serializers 15472 32488 QuoteCreateSerializer.create - Préparation item: {'type': 'material', 'position': 0, 'designation': 'Ciment', 'description': '', 'unit': 'unité', 'quantity': Decimal('1.00'), 'unit_price': Decimal('100.00'), 'discount': Decimal('0.00'), 'vat_rate': '20'}
INFO 2025-07-26 11:25:36,665 serializers 15472 32488 QuoteCreateSerializer.create - Préparation item: {'type': 'material', 'position': 1, 'designation': 'Bois', 'description': '', 'unit': 'unité', 'quantity': Decimal('1.00'), 'unit_price': Decimal('30.00'), 'discount': Decimal('0.00'), 'vat_rate': '20'}
INFO 2025-07-26 11:25:36,674 serializers 15472 32488 Items créés en lot: 2
ERROR 2025-07-26 11:25:38,711 tenant_config_middleware 15472 32488 Erreur pour tenant 31f96c39-bd7f-453e-a7f1-88495e70272b sur /api/quotes/: Error 10061 connecting to 127.0.0.1:6379. Aucune connexion n’a pu être établie car l’ordinateur cible l’a expressément refusée.
DEBUG 2025-07-26 11:37:59,866 cache_service 5596 30588 Redis indisponible pour tenant 31f96c39-bd7f-453e-a7f1-88495e70272b - fallback vers API
INFO 2025-07-26 11:37:59,866 tenant_client 5596 30588 Cache miss pour tenant 31f96c39-bd7f-453e-a7f1-88495e70272b, récupération depuis l'API
INFO 2025-07-26 11:38:01,987 tenant_client 5596 30588 Configuration tenant 31f96c39-bd7f-453e-a7f1-88495e70272b récupérée avec succès
DEBUG 2025-07-26 11:38:04,025 cache_service 5596 30588 Redis indisponible - impossible de cacher config tenant 31f96c39-bd7f-453e-a7f1-88495e70272b
INFO 2025-07-26 11:38:04,026 tenant_client 5596 30588 Configuration tenant 31f96c39-bd7f-453e-a7f1-88495e70272b mise en cache
ERROR 2025-07-26 11:38:06,058 cache_service 5596 30588 Erreur récupération cache numérotation quote tenant 31f96c39-bd7f-453e-a7f1-88495e70272b: Error 10061 connecting to 127.0.0.1:6379. Aucune connexion n’a pu être établie car l’ordinateur cible l’a expressément refusée.
INFO 2025-07-26 11:38:06,058 tenant_client 5596 30588 Cache miss pour numérotation quote tenant 31f96c39-bd7f-453e-a7f1-88495e70272b
INFO 2025-07-26 11:38:08,189 tenant_client 5596 30588 Config numérotation quote pour tenant 31f96c39-bd7f-453e-a7f1-88495e70272b récupérée
ERROR 2025-07-26 11:38:10,227 cache_service 5596 30588 Erreur mise en cache numérotation quote tenant 31f96c39-bd7f-453e-a7f1-88495e70272b: Error 10061 connecting to 127.0.0.1:6379. Aucune connexion n’a pu être établie car l’ordinateur cible l’a expressément refusée.
INFO 2025-07-26 11:38:10,228 tenant_client 5596 30588 Config numérotation quote tenant 31f96c39-bd7f-453e-a7f1-88495e70272b mise en cache
ERROR 2025-07-26 11:38:12,276 cache_service 5596 30588 Erreur récupération cache numérotation invoice tenant 31f96c39-bd7f-453e-a7f1-88495e70272b: Error 10061 connecting to 127.0.0.1:6379. Aucune connexion n’a pu être établie car l’ordinateur cible l’a expressément refusée.
INFO 2025-07-26 11:38:12,277 tenant_client 5596 30588 Cache miss pour numérotation invoice tenant 31f96c39-bd7f-453e-a7f1-88495e70272b
INFO 2025-07-26 11:38:14,385 tenant_client 5596 30588 Config numérotation invoice pour tenant 31f96c39-bd7f-453e-a7f1-88495e70272b récupérée
ERROR 2025-07-26 11:38:16,415 cache_service 5596 30588 Erreur mise en cache numérotation invoice tenant 31f96c39-bd7f-453e-a7f1-88495e70272b: Error 10061 connecting to 127.0.0.1:6379. Aucune connexion n’a pu être établie car l’ordinateur cible l’a expressément refusée.
INFO 2025-07-26 11:38:16,416 tenant_client 5596 30588 Config numérotation invoice tenant 31f96c39-bd7f-453e-a7f1-88495e70272b mise en cache
ERROR 2025-07-26 11:38:18,473 cache_service 5596 30588 Erreur récupération cache numérotation credit_note tenant 31f96c39-bd7f-453e-a7f1-88495e70272b: Error 10061 connecting to 127.0.0.1:6379. Aucune connexion n’a pu être établie car l’ordinateur cible l’a expressément refusée.
INFO 2025-07-26 11:38:18,473 tenant_client 5596 30588 Cache miss pour numérotation credit_note tenant 31f96c39-bd7f-453e-a7f1-88495e70272b
INFO 2025-07-26 11:38:20,590 tenant_client 5596 30588 Config numérotation credit_note pour tenant 31f96c39-bd7f-453e-a7f1-88495e70272b récupérée
ERROR 2025-07-26 11:38:22,631 cache_service 5596 30588 Erreur mise en cache numérotation credit_note tenant 31f96c39-bd7f-453e-a7f1-88495e70272b: Error 10061 connecting to 127.0.0.1:6379. Aucune connexion n’a pu être établie car l’ordinateur cible l’a expressément refusée.
INFO 2025-07-26 11:38:22,631 tenant_client 5596 30588 Config numérotation credit_note tenant 31f96c39-bd7f-453e-a7f1-88495e70272b mise en cache
ERROR 2025-07-26 11:38:24,671 cache_service 5596 30588 Erreur récupération cache pour clé document_appearance:31f96c39-bd7f-453e-a7f1-88495e70272b: Error 10061 connecting to 127.0.0.1:6379. Aucune connexion n’a pu être établie car l’ordinateur cible l’a expressément refusée.
INFO 2025-07-26 11:38:24,671 document_appearance_service 5596 30588 Récupération des paramètres d'apparence depuis tenant-service pour tenant 31f96c39-bd7f-453e-a7f1-88495e70272b
INFO 2025-07-26 11:38:26,761 document_appearance_service 5596 30588 Paramètres d'apparence récupérés depuis tenant-service pour tenant 31f96c39-bd7f-453e-a7f1-88495e70272b
ERROR 2025-07-26 11:38:28,809 cache_service 5596 30588 Erreur mise en cache pour clé document_appearance:31f96c39-bd7f-453e-a7f1-88495e70272b: Error 10061 connecting to 127.0.0.1:6379. Aucune connexion n’a pu être établie car l’ordinateur cible l’a expressément refusée.
INFO 2025-07-26 11:38:28,809 document_appearance_service 5596 30588 Paramètres d'apparence récupérés et mis en cache pour tenant 31f96c39-bd7f-453e-a7f1-88495e70272b
DEBUG 2025-07-26 11:38:28,809 tenant_config_middleware 5596 30588 Paramètres d'apparence injectés pour tenant 31f96c39-bd7f-453e-a7f1-88495e70272b
DEBUG 2025-07-26 11:38:28,810 tenant_config_middleware 5596 30588 Configuration tenant 31f96c39-bd7f-453e-a7f1-88495e70272b injectée pour /api/quotes/
INFO 2025-07-26 11:38:28,814 serializers 5596 30588 QuoteCreateSerializer - Données brutes reçues: {'opportunity_id': '8a085c53-10b2-42ec-97d0-42dff09ef6e7', 'client_name': 'Elvis Theo AKIEME OYONO', 'client_address': '', 'project_name': 'Rénovation Immeuble Saint-Michel', 'project_address': '', 'project_reference': 'OPP-8a085c53-10b2-42ec-97d0-42dff09ef6e7', 'issue_date': '2025-07-26', 'validity_period': 30, 'notes': "Devis pour l'opportunité : Rénovation Immeuble Saint-Michel", 'terms_and_conditions': 'Conditions générales de vente applicables.', 'items': [{'type': 'material', 'position': 0, 'designation': 'Ciment', 'description': '', 'unit': 'unité', 'quantity': 1, 'unitPrice': 100, 'discount': 0, 'vatRate': 20}, {'type': 'material', 'position': 1, 'designation': 'Bois', 'description': '', 'unit': 'unité', 'quantity': 1, 'unitPrice': 30, 'discount': 0, 'vatRate': 20}]}
INFO 2025-07-26 11:38:28,817 serializers 5596 30588 QuoteCreateSerializer - Données validées: {'client_name': 'Elvis Theo AKIEME OYONO', 'client_address': '', 'project_name': 'Rénovation Immeuble Saint-Michel', 'project_address': '', 'project_reference': 'OPP-8a085c53-10b2-42ec-97d0-42dff09ef6e7', 'issue_date': datetime.date(2025, 7, 26), 'notes': "Devis pour l'opportunité : Rénovation Immeuble Saint-Michel", 'terms_and_conditions': 'Conditions générales de vente applicables.', 'opportunity_id': UUID('8a085c53-10b2-42ec-97d0-42dff09ef6e7'), 'validity_period': 30, 'margin': 0, 'items': [{'type': 'material', 'position': 0, 'designation': 'Ciment', 'description': '', 'unit': 'unité', 'quantity': Decimal('1.00'), 'unit_price': Decimal('100.00'), 'discount': Decimal('0.00'), 'vat_rate': '20'}, {'type': 'material', 'position': 1, 'designation': 'Bois', 'description': '', 'unit': 'unité', 'quantity': Decimal('1.00'), 'unit_price': Decimal('30.00'), 'discount': Decimal('0.00'), 'vat_rate': '20'}]}
INFO 2025-07-26 11:38:28,817 serializers 5596 30588 QuoteCreateSerializer.create - Données reçues: {'client_name': 'Elvis Theo AKIEME OYONO', 'client_address': '', 'project_name': 'Rénovation Immeuble Saint-Michel', 'project_address': '', 'project_reference': 'OPP-8a085c53-10b2-42ec-97d0-42dff09ef6e7', 'issue_date': datetime.date(2025, 7, 26), 'notes': "Devis pour l'opportunité : Rénovation Immeuble Saint-Michel", 'terms_and_conditions': 'Conditions générales de vente applicables.', 'opportunity_id': UUID('8a085c53-10b2-42ec-97d0-42dff09ef6e7'), 'validity_period': 30, 'margin': 0, 'items': [{'type': 'material', 'position': 0, 'designation': 'Ciment', 'description': '', 'unit': 'unité', 'quantity': Decimal('1.00'), 'unit_price': Decimal('100.00'), 'discount': Decimal('0.00'), 'vat_rate': '20'}, {'type': 'material', 'position': 1, 'designation': 'Bois', 'description': '', 'unit': 'unité', 'quantity': Decimal('1.00'), 'unit_price': Decimal('30.00'), 'discount': Decimal('0.00'), 'vat_rate': '20'}]}
INFO 2025-07-26 11:38:28,818 serializers 5596 30588 QuoteCreateSerializer.create - Items extraits: [{'type': 'material', 'position': 0, 'designation': 'Ciment', 'description': '', 'unit': 'unité', 'quantity': Decimal('1.00'), 'unit_price': Decimal('100.00'), 'discount': Decimal('0.00'), 'vat_rate': '20'}, {'type': 'material', 'position': 1, 'designation': 'Bois', 'description': '', 'unit': 'unité', 'quantity': Decimal('1.00'), 'unit_price': Decimal('30.00'), 'discount': Decimal('0.00'), 'vat_rate': '20'}]
INFO 2025-07-26 11:38:28,818 serializers 5596 30588 QuoteCreateSerializer.create - Tenant ID: 31f96c39-bd7f-453e-a7f1-88495e70272b
ERROR 2025-07-26 11:38:28,820 serializers 5596 30588 Erreur récupération configs batch: No module named 'aiohttp'
INFO 2025-07-26 11:38:28,825 serializers 5596 30588 QuoteCreateSerializer.create - Devis créé: dc37fb6b-334a-48f7-b0cf-f0c4c0949973
INFO 2025-07-26 11:38:28,825 serializers 5596 30588 QuoteCreateSerializer.create - Préparation item: {'type': 'material', 'position': 0, 'designation': 'Ciment', 'description': '', 'unit': 'unité', 'quantity': Decimal('1.00'), 'unit_price': Decimal('100.00'), 'discount': Decimal('0.00'), 'vat_rate': '20'}
INFO 2025-07-26 11:38:28,826 serializers 5596 30588 QuoteCreateSerializer.create - Préparation item: {'type': 'material', 'position': 1, 'designation': 'Bois', 'description': '', 'unit': 'unité', 'quantity': Decimal('1.00'), 'unit_price': Decimal('30.00'), 'discount': Decimal('0.00'), 'vat_rate': '20'}
INFO 2025-07-26 11:38:28,832 serializers 5596 30588 Items créés en lot: 2
DEBUG 2025-07-26 11:38:30,881 vat_rate_service 5596 30588 Cache indisponible pour les taux de TVA tenant 31f96c39-bd7f-453e-a7f1-88495e70272b: Error 10061 connecting to 127.0.0.1:6379. Aucune connexion n’a pu être établie car l’ordinateur cible l’a expressément refusée.
INFO 2025-07-26 11:38:30,882 vat_rate_service 5596 30588 Récupération des taux de TVA depuis tenant-service pour tenant 31f96c39-bd7f-453e-a7f1-88495e70272b
INFO 2025-07-26 11:38:32,995 tenant_client 5596 30588 Configuration tenant 31f96c39-bd7f-453e-a7f1-88495e70272b récupérée avec succès
DEBUG 2025-07-26 11:38:35,020 vat_rate_service 5596 30588 Impossible de mettre en cache les taux de TVA pour tenant 31f96c39-bd7f-453e-a7f1-88495e70272b: Error 10061 connecting to 127.0.0.1:6379. Aucune connexion n’a pu être établie car l’ordinateur cible l’a expressément refusée.
INFO 2025-07-26 11:38:35,020 vat_rate_service 5596 30588 Taux de TVA récupérés et mis en cache pour tenant 31f96c39-bd7f-453e-a7f1-88495e70272b
DEBUG 2025-07-26 11:38:37,069 vat_rate_service 5596 30588 Cache indisponible pour les taux de TVA tenant 31f96c39-bd7f-453e-a7f1-88495e70272b: Error 10061 connecting to 127.0.0.1:6379. Aucune connexion n’a pu être établie car l’ordinateur cible l’a expressément refusée.
INFO 2025-07-26 11:38:37,070 vat_rate_service 5596 30588 Récupération des taux de TVA depuis tenant-service pour tenant 31f96c39-bd7f-453e-a7f1-88495e70272b
INFO 2025-07-26 11:38:39,173 tenant_client 5596 30588 Configuration tenant 31f96c39-bd7f-453e-a7f1-88495e70272b récupérée avec succès
DEBUG 2025-07-26 11:38:41,212 vat_rate_service 5596 30588 Impossible de mettre en cache les taux de TVA pour tenant 31f96c39-bd7f-453e-a7f1-88495e70272b: Error 10061 connecting to 127.0.0.1:6379. Aucune connexion n’a pu être établie car l’ordinateur cible l’a expressément refusée.
INFO 2025-07-26 11:38:41,213 vat_rate_service 5596 30588 Taux de TVA récupérés et mis en cache pour tenant 31f96c39-bd7f-453e-a7f1-88495e70272b
INFO 2025-07-26 11:38:41,220 serializers 5596 30588 QuoteCreateSerializer.create - Devis finalisé:  - Elvis Theo AKIEME OYONO - 156.00 €
DEBUG 2025-07-26 11:39:26,186 cache_service 5596 35992 Redis indisponible pour tenant 31f96c39-bd7f-453e-a7f1-88495e70272b - fallback vers API
INFO 2025-07-26 11:39:26,186 tenant_client 5596 35992 Cache miss pour tenant 31f96c39-bd7f-453e-a7f1-88495e70272b, récupération depuis l'API
INFO 2025-07-26 11:39:28,309 tenant_client 5596 35992 Configuration tenant 31f96c39-bd7f-453e-a7f1-88495e70272b récupérée avec succès
DEBUG 2025-07-26 11:39:30,336 cache_service 5596 35992 Redis indisponible - impossible de cacher config tenant 31f96c39-bd7f-453e-a7f1-88495e70272b
INFO 2025-07-26 11:39:30,337 tenant_client 5596 35992 Configuration tenant 31f96c39-bd7f-453e-a7f1-88495e70272b mise en cache
ERROR 2025-07-26 11:39:32,384 cache_service 5596 35992 Erreur récupération cache numérotation quote tenant 31f96c39-bd7f-453e-a7f1-88495e70272b: Error 10061 connecting to 127.0.0.1:6379. Aucune connexion n’a pu être établie car l’ordinateur cible l’a expressément refusée.
INFO 2025-07-26 11:39:32,384 tenant_client 5596 35992 Cache miss pour numérotation quote tenant 31f96c39-bd7f-453e-a7f1-88495e70272b
INFO 2025-07-26 11:39:34,474 tenant_client 5596 35992 Config numérotation quote pour tenant 31f96c39-bd7f-453e-a7f1-88495e70272b récupérée
ERROR 2025-07-26 11:39:36,511 cache_service 5596 35992 Erreur mise en cache numérotation quote tenant 31f96c39-bd7f-453e-a7f1-88495e70272b: Error 10061 connecting to 127.0.0.1:6379. Aucune connexion n’a pu être établie car l’ordinateur cible l’a expressément refusée.
INFO 2025-07-26 11:39:36,512 tenant_client 5596 35992 Config numérotation quote tenant 31f96c39-bd7f-453e-a7f1-88495e70272b mise en cache
ERROR 2025-07-26 11:39:38,555 cache_service 5596 35992 Erreur récupération cache numérotation invoice tenant 31f96c39-bd7f-453e-a7f1-88495e70272b: Error 10061 connecting to 127.0.0.1:6379. Aucune connexion n’a pu être établie car l’ordinateur cible l’a expressément refusée.
INFO 2025-07-26 11:39:38,555 tenant_client 5596 35992 Cache miss pour numérotation invoice tenant 31f96c39-bd7f-453e-a7f1-88495e70272b
INFO 2025-07-26 11:39:40,775 tenant_client 5596 35992 Config numérotation invoice pour tenant 31f96c39-bd7f-453e-a7f1-88495e70272b récupérée
ERROR 2025-07-26 11:39:42,818 cache_service 5596 35992 Erreur mise en cache numérotation invoice tenant 31f96c39-bd7f-453e-a7f1-88495e70272b: Error 10061 connecting to 127.0.0.1:6379. Aucune connexion n’a pu être établie car l’ordinateur cible l’a expressément refusée.
INFO 2025-07-26 11:39:42,818 tenant_client 5596 35992 Config numérotation invoice tenant 31f96c39-bd7f-453e-a7f1-88495e70272b mise en cache
ERROR 2025-07-26 11:39:44,860 cache_service 5596 35992 Erreur récupération cache numérotation credit_note tenant 31f96c39-bd7f-453e-a7f1-88495e70272b: Error 10061 connecting to 127.0.0.1:6379. Aucune connexion n’a pu être établie car l’ordinateur cible l’a expressément refusée.
INFO 2025-07-26 11:39:44,860 tenant_client 5596 35992 Cache miss pour numérotation credit_note tenant 31f96c39-bd7f-453e-a7f1-88495e70272b
INFO 2025-07-26 11:39:46,974 tenant_client 5596 35992 Config numérotation credit_note pour tenant 31f96c39-bd7f-453e-a7f1-88495e70272b récupérée
ERROR 2025-07-26 11:39:49,018 cache_service 5596 35992 Erreur mise en cache numérotation credit_note tenant 31f96c39-bd7f-453e-a7f1-88495e70272b: Error 10061 connecting to 127.0.0.1:6379. Aucune connexion n’a pu être établie car l’ordinateur cible l’a expressément refusée.
INFO 2025-07-26 11:39:49,019 tenant_client 5596 35992 Config numérotation credit_note tenant 31f96c39-bd7f-453e-a7f1-88495e70272b mise en cache
ERROR 2025-07-26 11:39:51,060 cache_service 5596 35992 Erreur récupération cache pour clé document_appearance:31f96c39-bd7f-453e-a7f1-88495e70272b: Error 10061 connecting to 127.0.0.1:6379. Aucune connexion n’a pu être établie car l’ordinateur cible l’a expressément refusée.
INFO 2025-07-26 11:39:51,060 document_appearance_service 5596 35992 Récupération des paramètres d'apparence depuis tenant-service pour tenant 31f96c39-bd7f-453e-a7f1-88495e70272b
INFO 2025-07-26 11:39:53,266 document_appearance_service 5596 35992 Paramètres d'apparence récupérés depuis tenant-service pour tenant 31f96c39-bd7f-453e-a7f1-88495e70272b
ERROR 2025-07-26 11:39:55,303 cache_service 5596 35992 Erreur mise en cache pour clé document_appearance:31f96c39-bd7f-453e-a7f1-88495e70272b: Error 10061 connecting to 127.0.0.1:6379. Aucune connexion n’a pu être établie car l’ordinateur cible l’a expressément refusée.
INFO 2025-07-26 11:39:55,304 document_appearance_service 5596 35992 Paramètres d'apparence récupérés et mis en cache pour tenant 31f96c39-bd7f-453e-a7f1-88495e70272b
DEBUG 2025-07-26 11:39:55,304 tenant_config_middleware 5596 35992 Paramètres d'apparence injectés pour tenant 31f96c39-bd7f-453e-a7f1-88495e70272b
DEBUG 2025-07-26 11:39:55,305 tenant_config_middleware 5596 35992 Configuration tenant 31f96c39-bd7f-453e-a7f1-88495e70272b injectée pour /api/quotes/
INFO 2025-07-26 11:39:55,305 serializers 5596 35992 QuoteCreateSerializer - Données brutes reçues: {'opportunity_id': '8a085c53-10b2-42ec-97d0-42dff09ef6e7', 'client_name': 'Elvis Theo AKIEME OYONO', 'client_address': '', 'project_name': 'Rénovation Immeuble Saint-Michel', 'project_address': '', 'project_reference': 'OPP-8a085c53-10b2-42ec-97d0-42dff09ef6e7', 'issue_date': '2025-07-26', 'validity_period': 30, 'notes': "Devis pour l'opportunité : Rénovation Immeuble Saint-Michel", 'terms_and_conditions': 'Conditions générales de vente applicables.', 'items': [{'type': 'material', 'position': 0, 'designation': 'Bois', 'description': '', 'unit': 'unité', 'quantity': 1, 'unitPrice': 30, 'discount': 0, 'vatRate': 20}]}
INFO 2025-07-26 11:39:55,308 serializers 5596 35992 QuoteCreateSerializer - Données validées: {'client_name': 'Elvis Theo AKIEME OYONO', 'client_address': '', 'project_name': 'Rénovation Immeuble Saint-Michel', 'project_address': '', 'project_reference': 'OPP-8a085c53-10b2-42ec-97d0-42dff09ef6e7', 'issue_date': datetime.date(2025, 7, 26), 'notes': "Devis pour l'opportunité : Rénovation Immeuble Saint-Michel", 'terms_and_conditions': 'Conditions générales de vente applicables.', 'opportunity_id': UUID('8a085c53-10b2-42ec-97d0-42dff09ef6e7'), 'validity_period': 30, 'margin': 0, 'items': [{'type': 'material', 'position': 0, 'designation': 'Bois', 'description': '', 'unit': 'unité', 'quantity': Decimal('1.00'), 'unit_price': Decimal('30.00'), 'discount': Decimal('0.00'), 'vat_rate': '20'}]}
INFO 2025-07-26 11:39:55,309 serializers 5596 35992 QuoteCreateSerializer.create - Données reçues: {'client_name': 'Elvis Theo AKIEME OYONO', 'client_address': '', 'project_name': 'Rénovation Immeuble Saint-Michel', 'project_address': '', 'project_reference': 'OPP-8a085c53-10b2-42ec-97d0-42dff09ef6e7', 'issue_date': datetime.date(2025, 7, 26), 'notes': "Devis pour l'opportunité : Rénovation Immeuble Saint-Michel", 'terms_and_conditions': 'Conditions générales de vente applicables.', 'opportunity_id': UUID('8a085c53-10b2-42ec-97d0-42dff09ef6e7'), 'validity_period': 30, 'margin': 0, 'items': [{'type': 'material', 'position': 0, 'designation': 'Bois', 'description': '', 'unit': 'unité', 'quantity': Decimal('1.00'), 'unit_price': Decimal('30.00'), 'discount': Decimal('0.00'), 'vat_rate': '20'}]}
INFO 2025-07-26 11:39:55,310 serializers 5596 35992 QuoteCreateSerializer.create - Items extraits: [{'type': 'material', 'position': 0, 'designation': 'Bois', 'description': '', 'unit': 'unité', 'quantity': Decimal('1.00'), 'unit_price': Decimal('30.00'), 'discount': Decimal('0.00'), 'vat_rate': '20'}]
INFO 2025-07-26 11:39:55,310 serializers 5596 35992 QuoteCreateSerializer.create - Tenant ID: 31f96c39-bd7f-453e-a7f1-88495e70272b
ERROR 2025-07-26 11:39:55,311 serializers 5596 35992 Erreur récupération configs batch: No module named 'aiohttp'
INFO 2025-07-26 11:39:55,315 serializers 5596 35992 QuoteCreateSerializer.create - Devis créé: c26b4bd3-b611-4924-bf08-584369fbf268
INFO 2025-07-26 11:39:55,315 serializers 5596 35992 QuoteCreateSerializer.create - Préparation item: {'type': 'material', 'position': 0, 'designation': 'Bois', 'description': '', 'unit': 'unité', 'quantity': Decimal('1.00'), 'unit_price': Decimal('30.00'), 'discount': Decimal('0.00'), 'vat_rate': '20'}
INFO 2025-07-26 11:39:55,321 serializers 5596 35992 Items créés en lot: 1
DEBUG 2025-07-26 11:39:57,364 vat_rate_service 5596 35992 Cache indisponible pour les taux de TVA tenant 31f96c39-bd7f-453e-a7f1-88495e70272b: Error 10061 connecting to 127.0.0.1:6379. Aucune connexion n’a pu être établie car l’ordinateur cible l’a expressément refusée.
INFO 2025-07-26 11:39:57,365 vat_rate_service 5596 35992 Récupération des taux de TVA depuis tenant-service pour tenant 31f96c39-bd7f-453e-a7f1-88495e70272b
INFO 2025-07-26 11:39:59,471 tenant_client 5596 35992 Configuration tenant 31f96c39-bd7f-453e-a7f1-88495e70272b récupérée avec succès
DEBUG 2025-07-26 11:40:01,502 vat_rate_service 5596 35992 Impossible de mettre en cache les taux de TVA pour tenant 31f96c39-bd7f-453e-a7f1-88495e70272b: Error 10061 connecting to 127.0.0.1:6379. Aucune connexion n’a pu être établie car l’ordinateur cible l’a expressément refusée.
INFO 2025-07-26 11:40:01,502 vat_rate_service 5596 35992 Taux de TVA récupérés et mis en cache pour tenant 31f96c39-bd7f-453e-a7f1-88495e70272b
INFO 2025-07-26 11:40:01,507 serializers 5596 35992 QuoteCreateSerializer.create - Devis finalisé:  - Elvis Theo AKIEME OYONO - 36.00 €
DEBUG 2025-07-26 11:57:27,202 camel_case_middleware 37228 36464 Paramètres GET avant conversion: {'page': '1', 'page_size': '10'}
DEBUG 2025-07-26 11:57:27,202 camel_case_middleware 37228 26372 Paramètres GET avant conversion: {'page': '1', 'page_size': '10'}
DEBUG 2025-07-26 11:57:27,202 camel_case_middleware 37228 36464 Paramètres GET après conversion: {'page': '1', 'page_size': '10'}
DEBUG 2025-07-26 11:57:27,202 camel_case_middleware 37228 26372 Paramètres GET après conversion: {'page': '1', 'page_size': '10'}
DEBUG 2025-07-26 11:57:29,291 cache_service 37228 26372 Redis indisponible pour tenant 31f96c39-bd7f-453e-a7f1-88495e70272b - fallback vers API
DEBUG 2025-07-26 11:57:29,291 cache_service 37228 36464 Redis indisponible pour tenant 31f96c39-bd7f-453e-a7f1-88495e70272b - fallback vers API
INFO 2025-07-26 11:57:29,292 tenant_client 37228 26372 Cache miss pour tenant 31f96c39-bd7f-453e-a7f1-88495e70272b, récupération depuis l'API
INFO 2025-07-26 11:57:29,292 tenant_client 37228 36464 Cache miss pour tenant 31f96c39-bd7f-453e-a7f1-88495e70272b, récupération depuis l'API
INFO 2025-07-26 11:57:31,555 tenant_client 37228 36464 Configuration tenant 31f96c39-bd7f-453e-a7f1-88495e70272b récupérée avec succès
INFO 2025-07-26 11:57:31,625 tenant_client 37228 26372 Configuration tenant 31f96c39-bd7f-453e-a7f1-88495e70272b récupérée avec succès
DEBUG 2025-07-26 11:57:33,589 cache_service 37228 36464 Redis indisponible - impossible de cacher config tenant 31f96c39-bd7f-453e-a7f1-88495e70272b
INFO 2025-07-26 11:57:33,589 tenant_client 37228 36464 Configuration tenant 31f96c39-bd7f-453e-a7f1-88495e70272b mise en cache
DEBUG 2025-07-26 11:57:33,667 cache_service 37228 26372 Redis indisponible - impossible de cacher config tenant 31f96c39-bd7f-453e-a7f1-88495e70272b
INFO 2025-07-26 11:57:33,667 tenant_client 37228 26372 Configuration tenant 31f96c39-bd7f-453e-a7f1-88495e70272b mise en cache
ERROR 2025-07-26 11:57:35,617 cache_service 37228 36464 Erreur récupération cache pour clé document_appearance:31f96c39-bd7f-453e-a7f1-88495e70272b: Error 10061 connecting to 127.0.0.1:6379. Aucune connexion n’a pu être établie car l’ordinateur cible l’a expressément refusée.
INFO 2025-07-26 11:57:35,617 document_appearance_service 37228 36464 Récupération des paramètres d'apparence depuis tenant-service pour tenant 31f96c39-bd7f-453e-a7f1-88495e70272b
ERROR 2025-07-26 11:57:35,693 cache_service 37228 26372 Erreur récupération cache pour clé document_appearance:31f96c39-bd7f-453e-a7f1-88495e70272b: Error 10061 connecting to 127.0.0.1:6379. Aucune connexion n’a pu être établie car l’ordinateur cible l’a expressément refusée.
INFO 2025-07-26 11:57:35,708 document_appearance_service 37228 26372 Récupération des paramètres d'apparence depuis tenant-service pour tenant 31f96c39-bd7f-453e-a7f1-88495e70272b
INFO 2025-07-26 11:57:37,803 document_appearance_service 37228 26372 Paramètres d'apparence récupérés depuis tenant-service pour tenant 31f96c39-bd7f-453e-a7f1-88495e70272b
INFO 2025-07-26 11:57:37,838 document_appearance_service 37228 36464 Paramètres d'apparence récupérés depuis tenant-service pour tenant 31f96c39-bd7f-453e-a7f1-88495e70272b
ERROR 2025-07-26 11:57:39,834 cache_service 37228 26372 Erreur mise en cache pour clé document_appearance:31f96c39-bd7f-453e-a7f1-88495e70272b: Error 10061 connecting to 127.0.0.1:6379. Aucune connexion n’a pu être établie car l’ordinateur cible l’a expressément refusée.
INFO 2025-07-26 11:57:39,835 document_appearance_service 37228 26372 Paramètres d'apparence récupérés et mis en cache pour tenant 31f96c39-bd7f-453e-a7f1-88495e70272b
DEBUG 2025-07-26 11:57:39,835 tenant_config_middleware 37228 26372 Paramètres d'apparence injectés pour tenant 31f96c39-bd7f-453e-a7f1-88495e70272b
DEBUG 2025-07-26 11:57:39,835 tenant_config_middleware 37228 26372 Configuration tenant 31f96c39-bd7f-453e-a7f1-88495e70272b injectée pour /api/quotes/
ERROR 2025-07-26 11:57:39,866 cache_service 37228 36464 Erreur mise en cache pour clé document_appearance:31f96c39-bd7f-453e-a7f1-88495e70272b: Error 10061 connecting to 127.0.0.1:6379. Aucune connexion n’a pu être établie car l’ordinateur cible l’a expressément refusée.
INFO 2025-07-26 11:57:39,867 document_appearance_service 37228 36464 Paramètres d'apparence récupérés et mis en cache pour tenant 31f96c39-bd7f-453e-a7f1-88495e70272b
DEBUG 2025-07-26 11:57:39,868 tenant_config_middleware 37228 36464 Paramètres d'apparence injectés pour tenant 31f96c39-bd7f-453e-a7f1-88495e70272b
DEBUG 2025-07-26 11:57:39,868 tenant_config_middleware 37228 36464 Configuration tenant 31f96c39-bd7f-453e-a7f1-88495e70272b injectée pour /api/quotes/
DEBUG 2025-07-26 13:07:16,185 camel_case_middleware 1716 10668 Paramètres GET avant conversion: {'page': '1', 'page_size': '10'}
DEBUG 2025-07-26 13:07:16,185 camel_case_middleware 1716 31616 Paramètres GET avant conversion: {'page': '1', 'page_size': '10'}
DEBUG 2025-07-26 13:07:16,185 camel_case_middleware 1716 10668 Paramètres GET après conversion: {'page': '1', 'page_size': '10'}
DEBUG 2025-07-26 13:07:16,185 camel_case_middleware 1716 31616 Paramètres GET après conversion: {'page': '1', 'page_size': '10'}
DEBUG 2025-07-26 13:07:18,289 cache_service 1716 10668 Redis indisponible pour tenant 31f96c39-bd7f-453e-a7f1-88495e70272b - fallback vers API
INFO 2025-07-26 13:07:18,289 tenant_client 1716 10668 Cache miss pour tenant 31f96c39-bd7f-453e-a7f1-88495e70272b, récupération depuis l'API
DEBUG 2025-07-26 13:07:18,299 cache_service 1716 31616 Redis indisponible pour tenant 31f96c39-bd7f-453e-a7f1-88495e70272b - fallback vers API
INFO 2025-07-26 13:07:18,300 tenant_client 1716 31616 Cache miss pour tenant 31f96c39-bd7f-453e-a7f1-88495e70272b, récupération depuis l'API
INFO 2025-07-26 13:07:20,411 tenant_client 1716 10668 Configuration tenant 31f96c39-bd7f-453e-a7f1-88495e70272b récupérée avec succès
INFO 2025-07-26 13:07:20,412 tenant_client 1716 31616 Configuration tenant 31f96c39-bd7f-453e-a7f1-88495e70272b récupérée avec succès
DEBUG 2025-07-26 13:07:22,455 cache_service 1716 31616 Redis indisponible - impossible de cacher config tenant 31f96c39-bd7f-453e-a7f1-88495e70272b
DEBUG 2025-07-26 13:07:22,455 cache_service 1716 10668 Redis indisponible - impossible de cacher config tenant 31f96c39-bd7f-453e-a7f1-88495e70272b
INFO 2025-07-26 13:07:22,456 tenant_client 1716 31616 Configuration tenant 31f96c39-bd7f-453e-a7f1-88495e70272b mise en cache
INFO 2025-07-26 13:07:22,456 tenant_client 1716 10668 Configuration tenant 31f96c39-bd7f-453e-a7f1-88495e70272b mise en cache
ERROR 2025-07-26 13:07:24,489 cache_service 1716 31616 Erreur récupération cache pour clé document_appearance:31f96c39-bd7f-453e-a7f1-88495e70272b: Error 10061 connecting to 127.0.0.1:6379. Aucune connexion n’a pu être établie car l’ordinateur cible l’a expressément refusée.
ERROR 2025-07-26 13:07:24,489 cache_service 1716 10668 Erreur récupération cache pour clé document_appearance:31f96c39-bd7f-453e-a7f1-88495e70272b: Error 10061 connecting to 127.0.0.1:6379. Aucune connexion n’a pu être établie car l’ordinateur cible l’a expressément refusée.
INFO 2025-07-26 13:07:24,490 document_appearance_service 1716 31616 Récupération des paramètres d'apparence depuis tenant-service pour tenant 31f96c39-bd7f-453e-a7f1-88495e70272b
INFO 2025-07-26 13:07:24,490 document_appearance_service 1716 10668 Récupération des paramètres d'apparence depuis tenant-service pour tenant 31f96c39-bd7f-453e-a7f1-88495e70272b
INFO 2025-07-26 13:07:26,590 document_appearance_service 1716 10668 Paramètres d'apparence récupérés depuis tenant-service pour tenant 31f96c39-bd7f-453e-a7f1-88495e70272b
INFO 2025-07-26 13:07:26,716 document_appearance_service 1716 31616 Paramètres d'apparence récupérés depuis tenant-service pour tenant 31f96c39-bd7f-453e-a7f1-88495e70272b
ERROR 2025-07-26 13:07:28,625 cache_service 1716 10668 Erreur mise en cache pour clé document_appearance:31f96c39-bd7f-453e-a7f1-88495e70272b: Error 10061 connecting to 127.0.0.1:6379. Aucune connexion n’a pu être établie car l’ordinateur cible l’a expressément refusée.
INFO 2025-07-26 13:07:28,625 document_appearance_service 1716 10668 Paramètres d'apparence récupérés et mis en cache pour tenant 31f96c39-bd7f-453e-a7f1-88495e70272b
DEBUG 2025-07-26 13:07:28,625 tenant_config_middleware 1716 10668 Paramètres d'apparence injectés pour tenant 31f96c39-bd7f-453e-a7f1-88495e70272b
DEBUG 2025-07-26 13:07:28,625 tenant_config_middleware 1716 10668 Configuration tenant 31f96c39-bd7f-453e-a7f1-88495e70272b injectée pour /api/quotes/
ERROR 2025-07-26 13:07:28,763 cache_service 1716 31616 Erreur mise en cache pour clé document_appearance:31f96c39-bd7f-453e-a7f1-88495e70272b: Error 10061 connecting to 127.0.0.1:6379. Aucune connexion n’a pu être établie car l’ordinateur cible l’a expressément refusée.
INFO 2025-07-26 13:07:28,763 document_appearance_service 1716 31616 Paramètres d'apparence récupérés et mis en cache pour tenant 31f96c39-bd7f-453e-a7f1-88495e70272b
DEBUG 2025-07-26 13:07:28,764 tenant_config_middleware 1716 31616 Paramètres d'apparence injectés pour tenant 31f96c39-bd7f-453e-a7f1-88495e70272b
DEBUG 2025-07-26 13:07:28,764 tenant_config_middleware 1716 31616 Configuration tenant 31f96c39-bd7f-453e-a7f1-88495e70272b injectée pour /api/quotes/
DEBUG 2025-07-26 13:07:31,855 camel_case_middleware 1716 8848 Paramètres GET avant conversion: {'page': '1', 'page_size': '10'}
DEBUG 2025-07-26 13:07:31,855 camel_case_middleware 1716 25276 Paramètres GET avant conversion: {'page': '1', 'page_size': '10'}
DEBUG 2025-07-26 13:07:31,855 camel_case_middleware 1716 8848 Paramètres GET après conversion: {'page': '1', 'page_size': '10'}
DEBUG 2025-07-26 13:07:31,856 camel_case_middleware 1716 25276 Paramètres GET après conversion: {'page': '1', 'page_size': '10'}
DEBUG 2025-07-26 13:07:33,924 cache_service 1716 8848 Redis indisponible pour tenant 31f96c39-bd7f-453e-a7f1-88495e70272b - fallback vers API
DEBUG 2025-07-26 13:07:33,925 cache_service 1716 25276 Redis indisponible pour tenant 31f96c39-bd7f-453e-a7f1-88495e70272b - fallback vers API
INFO 2025-07-26 13:07:33,925 tenant_client 1716 8848 Cache miss pour tenant 31f96c39-bd7f-453e-a7f1-88495e70272b, récupération depuis l'API
INFO 2025-07-26 13:07:33,925 tenant_client 1716 25276 Cache miss pour tenant 31f96c39-bd7f-453e-a7f1-88495e70272b, récupération depuis l'API
INFO 2025-07-26 13:07:36,038 tenant_client 1716 8848 Configuration tenant 31f96c39-bd7f-453e-a7f1-88495e70272b récupérée avec succès
INFO 2025-07-26 13:07:36,039 tenant_client 1716 25276 Configuration tenant 31f96c39-bd7f-453e-a7f1-88495e70272b récupérée avec succès
DEBUG 2025-07-26 13:07:38,072 cache_service 1716 8848 Redis indisponible - impossible de cacher config tenant 31f96c39-bd7f-453e-a7f1-88495e70272b
INFO 2025-07-26 13:07:38,073 tenant_client 1716 8848 Configuration tenant 31f96c39-bd7f-453e-a7f1-88495e70272b mise en cache
DEBUG 2025-07-26 13:07:38,088 cache_service 1716 25276 Redis indisponible - impossible de cacher config tenant 31f96c39-bd7f-453e-a7f1-88495e70272b
INFO 2025-07-26 13:07:38,088 tenant_client 1716 25276 Configuration tenant 31f96c39-bd7f-453e-a7f1-88495e70272b mise en cache
ERROR 2025-07-26 13:07:40,103 cache_service 1716 8848 Erreur récupération cache pour clé document_appearance:31f96c39-bd7f-453e-a7f1-88495e70272b: Error 10061 connecting to 127.0.0.1:6379. Aucune connexion n’a pu être établie car l’ordinateur cible l’a expressément refusée.
INFO 2025-07-26 13:07:40,103 document_appearance_service 1716 8848 Récupération des paramètres d'apparence depuis tenant-service pour tenant 31f96c39-bd7f-453e-a7f1-88495e70272b
ERROR 2025-07-26 13:07:40,118 cache_service 1716 25276 Erreur récupération cache pour clé document_appearance:31f96c39-bd7f-453e-a7f1-88495e70272b: Error 10061 connecting to 127.0.0.1:6379. Aucune connexion n’a pu être établie car l’ordinateur cible l’a expressément refusée.
INFO 2025-07-26 13:07:40,118 document_appearance_service 1716 25276 Récupération des paramètres d'apparence depuis tenant-service pour tenant 31f96c39-bd7f-453e-a7f1-88495e70272b
INFO 2025-07-26 13:07:42,207 document_appearance_service 1716 8848 Paramètres d'apparence récupérés depuis tenant-service pour tenant 31f96c39-bd7f-453e-a7f1-88495e70272b
INFO 2025-07-26 13:07:42,208 document_appearance_service 1716 25276 Paramètres d'apparence récupérés depuis tenant-service pour tenant 31f96c39-bd7f-453e-a7f1-88495e70272b
ERROR 2025-07-26 13:07:44,237 cache_service 1716 8848 Erreur mise en cache pour clé document_appearance:31f96c39-bd7f-453e-a7f1-88495e70272b: Error 10061 connecting to 127.0.0.1:6379. Aucune connexion n’a pu être établie car l’ordinateur cible l’a expressément refusée.
INFO 2025-07-26 13:07:44,238 document_appearance_service 1716 8848 Paramètres d'apparence récupérés et mis en cache pour tenant 31f96c39-bd7f-453e-a7f1-88495e70272b
DEBUG 2025-07-26 13:07:44,238 tenant_config_middleware 1716 8848 Paramètres d'apparence injectés pour tenant 31f96c39-bd7f-453e-a7f1-88495e70272b
DEBUG 2025-07-26 13:07:44,238 tenant_config_middleware 1716 8848 Configuration tenant 31f96c39-bd7f-453e-a7f1-88495e70272b injectée pour /api/quotes/
ERROR 2025-07-26 13:07:44,253 cache_service 1716 25276 Erreur mise en cache pour clé document_appearance:31f96c39-bd7f-453e-a7f1-88495e70272b: Error 10061 connecting to 127.0.0.1:6379. Aucune connexion n’a pu être établie car l’ordinateur cible l’a expressément refusée.
INFO 2025-07-26 13:07:44,254 document_appearance_service 1716 25276 Paramètres d'apparence récupérés et mis en cache pour tenant 31f96c39-bd7f-453e-a7f1-88495e70272b
DEBUG 2025-07-26 13:07:44,254 tenant_config_middleware 1716 25276 Paramètres d'apparence injectés pour tenant 31f96c39-bd7f-453e-a7f1-88495e70272b
DEBUG 2025-07-26 13:07:44,255 tenant_config_middleware 1716 25276 Configuration tenant 31f96c39-bd7f-453e-a7f1-88495e70272b injectée pour /api/quotes/
DEBUG 2025-07-26 13:36:51,458 camel_case_middleware 34248 10984 Paramètres GET avant conversion: {'page': '1', 'page_size': '10'}
DEBUG 2025-07-26 13:36:51,459 camel_case_middleware 34248 25584 Paramètres GET avant conversion: {'page': '1', 'page_size': '10'}
DEBUG 2025-07-26 13:36:51,459 camel_case_middleware 34248 10984 Paramètres GET après conversion: {'page': '1', 'page_size': '10'}
DEBUG 2025-07-26 13:36:51,459 camel_case_middleware 34248 25584 Paramètres GET après conversion: {'page': '1', 'page_size': '10'}
INFO 2025-07-26 13:36:53,600 middleware_optimized 34248 10984 Document - Tenant 31f96c39-bd7f-453e-a7f1-88495e70272b validé et mis en cache
INFO 2025-07-26 13:36:53,600 middleware_optimized 34248 25584 Document - Tenant 31f96c39-bd7f-453e-a7f1-88495e70272b validé et mis en cache
DEBUG 2025-07-26 13:36:53,683 middleware_optimized 34248 10984 Document - Tenant activé: 31f96c39-bd7f-453e-a7f1-88495e70272b (schema: tenant_31f96c39_bd7f_453e_a7f1_88495e70272b)
DEBUG 2025-07-26 13:36:53,683 middleware_optimized 34248 25584 Document - Tenant activé: 31f96c39-bd7f-453e-a7f1-88495e70272b (schema: tenant_31f96c39_bd7f_453e_a7f1_88495e70272b)
DEBUG 2025-07-26 13:41:51,479 camel_case_middleware 34248 28356 Paramètres GET avant conversion: {'page': '1', 'page_size': '10'}
DEBUG 2025-07-26 13:41:51,479 camel_case_middleware 34248 36768 Paramètres GET avant conversion: {'page': '1', 'page_size': '10'}
DEBUG 2025-07-26 13:41:51,479 camel_case_middleware 34248 28356 Paramètres GET après conversion: {'page': '1', 'page_size': '10'}
DEBUG 2025-07-26 13:41:51,480 camel_case_middleware 34248 36768 Paramètres GET après conversion: {'page': '1', 'page_size': '10'}
DEBUG 2025-07-26 13:41:51,480 middleware_optimized 34248 28356 Document - Cache hit pour tenant 31f96c39-bd7f-453e-a7f1-88495e70272b
DEBUG 2025-07-26 13:41:51,480 middleware_optimized 34248 36768 Document - Cache hit pour tenant 31f96c39-bd7f-453e-a7f1-88495e70272b
DEBUG 2025-07-26 13:41:51,525 middleware_optimized 34248 36768 Document - Tenant activé: 31f96c39-bd7f-453e-a7f1-88495e70272b (schema: tenant_31f96c39_bd7f_453e_a7f1_88495e70272b)
DEBUG 2025-07-26 13:41:51,628 middleware_optimized 34248 28356 Document - Tenant activé: 31f96c39-bd7f-453e-a7f1-88495e70272b (schema: tenant_31f96c39_bd7f_453e_a7f1_88495e70272b)
DEBUG 2025-07-26 13:46:11,117 middleware_optimized 34248 8516 Document - Cache hit pour tenant 31f96c39-bd7f-453e-a7f1-88495e70272b
DEBUG 2025-07-26 13:46:11,159 middleware_optimized 34248 8516 Document - Tenant activé: 31f96c39-bd7f-453e-a7f1-88495e70272b (schema: tenant_31f96c39_bd7f_453e_a7f1_88495e70272b)
DEBUG 2025-07-26 13:48:25,200 camel_case_middleware 27800 25076 Paramètres GET avant conversion: {'page': '1', 'page_size': '10'}
DEBUG 2025-07-26 13:48:25,200 camel_case_middleware 27800 3880 Paramètres GET avant conversion: {'page': '1', 'page_size': '10'}
DEBUG 2025-07-26 13:48:25,200 camel_case_middleware 27800 25076 Paramètres GET après conversion: {'page': '1', 'page_size': '10'}
DEBUG 2025-07-26 13:48:25,200 camel_case_middleware 27800 3880 Paramètres GET après conversion: {'page': '1', 'page_size': '10'}
INFO 2025-07-26 13:48:27,315 middleware_fixed 27800 3880 Document - Tenant 31f96c39-bd7f-453e-a7f1-88495e70272b validé et mis en cache
INFO 2025-07-26 13:48:27,317 middleware_fixed 27800 25076 Document - Tenant 31f96c39-bd7f-453e-a7f1-88495e70272b validé et mis en cache
ERROR 2025-07-26 13:48:27,367 middleware_fixed 27800 3880 Document - Erreur changement schéma transactionnel vers tenant_31f96c39_bd7f_453e_a7f1_88495e70272b: cursor already closed
DEBUG 2025-07-26 13:48:27,367 middleware_fixed 27800 3880 Document - Tenant activé: 31f96c39-bd7f-453e-a7f1-88495e70272b (schema: tenant_31f96c39_bd7f_453e_a7f1_88495e70272b)
ERROR 2025-07-26 13:48:27,465 middleware_fixed 27800 25076 Document - Erreur changement schéma transactionnel vers tenant_31f96c39_bd7f_453e_a7f1_88495e70272b: cursor already closed
DEBUG 2025-07-26 13:48:27,466 middleware_fixed 27800 25076 Document - Tenant activé: 31f96c39-bd7f-453e-a7f1-88495e70272b (schema: tenant_31f96c39_bd7f_453e_a7f1_88495e70272b)
DEBUG 2025-07-26 13:48:35,082 camel_case_middleware 27800 28200 Paramètres GET avant conversion: {'page': '1', 'page_size': '10'}
DEBUG 2025-07-26 13:48:35,083 camel_case_middleware 27800 29780 Paramètres GET avant conversion: {'page': '1', 'page_size': '10'}
DEBUG 2025-07-26 13:48:35,083 camel_case_middleware 27800 28200 Paramètres GET après conversion: {'page': '1', 'page_size': '10'}
DEBUG 2025-07-26 13:48:35,083 camel_case_middleware 27800 29780 Paramètres GET après conversion: {'page': '1', 'page_size': '10'}
DEBUG 2025-07-26 13:48:35,084 middleware_fixed 27800 28200 Document - Cache hit pour tenant 31f96c39-bd7f-453e-a7f1-88495e70272b
DEBUG 2025-07-26 13:48:35,084 middleware_fixed 27800 29780 Document - Cache hit pour tenant 31f96c39-bd7f-453e-a7f1-88495e70272b
ERROR 2025-07-26 13:48:35,129 middleware_fixed 27800 29780 Document - Erreur changement schéma transactionnel vers tenant_31f96c39_bd7f_453e_a7f1_88495e70272b: cursor already closed
ERROR 2025-07-26 13:48:35,129 middleware_fixed 27800 28200 Document - Erreur changement schéma transactionnel vers tenant_31f96c39_bd7f_453e_a7f1_88495e70272b: cursor already closed
DEBUG 2025-07-26 13:48:35,130 middleware_fixed 27800 29780 Document - Tenant activé: 31f96c39-bd7f-453e-a7f1-88495e70272b (schema: tenant_31f96c39_bd7f_453e_a7f1_88495e70272b)
DEBUG 2025-07-26 13:48:35,130 middleware_fixed 27800 28200 Document - Tenant activé: 31f96c39-bd7f-453e-a7f1-88495e70272b (schema: tenant_31f96c39_bd7f_453e_a7f1_88495e70272b)
INFO 2025-07-26 13:48:58,183 middleware_fixed 29736 35276 Document - Tenant 31f96c39-bd7f-453e-a7f1-88495e70272b validé et mis en cache
ERROR 2025-07-26 13:48:58,219 middleware_fixed 29736 35276 Document - Erreur changement schéma transactionnel vers tenant_31f96c39_bd7f_453e_a7f1_88495e70272b: cursor already closed
DEBUG 2025-07-26 13:48:58,220 middleware_fixed 29736 35276 Document - Tenant activé: 31f96c39-bd7f-453e-a7f1-88495e70272b (schema: tenant_31f96c39_bd7f_453e_a7f1_88495e70272b)
DEBUG 2025-07-26 13:56:59,241 camel_case_middleware 28880 22232 Paramètres GET avant conversion: {'page': '1', 'page_size': '10'}
DEBUG 2025-07-26 13:56:59,243 camel_case_middleware 28880 22232 Paramètres GET après conversion: {'page': '1', 'page_size': '10'}
DEBUG 2025-07-26 13:56:59,490 camel_case_middleware 28880 37396 Paramètres GET avant conversion: {'page': '1', 'page_size': '10'}
DEBUG 2025-07-26 13:56:59,490 camel_case_middleware 28880 37396 Paramètres GET après conversion: {'page': '1', 'page_size': '10'}
DEBUG 2025-07-26 13:57:01,434 middleware_django_tenants 28880 22232 Document - Tenant trouvé: Tenant 31f96c39-bd7f-453e-a7f1-88495e70272b
DEBUG 2025-07-26 13:57:01,434 middleware_django_tenants 28880 22232 Document - Tenant activé: 31f96c39-bd7f-453e-a7f1-88495e70272b (schema: tenant_etao)
DEBUG 2025-07-26 13:57:01,652 middleware_django_tenants 28880 37396 Document - Tenant trouvé: Tenant 31f96c39-bd7f-453e-a7f1-88495e70272b
DEBUG 2025-07-26 13:57:01,652 middleware_django_tenants 28880 37396 Document - Tenant activé: 31f96c39-bd7f-453e-a7f1-88495e70272b (schema: tenant_etao)
DEBUG 2025-07-26 13:57:10,427 camel_case_middleware 28880 28884 Paramètres GET avant conversion: {'page': '1', 'page_size': '10'}
DEBUG 2025-07-26 13:57:10,427 camel_case_middleware 28880 28884 Paramètres GET après conversion: {'page': '1', 'page_size': '10'}
DEBUG 2025-07-26 13:57:10,490 middleware_django_tenants 28880 28884 Document - Tenant trouvé: Tenant 31f96c39-bd7f-453e-a7f1-88495e70272b
DEBUG 2025-07-26 13:57:10,491 middleware_django_tenants 28880 28884 Document - Tenant activé: 31f96c39-bd7f-453e-a7f1-88495e70272b (schema: tenant_etao)
DEBUG 2025-07-26 13:57:10,677 camel_case_middleware 28880 27720 Paramètres GET avant conversion: {'page': '1', 'page_size': '10'}
DEBUG 2025-07-26 13:57:10,677 camel_case_middleware 28880 27720 Paramètres GET après conversion: {'page': '1', 'page_size': '10'}
DEBUG 2025-07-26 13:57:10,730 middleware_django_tenants 28880 27720 Document - Tenant trouvé: Tenant 31f96c39-bd7f-453e-a7f1-88495e70272b
DEBUG 2025-07-26 13:57:10,731 middleware_django_tenants 28880 27720 Document - Tenant activé: 31f96c39-bd7f-453e-a7f1-88495e70272b (schema: tenant_etao)
DEBUG 2025-07-26 14:11:01,920 camel_case_middleware 28880 9800 Paramètres GET avant conversion: {'page': '1', 'page_size': '10'}
DEBUG 2025-07-26 14:11:01,921 camel_case_middleware 28880 8728 Paramètres GET avant conversion: {'page': '1', 'page_size': '10'}
DEBUG 2025-07-26 14:11:01,921 camel_case_middleware 28880 9800 Paramètres GET après conversion: {'page': '1', 'page_size': '10'}
DEBUG 2025-07-26 14:11:01,921 camel_case_middleware 28880 8728 Paramètres GET après conversion: {'page': '1', 'page_size': '10'}
DEBUG 2025-07-26 14:11:04,064 middleware_django_tenants 28880 8728 Document - Tenant trouvé: Tenant 31f96c39-bd7f-453e-a7f1-88495e70272b
DEBUG 2025-07-26 14:11:04,064 middleware_django_tenants 28880 9800 Document - Tenant trouvé: Tenant 31f96c39-bd7f-453e-a7f1-88495e70272b
DEBUG 2025-07-26 14:11:04,065 middleware_django_tenants 28880 8728 Document - Tenant activé: 31f96c39-bd7f-453e-a7f1-88495e70272b (schema: tenant_etao)
DEBUG 2025-07-26 14:11:04,065 middleware_django_tenants 28880 9800 Document - Tenant activé: 31f96c39-bd7f-453e-a7f1-88495e70272b (schema: tenant_etao)
DEBUG 2025-07-26 16:19:25,292 camel_case_middleware 28880 28240 Paramètres GET avant conversion: {'page[page]': '1', 'page[page_size]': '20', 'page_size': '10'}
DEBUG 2025-07-26 16:19:25,294 camel_case_middleware 28880 28240 Paramètres GET après conversion: {'page[page]': '1', 'page[page_size]': '20', 'page_size': '10'}
DEBUG 2025-07-26 16:19:25,486 camel_case_middleware 28880 34792 Paramètres GET avant conversion: {'page[page]': '1', 'page[page_size]': '20', 'page_size': '10'}
DEBUG 2025-07-26 16:19:25,488 camel_case_middleware 28880 34792 Paramètres GET après conversion: {'page[page]': '1', 'page[page_size]': '20', 'page_size': '10'}
DEBUG 2025-07-26 16:19:27,454 middleware_django_tenants 28880 28240 Document - Tenant trouvé: Tenant 31f96c39-bd7f-453e-a7f1-88495e70272b
DEBUG 2025-07-26 16:19:27,454 middleware_django_tenants 28880 28240 Document - Tenant activé: 31f96c39-bd7f-453e-a7f1-88495e70272b (schema: tenant_etao)
DEBUG 2025-07-26 16:19:27,611 middleware_django_tenants 28880 34792 Document - Tenant trouvé: Tenant 31f96c39-bd7f-453e-a7f1-88495e70272b
DEBUG 2025-07-26 16:19:27,612 middleware_django_tenants 28880 34792 Document - Tenant activé: 31f96c39-bd7f-453e-a7f1-88495e70272b (schema: tenant_etao)
DEBUG 2025-07-26 16:19:27,617 middleware_django_tenants 28880 27984 Document - Tenant trouvé: Tenant 31f96c39-bd7f-453e-a7f1-88495e70272b
DEBUG 2025-07-26 16:19:27,618 middleware_django_tenants 28880 27984 Document - Tenant activé: 31f96c39-bd7f-453e-a7f1-88495e70272b (schema: tenant_etao)
DEBUG 2025-07-26 16:19:27,640 middleware_django_tenants 28880 31308 Document - Tenant trouvé: Tenant 31f96c39-bd7f-453e-a7f1-88495e70272b
DEBUG 2025-07-26 16:19:27,640 middleware_django_tenants 28880 31308 Document - Tenant activé: 31f96c39-bd7f-453e-a7f1-88495e70272b (schema: tenant_etao)
DEBUG 2025-07-26 16:19:36,006 camel_case_middleware 28880 22552 Paramètres GET avant conversion: {'page': '1', 'page_size': '10'}
DEBUG 2025-07-26 16:19:36,007 camel_case_middleware 28880 18496 Paramètres GET avant conversion: {'page': '1', 'page_size': '10'}
DEBUG 2025-07-26 16:19:36,007 camel_case_middleware 28880 22552 Paramètres GET après conversion: {'page': '1', 'page_size': '10'}
DEBUG 2025-07-26 16:19:36,007 camel_case_middleware 28880 18496 Paramètres GET après conversion: {'page': '1', 'page_size': '10'}
DEBUG 2025-07-26 16:19:36,053 middleware_django_tenants 28880 22552 Document - Tenant trouvé: Tenant 31f96c39-bd7f-453e-a7f1-88495e70272b
DEBUG 2025-07-26 16:19:36,054 middleware_django_tenants 28880 22552 Document - Tenant activé: 31f96c39-bd7f-453e-a7f1-88495e70272b (schema: tenant_etao)
DEBUG 2025-07-26 16:19:36,057 middleware_django_tenants 28880 18496 Document - Tenant trouvé: Tenant 31f96c39-bd7f-453e-a7f1-88495e70272b
DEBUG 2025-07-26 16:19:36,057 middleware_django_tenants 28880 18496 Document - Tenant activé: 31f96c39-bd7f-453e-a7f1-88495e70272b (schema: tenant_etao)
DEBUG 2025-07-26 17:24:13,150 middleware_django_tenants 28880 7980 Document - Tenant trouvé: Tenant 31f96c39-bd7f-453e-a7f1-88495e70272b
DEBUG 2025-07-26 17:24:13,151 middleware_django_tenants 28880 7980 Document - Tenant activé: 31f96c39-bd7f-453e-a7f1-88495e70272b (schema: tenant_etao)
INFO 2025-07-26 17:24:13,155 serializers 28880 7980 QuoteCreateSerializer - Données brutes reçues: {'opportunity_id': '7c658420-aa50-433a-a850-10e9b0c7999b', 'client_name': 'Vanessa', 'client_address': '', 'project_name': 'Résidence Emeraudes', 'project_address': '', 'project_reference': 'OPP-7c658420-aa50-433a-a850-10e9b0c7999b', 'issue_date': '2025-07-26', 'validity_period': 30, 'notes': "Devis pour l'opportunité : Résidence Emeraudes", 'terms_and_conditions': 'Conditions générales de vente applicables.', 'items': [{'type': 'material', 'position': 0, 'designation': 'Bois', 'description': '', 'unit': 'unité', 'quantity': 1, 'unitPrice': 30, 'discount': 0, 'vatRate': 20}]}
INFO 2025-07-26 17:24:13,205 serializers 28880 7980 QuoteCreateSerializer - Données validées: {'client_name': 'Vanessa', 'client_address': '', 'project_name': 'Résidence Emeraudes', 'project_address': '', 'project_reference': 'OPP-7c658420-aa50-433a-a850-10e9b0c7999b', 'issue_date': datetime.date(2025, 7, 26), 'notes': "Devis pour l'opportunité : Résidence Emeraudes", 'terms_and_conditions': 'Conditions générales de vente applicables.', 'opportunity_id': UUID('7c658420-aa50-433a-a850-10e9b0c7999b'), 'validity_period': 30, 'margin': 0, 'items': [{'type': 'material', 'position': 0, 'designation': 'Bois', 'description': '', 'unit': 'unité', 'quantity': Decimal('1.00'), 'unit_price': Decimal('30.00'), 'discount': Decimal('0.00'), 'vat_rate': '20'}]}
INFO 2025-07-26 17:24:13,206 serializers 28880 7980 QuoteCreateSerializer.create - Données reçues: {'client_name': 'Vanessa', 'client_address': '', 'project_name': 'Résidence Emeraudes', 'project_address': '', 'project_reference': 'OPP-7c658420-aa50-433a-a850-10e9b0c7999b', 'issue_date': datetime.date(2025, 7, 26), 'notes': "Devis pour l'opportunité : Résidence Emeraudes", 'terms_and_conditions': 'Conditions générales de vente applicables.', 'opportunity_id': UUID('7c658420-aa50-433a-a850-10e9b0c7999b'), 'validity_period': 30, 'margin': 0, 'items': [{'type': 'material', 'position': 0, 'designation': 'Bois', 'description': '', 'unit': 'unité', 'quantity': Decimal('1.00'), 'unit_price': Decimal('30.00'), 'discount': Decimal('0.00'), 'vat_rate': '20'}]}
INFO 2025-07-26 17:24:13,207 serializers 28880 7980 QuoteCreateSerializer.create - Items extraits: [{'type': 'material', 'position': 0, 'designation': 'Bois', 'description': '', 'unit': 'unité', 'quantity': Decimal('1.00'), 'unit_price': Decimal('30.00'), 'discount': Decimal('0.00'), 'vat_rate': '20'}]
INFO 2025-07-26 17:24:13,207 serializers 28880 7980 QuoteCreateSerializer.create - Tenant ID: 31f96c39-bd7f-453e-a7f1-88495e70272b
DEBUG 2025-07-26 17:24:13,207 cache_service 28880 7980 Cache miss pour config tenant 31f96c39-bd7f-453e-a7f1-88495e70272b
INFO 2025-07-26 17:24:13,208 tenant_client 28880 7980 Cache miss pour tenant 31f96c39-bd7f-453e-a7f1-88495e70272b, récupération depuis l'API
INFO 2025-07-26 17:24:15,332 tenant_client 28880 7980 Configuration tenant 31f96c39-bd7f-453e-a7f1-88495e70272b récupérée avec succès
ERROR 2025-07-26 17:24:15,333 cache_service 28880 7980 Échec mise en cache config tenant 31f96c39-bd7f-453e-a7f1-88495e70272b
INFO 2025-07-26 17:24:15,333 tenant_client 28880 7980 Configuration tenant 31f96c39-bd7f-453e-a7f1-88495e70272b mise en cache
INFO 2025-07-26 17:24:15,333 serializers 28880 7980 Configuration tenant récupérée pour 31f96c39-bd7f-453e-a7f1-88495e70272b
INFO 2025-07-26 17:24:15,377 serializers 28880 7980 QuoteCreateSerializer.create - Devis créé: cf459060-2f05-471d-8297-94e78d38fdf7
INFO 2025-07-26 17:24:15,377 serializers 28880 7980 QuoteCreateSerializer.create - Préparation item: {'type': 'material', 'position': 0, 'designation': 'Bois', 'description': '', 'unit': 'unité', 'quantity': Decimal('1.00'), 'unit_price': Decimal('30.00'), 'discount': Decimal('0.00'), 'vat_rate': '20'}
INFO 2025-07-26 17:24:15,384 serializers 28880 7980 Items créés en lot: 1
INFO 2025-07-26 17:24:15,391 vat_rate_service 28880 7980 Récupération des taux de TVA depuis tenant-service pour tenant 31f96c39-bd7f-453e-a7f1-88495e70272b
INFO 2025-07-26 17:24:17,498 tenant_client 28880 7980 Configuration tenant 31f96c39-bd7f-453e-a7f1-88495e70272b récupérée avec succès
DEBUG 2025-07-26 17:24:17,499 vat_rate_service 28880 7980 Taux de TVA mis en cache pour tenant 31f96c39-bd7f-453e-a7f1-88495e70272b
INFO 2025-07-26 17:24:17,499 vat_rate_service 28880 7980 Taux de TVA récupérés et mis en cache pour tenant 31f96c39-bd7f-453e-a7f1-88495e70272b
INFO 2025-07-26 17:24:17,502 serializers 28880 7980 QuoteCreateSerializer.create - Devis finalisé:  - Vanessa - 36.00 €
DEBUG 2025-07-26 17:29:16,499 middleware_django_tenants 28880 28668 Document - Tenant trouvé: Tenant 31f96c39-bd7f-453e-a7f1-88495e70272b
DEBUG 2025-07-26 17:29:16,499 middleware_django_tenants 28880 28668 Document - Tenant activé: 31f96c39-bd7f-453e-a7f1-88495e70272b (schema: tenant_etao)
DEBUG 2025-07-26 17:29:32,292 middleware_django_tenants 28880 34680 Document - Tenant trouvé: Tenant 31f96c39-bd7f-453e-a7f1-88495e70272b
DEBUG 2025-07-26 17:29:32,292 middleware_django_tenants 28880 34680 Document - Tenant activé: 31f96c39-bd7f-453e-a7f1-88495e70272b (schema: tenant_etao)
DEBUG 2025-07-26 17:30:51,519 middleware_django_tenants 28880 12648 Document - Tenant trouvé: Tenant 31f96c39-bd7f-453e-a7f1-88495e70272b
DEBUG 2025-07-26 17:30:51,520 middleware_django_tenants 28880 12648 Document - Tenant activé: 31f96c39-bd7f-453e-a7f1-88495e70272b (schema: tenant_etao)
DEBUG 2025-07-26 17:34:20,228 camel_case_middleware 28880 13168 Paramètres GET avant conversion: {'quote_id': 'cf459060-2f05-471d-8297-94e78d38fdf7'}
DEBUG 2025-07-26 17:34:20,228 camel_case_middleware 28880 13168 Paramètres GET après conversion: {'quote_id': 'cf459060-2f05-471d-8297-94e78d38fdf7'}
DEBUG 2025-07-26 17:34:22,397 middleware_django_tenants 28880 13168 Document - Tenant trouvé: Tenant 31f96c39-bd7f-453e-a7f1-88495e70272b
DEBUG 2025-07-26 17:34:22,397 middleware_django_tenants 28880 13168 Document - Tenant activé: 31f96c39-bd7f-453e-a7f1-88495e70272b (schema: tenant_etao)
DEBUG 2025-07-26 17:36:45,192 middleware_django_tenants 28880 7880 Document - Tenant trouvé: Tenant 31f96c39-bd7f-453e-a7f1-88495e70272b
DEBUG 2025-07-26 17:36:45,192 middleware_django_tenants 28880 7880 Document - Tenant activé: 31f96c39-bd7f-453e-a7f1-88495e70272b (schema: tenant_etao)
DEBUG 2025-07-26 17:37:30,509 middleware_django_tenants 28880 33844 Document - Tenant trouvé: Tenant 31f96c39-bd7f-453e-a7f1-88495e70272b
DEBUG 2025-07-26 17:37:30,509 middleware_django_tenants 28880 33844 Document - Tenant activé: 31f96c39-bd7f-453e-a7f1-88495e70272b (schema: tenant_etao)
DEBUG 2025-07-26 17:37:40,176 middleware_django_tenants 28880 14096 Document - Tenant trouvé: Tenant 31f96c39-bd7f-453e-a7f1-88495e70272b
DEBUG 2025-07-26 17:37:40,177 middleware_django_tenants 28880 14096 Document - Tenant activé: 31f96c39-bd7f-453e-a7f1-88495e70272b (schema: tenant_etao)
DEBUG 2025-07-26 17:40:02,174 middleware_django_tenants 28880 1444 Document - Tenant trouvé: Tenant 31f96c39-bd7f-453e-a7f1-88495e70272b
DEBUG 2025-07-26 17:40:02,175 middleware_django_tenants 28880 1444 Document - Tenant activé: 31f96c39-bd7f-453e-a7f1-88495e70272b (schema: tenant_etao)
DEBUG 2025-07-26 17:45:01,836 middleware_django_tenants 28880 34092 Document - Tenant trouvé: Tenant 31f96c39-bd7f-453e-a7f1-88495e70272b
DEBUG 2025-07-26 17:45:01,836 middleware_django_tenants 28880 34092 Document - Tenant activé: 31f96c39-bd7f-453e-a7f1-88495e70272b (schema: tenant_etao)
DEBUG 2025-07-26 17:47:01,394 middleware_django_tenants 28880 37572 Document - Tenant trouvé: Tenant 31f96c39-bd7f-453e-a7f1-88495e70272b
DEBUG 2025-07-26 17:47:01,395 middleware_django_tenants 28880 37572 Document - Tenant activé: 31f96c39-bd7f-453e-a7f1-88495e70272b (schema: tenant_etao)
DEBUG 2025-07-26 17:47:18,347 camel_case_middleware 28880 35368 Paramètres GET avant conversion: {'page': '1', 'page_size': '10'}
DEBUG 2025-07-26 17:47:18,348 camel_case_middleware 28880 30228 Paramètres GET avant conversion: {'page': '1', 'page_size': '10'}
DEBUG 2025-07-26 17:47:18,348 camel_case_middleware 28880 35368 Paramètres GET après conversion: {'page': '1', 'page_size': '10'}
DEBUG 2025-07-26 17:47:18,348 camel_case_middleware 28880 30228 Paramètres GET après conversion: {'page': '1', 'page_size': '10'}
DEBUG 2025-07-26 17:47:18,396 middleware_django_tenants 28880 35368 Document - Tenant trouvé: Tenant 31f96c39-bd7f-453e-a7f1-88495e70272b
DEBUG 2025-07-26 17:47:18,397 middleware_django_tenants 28880 30228 Document - Tenant trouvé: Tenant 31f96c39-bd7f-453e-a7f1-88495e70272b
DEBUG 2025-07-26 17:47:18,397 middleware_django_tenants 28880 35368 Document - Tenant activé: 31f96c39-bd7f-453e-a7f1-88495e70272b (schema: tenant_etao)
DEBUG 2025-07-26 17:47:18,398 middleware_django_tenants 28880 30228 Document - Tenant activé: 31f96c39-bd7f-453e-a7f1-88495e70272b (schema: tenant_etao)
DEBUG 2025-07-26 17:47:27,962 middleware_django_tenants 28880 24068 Document - Tenant trouvé: Tenant 31f96c39-bd7f-453e-a7f1-88495e70272b
DEBUG 2025-07-26 17:47:27,962 middleware_django_tenants 28880 24068 Document - Tenant activé: 31f96c39-bd7f-453e-a7f1-88495e70272b (schema: tenant_etao)
DEBUG 2025-07-26 17:48:59,858 middleware_django_tenants 28880 29976 Document - Tenant trouvé: Tenant 31f96c39-bd7f-453e-a7f1-88495e70272b
DEBUG 2025-07-26 17:48:59,859 middleware_django_tenants 28880 29976 Document - Tenant activé: 31f96c39-bd7f-453e-a7f1-88495e70272b (schema: tenant_etao)
DEBUG 2025-07-26 18:12:05,595 middleware_django_tenants 28880 24976 Document - Tenant trouvé: Tenant 31f96c39-bd7f-453e-a7f1-88495e70272b
DEBUG 2025-07-26 18:12:05,595 middleware_django_tenants 28880 24976 Document - Tenant activé: 31f96c39-bd7f-453e-a7f1-88495e70272b (schema: tenant_etao)
DEBUG 2025-07-26 18:12:16,354 middleware_django_tenants 28880 26044 Document - Tenant trouvé: Tenant 31f96c39-bd7f-453e-a7f1-88495e70272b
DEBUG 2025-07-26 18:12:16,355 middleware_django_tenants 28880 26044 Document - Tenant activé: 31f96c39-bd7f-453e-a7f1-88495e70272b (schema: tenant_etao)
DEBUG 2025-07-26 18:13:27,338 camel_case_middleware 28880 34492 Paramètres GET avant conversion: {'page': '1', 'page_size': '10'}
DEBUG 2025-07-26 18:13:27,338 camel_case_middleware 28880 23760 Paramètres GET avant conversion: {'page': '1', 'page_size': '10'}
DEBUG 2025-07-26 18:13:27,338 camel_case_middleware 28880 34492 Paramètres GET après conversion: {'page': '1', 'page_size': '10'}
DEBUG 2025-07-26 18:13:27,339 camel_case_middleware 28880 23760 Paramètres GET après conversion: {'page': '1', 'page_size': '10'}
DEBUG 2025-07-26 18:13:27,386 middleware_django_tenants 28880 34492 Document - Tenant trouvé: Tenant 31f96c39-bd7f-453e-a7f1-88495e70272b
DEBUG 2025-07-26 18:13:27,386 middleware_django_tenants 28880 34492 Document - Tenant activé: 31f96c39-bd7f-453e-a7f1-88495e70272b (schema: tenant_etao)
DEBUG 2025-07-26 18:13:27,389 middleware_django_tenants 28880 23760 Document - Tenant trouvé: Tenant 31f96c39-bd7f-453e-a7f1-88495e70272b
DEBUG 2025-07-26 18:13:27,389 middleware_django_tenants 28880 23760 Document - Tenant activé: 31f96c39-bd7f-453e-a7f1-88495e70272b (schema: tenant_etao)
DEBUG 2025-07-26 18:13:33,587 camel_case_middleware 28880 21708 Paramètres GET avant conversion: {'page': '1', 'page_size': '10'}
DEBUG 2025-07-26 18:13:33,588 camel_case_middleware 28880 33464 Paramètres GET avant conversion: {'page': '1', 'page_size': '10'}
DEBUG 2025-07-26 18:13:33,588 camel_case_middleware 28880 21708 Paramètres GET après conversion: {'page': '1', 'page_size': '10'}
DEBUG 2025-07-26 18:13:33,588 camel_case_middleware 28880 33464 Paramètres GET après conversion: {'page': '1', 'page_size': '10'}
DEBUG 2025-07-26 18:13:33,648 middleware_django_tenants 28880 21708 Document - Tenant trouvé: Tenant 31f96c39-bd7f-453e-a7f1-88495e70272b
DEBUG 2025-07-26 18:13:33,648 middleware_django_tenants 28880 21708 Document - Tenant activé: 31f96c39-bd7f-453e-a7f1-88495e70272b (schema: tenant_etao)
DEBUG 2025-07-26 18:13:33,651 middleware_django_tenants 28880 33464 Document - Tenant trouvé: Tenant 31f96c39-bd7f-453e-a7f1-88495e70272b
DEBUG 2025-07-26 18:13:33,651 middleware_django_tenants 28880 33464 Document - Tenant activé: 31f96c39-bd7f-453e-a7f1-88495e70272b (schema: tenant_etao)
DEBUG 2025-07-26 18:16:19,506 middleware_django_tenants 28880 36120 Document - Tenant trouvé: Tenant 31f96c39-bd7f-453e-a7f1-88495e70272b
DEBUG 2025-07-26 18:16:19,506 middleware_django_tenants 28880 36120 Document - Tenant activé: 31f96c39-bd7f-453e-a7f1-88495e70272b (schema: tenant_etao)
DEBUG 2025-07-26 18:16:33,286 middleware_django_tenants 28880 26336 Document - Tenant trouvé: Tenant 31f96c39-bd7f-453e-a7f1-88495e70272b
DEBUG 2025-07-26 18:16:33,287 middleware_django_tenants 28880 26336 Document - Tenant activé: 31f96c39-bd7f-453e-a7f1-88495e70272b (schema: tenant_etao)
DEBUG 2025-07-26 18:52:35,381 middleware_django_tenants 23196 36476 Document - Tenant trouvé: Tenant 31f96c39-bd7f-453e-a7f1-88495e70272b
DEBUG 2025-07-26 18:52:35,381 middleware_django_tenants 23196 36476 Document - Tenant activé: 31f96c39-bd7f-453e-a7f1-88495e70272b (schema: tenant_etao)
DEBUG 2025-07-26 19:14:52,440 camel_case_middleware 23196 14356 Paramètres GET avant conversion: {'page': '1', 'page_size': '10'}
DEBUG 2025-07-26 19:14:52,440 camel_case_middleware 23196 29932 Paramètres GET avant conversion: {'page': '1', 'page_size': '10'}
DEBUG 2025-07-26 19:14:52,441 camel_case_middleware 23196 14356 Paramètres GET après conversion: {'page': '1', 'page_size': '10'}
DEBUG 2025-07-26 19:14:52,441 camel_case_middleware 23196 29932 Paramètres GET après conversion: {'page': '1', 'page_size': '10'}
DEBUG 2025-07-26 19:14:54,600 middleware_django_tenants 23196 14356 Document - Tenant trouvé: Tenant 31f96c39-bd7f-453e-a7f1-88495e70272b
DEBUG 2025-07-26 19:14:54,600 middleware_django_tenants 23196 14356 Document - Tenant activé: 31f96c39-bd7f-453e-a7f1-88495e70272b (schema: tenant_etao)
DEBUG 2025-07-26 19:14:54,604 middleware_django_tenants 23196 29932 Document - Tenant trouvé: Tenant 31f96c39-bd7f-453e-a7f1-88495e70272b
DEBUG 2025-07-26 19:14:54,605 middleware_django_tenants 23196 29932 Document - Tenant activé: 31f96c39-bd7f-453e-a7f1-88495e70272b (schema: tenant_etao)
DEBUG 2025-07-26 19:15:06,549 camel_case_middleware 23196 29476 Paramètres GET avant conversion: {'page': '1', 'page_size': '10'}
DEBUG 2025-07-26 19:15:06,549 camel_case_middleware 23196 1016 Paramètres GET avant conversion: {'page': '1', 'page_size': '10'}
DEBUG 2025-07-26 19:15:06,550 camel_case_middleware 23196 29476 Paramètres GET après conversion: {'page': '1', 'page_size': '10'}
DEBUG 2025-07-26 19:15:06,550 camel_case_middleware 23196 1016 Paramètres GET après conversion: {'page': '1', 'page_size': '10'}
DEBUG 2025-07-26 19:15:06,590 middleware_django_tenants 23196 29476 Document - Tenant trouvé: Tenant 31f96c39-bd7f-453e-a7f1-88495e70272b
DEBUG 2025-07-26 19:15:06,590 middleware_django_tenants 23196 29476 Document - Tenant activé: 31f96c39-bd7f-453e-a7f1-88495e70272b (schema: tenant_etao)
DEBUG 2025-07-26 19:15:06,693 middleware_django_tenants 23196 1016 Document - Tenant trouvé: Tenant 31f96c39-bd7f-453e-a7f1-88495e70272b
DEBUG 2025-07-26 19:15:06,694 middleware_django_tenants 23196 1016 Document - Tenant activé: 31f96c39-bd7f-453e-a7f1-88495e70272b (schema: tenant_etao)
DEBUG 2025-07-27 10:12:32,613 camel_case_middleware 23196 37600 Paramètres GET avant conversion: {'page': '1', 'page_size': '10'}
DEBUG 2025-07-27 10:12:32,617 camel_case_middleware 23196 32592 Paramètres GET avant conversion: {'page': '1', 'page_size': '10'}
DEBUG 2025-07-27 10:12:32,618 camel_case_middleware 23196 37600 Paramètres GET après conversion: {'page': '1', 'page_size': '10'}
DEBUG 2025-07-27 10:12:32,618 camel_case_middleware 23196 32592 Paramètres GET après conversion: {'page': '1', 'page_size': '10'}
DEBUG 2025-07-27 10:12:34,831 middleware_django_tenants 23196 37600 Document - Tenant trouvé: Tenant 31f96c39-bd7f-453e-a7f1-88495e70272b
DEBUG 2025-07-27 10:12:34,832 middleware_django_tenants 23196 37600 Document - Tenant activé: 31f96c39-bd7f-453e-a7f1-88495e70272b (schema: tenant_etao)
DEBUG 2025-07-27 10:12:34,930 middleware_django_tenants 23196 32592 Document - Tenant trouvé: Tenant 31f96c39-bd7f-453e-a7f1-88495e70272b
DEBUG 2025-07-27 10:12:34,930 middleware_django_tenants 23196 32592 Document - Tenant activé: 31f96c39-bd7f-453e-a7f1-88495e70272b (schema: tenant_etao)
DEBUG 2025-07-28 00:32:56,346 camel_case_middleware 23196 33240 Paramètres GET avant conversion: {'page': '1', 'page_size': '10'}
DEBUG 2025-07-28 00:32:56,347 camel_case_middleware 23196 33240 Paramètres GET après conversion: {'page': '1', 'page_size': '10'}
DEBUG 2025-07-28 00:32:56,348 camel_case_middleware 23196 11712 Paramètres GET avant conversion: {'page': '1', 'page_size': '10'}
DEBUG 2025-07-28 00:32:56,350 camel_case_middleware 23196 11712 Paramètres GET après conversion: {'page': '1', 'page_size': '10'}
DEBUG 2025-07-28 00:32:58,563 middleware_django_tenants 23196 11712 Document - Tenant trouvé: Tenant 31f96c39-bd7f-453e-a7f1-88495e70272b
DEBUG 2025-07-28 00:32:58,564 middleware_django_tenants 23196 11712 Document - Tenant activé: 31f96c39-bd7f-453e-a7f1-88495e70272b (schema: tenant_etao)
DEBUG 2025-07-28 00:32:58,630 middleware_django_tenants 23196 33240 Document - Tenant trouvé: Tenant 31f96c39-bd7f-453e-a7f1-88495e70272b
DEBUG 2025-07-28 00:32:58,631 middleware_django_tenants 23196 33240 Document - Tenant activé: 31f96c39-bd7f-453e-a7f1-88495e70272b (schema: tenant_etao)
DEBUG 2025-07-28 00:33:04,099 camel_case_middleware 23196 13160 Paramètres GET avant conversion: {'page': '1', 'page_size': '10'}
DEBUG 2025-07-28 00:33:04,131 camel_case_middleware 23196 13160 Paramètres GET après conversion: {'page': '1', 'page_size': '10'}
DEBUG 2025-07-28 00:33:04,132 camel_case_middleware 23196 26504 Paramètres GET avant conversion: {'page': '1', 'page_size': '10'}
DEBUG 2025-07-28 00:33:04,133 camel_case_middleware 23196 26504 Paramètres GET après conversion: {'page': '1', 'page_size': '10'}
DEBUG 2025-07-28 00:33:04,177 middleware_django_tenants 23196 26504 Document - Tenant trouvé: Tenant 31f96c39-bd7f-453e-a7f1-88495e70272b
DEBUG 2025-07-28 00:33:04,177 middleware_django_tenants 23196 26504 Document - Tenant activé: 31f96c39-bd7f-453e-a7f1-88495e70272b (schema: tenant_etao)
DEBUG 2025-07-28 00:33:04,273 middleware_django_tenants 23196 13160 Document - Tenant trouvé: Tenant 31f96c39-bd7f-453e-a7f1-88495e70272b
DEBUG 2025-07-28 00:33:04,274 middleware_django_tenants 23196 13160 Document - Tenant activé: 31f96c39-bd7f-453e-a7f1-88495e70272b (schema: tenant_etao)
DEBUG 2025-07-28 09:31:49,826 camel_case_middleware 23196 29908 Paramètres GET avant conversion: {'page': '1', 'page_size': '10'}
DEBUG 2025-07-28 09:31:49,828 camel_case_middleware 23196 29908 Paramètres GET après conversion: {'page': '1', 'page_size': '10'}
DEBUG 2025-07-28 09:31:49,829 camel_case_middleware 23196 5544 Paramètres GET avant conversion: {'page': '1', 'page_size': '10'}
DEBUG 2025-07-28 09:31:49,833 camel_case_middleware 23196 5544 Paramètres GET après conversion: {'page': '1', 'page_size': '10'}
DEBUG 2025-07-28 09:31:52,095 middleware_django_tenants 23196 29908 Document - Tenant trouvé: Tenant 31f96c39-bd7f-453e-a7f1-88495e70272b
DEBUG 2025-07-28 09:31:52,095 middleware_django_tenants 23196 5544 Document - Tenant trouvé: Tenant 31f96c39-bd7f-453e-a7f1-88495e70272b
DEBUG 2025-07-28 09:31:52,095 middleware_django_tenants 23196 29908 Document - Tenant activé: 31f96c39-bd7f-453e-a7f1-88495e70272b (schema: tenant_etao)
DEBUG 2025-07-28 09:31:52,095 middleware_django_tenants 23196 5544 Document - Tenant activé: 31f96c39-bd7f-453e-a7f1-88495e70272b (schema: tenant_etao)
DEBUG 2025-07-28 09:32:08,698 middleware_django_tenants 23196 6380 Document - Tenant trouvé: Tenant 31f96c39-bd7f-453e-a7f1-88495e70272b
DEBUG 2025-07-28 09:32:08,699 middleware_django_tenants 23196 6380 Document - Tenant activé: 31f96c39-bd7f-453e-a7f1-88495e70272b (schema: tenant_etao)
DEBUG 2025-07-28 09:32:34,653 camel_case_middleware 23196 10576 Paramètres GET avant conversion: {'page': '1', 'page_size': '10'}
DEBUG 2025-07-28 09:32:34,654 camel_case_middleware 23196 13432 Paramètres GET avant conversion: {'page': '1', 'page_size': '10'}
DEBUG 2025-07-28 09:32:34,654 camel_case_middleware 23196 10576 Paramètres GET après conversion: {'page': '1', 'page_size': '10'}
DEBUG 2025-07-28 09:32:34,654 camel_case_middleware 23196 13432 Paramètres GET après conversion: {'page': '1', 'page_size': '10'}
DEBUG 2025-07-28 09:32:34,707 middleware_django_tenants 23196 10576 Document - Tenant trouvé: Tenant 31f96c39-bd7f-453e-a7f1-88495e70272b
DEBUG 2025-07-28 09:32:34,707 middleware_django_tenants 23196 10576 Document - Tenant activé: 31f96c39-bd7f-453e-a7f1-88495e70272b (schema: tenant_etao)
DEBUG 2025-07-28 09:32:34,710 middleware_django_tenants 23196 13432 Document - Tenant trouvé: Tenant 31f96c39-bd7f-453e-a7f1-88495e70272b
DEBUG 2025-07-28 09:32:34,710 middleware_django_tenants 23196 13432 Document - Tenant activé: 31f96c39-bd7f-453e-a7f1-88495e70272b (schema: tenant_etao)
DEBUG 2025-07-28 09:32:42,217 middleware_django_tenants 23196 35580 Document - Tenant trouvé: Tenant 31f96c39-bd7f-453e-a7f1-88495e70272b
DEBUG 2025-07-28 09:32:42,217 middleware_django_tenants 23196 35580 Document - Tenant activé: 31f96c39-bd7f-453e-a7f1-88495e70272b (schema: tenant_etao)
DEBUG 2025-07-28 09:44:02,160 camel_case_middleware 23196 12588 Paramètres GET avant conversion: {'page': '1', 'page_size': '10'}
DEBUG 2025-07-28 09:44:02,161 camel_case_middleware 23196 34700 Paramètres GET avant conversion: {'page': '1', 'page_size': '10'}
DEBUG 2025-07-28 09:44:02,161 camel_case_middleware 23196 12588 Paramètres GET après conversion: {'page': '1', 'page_size': '10'}
DEBUG 2025-07-28 09:44:02,161 camel_case_middleware 23196 34700 Paramètres GET après conversion: {'page': '1', 'page_size': '10'}
DEBUG 2025-07-28 09:44:04,317 middleware_django_tenants 23196 12588 Document - Tenant trouvé: Tenant 31f96c39-bd7f-453e-a7f1-88495e70272b
DEBUG 2025-07-28 09:44:04,317 middleware_django_tenants 23196 12588 Document - Tenant activé: 31f96c39-bd7f-453e-a7f1-88495e70272b (schema: tenant_etao)
DEBUG 2025-07-28 09:44:04,420 middleware_django_tenants 23196 34700 Document - Tenant trouvé: Tenant 31f96c39-bd7f-453e-a7f1-88495e70272b
DEBUG 2025-07-28 09:44:04,421 middleware_django_tenants 23196 34700 Document - Tenant activé: 31f96c39-bd7f-453e-a7f1-88495e70272b (schema: tenant_etao)
DEBUG 2025-07-28 09:44:10,765 middleware_django_tenants 23196 26112 Document - Tenant trouvé: Tenant 31f96c39-bd7f-453e-a7f1-88495e70272b
DEBUG 2025-07-28 09:44:10,765 middleware_django_tenants 23196 26112 Document - Tenant activé: 31f96c39-bd7f-453e-a7f1-88495e70272b (schema: tenant_etao)
DEBUG 2025-07-28 09:44:59,194 camel_case_middleware 23196 26920 Paramètres GET avant conversion: {'page': '1', 'page_size': '10'}
DEBUG 2025-07-28 09:44:59,195 camel_case_middleware 23196 26920 Paramètres GET après conversion: {'page': '1', 'page_size': '10'}
DEBUG 2025-07-28 09:44:59,344 middleware_django_tenants 23196 26920 Document - Tenant trouvé: Tenant 31f96c39-bd7f-453e-a7f1-88495e70272b
DEBUG 2025-07-28 09:44:59,344 middleware_django_tenants 23196 26920 Document - Tenant activé: 31f96c39-bd7f-453e-a7f1-88495e70272b (schema: tenant_etao)
DEBUG 2025-07-28 09:53:13,365 camel_case_middleware 23196 14132 Paramètres GET avant conversion: {'page': '1', 'page_size': '10'}
DEBUG 2025-07-28 09:53:13,366 camel_case_middleware 23196 14132 Paramètres GET après conversion: {'page': '1', 'page_size': '10'}
DEBUG 2025-07-28 09:53:13,366 camel_case_middleware 23196 24088 Paramètres GET avant conversion: {'page': '1', 'page_size': '10'}
DEBUG 2025-07-28 09:53:13,367 camel_case_middleware 23196 24088 Paramètres GET après conversion: {'page': '1', 'page_size': '10'}
DEBUG 2025-07-28 09:53:13,412 middleware_django_tenants 23196 14132 Document - Tenant trouvé: Tenant 31f96c39-bd7f-453e-a7f1-88495e70272b
DEBUG 2025-07-28 09:53:13,412 middleware_django_tenants 23196 24088 Document - Tenant trouvé: Tenant 31f96c39-bd7f-453e-a7f1-88495e70272b
DEBUG 2025-07-28 09:53:13,412 middleware_django_tenants 23196 14132 Document - Tenant activé: 31f96c39-bd7f-453e-a7f1-88495e70272b (schema: tenant_etao)
DEBUG 2025-07-28 09:53:13,413 middleware_django_tenants 23196 24088 Document - Tenant activé: 31f96c39-bd7f-453e-a7f1-88495e70272b (schema: tenant_etao)
DEBUG 2025-07-28 09:56:39,422 camel_case_middleware 23196 17044 Paramètres GET avant conversion: {'page': '1', 'page_size': '10'}
DEBUG 2025-07-28 09:56:39,422 camel_case_middleware 23196 17044 Paramètres GET après conversion: {'page': '1', 'page_size': '10'}
DEBUG 2025-07-28 09:56:41,588 middleware_django_tenants 23196 17044 Document - Tenant trouvé: Tenant e98f6cb6-1305-490a-9c41-2fab84f1bb80
DEBUG 2025-07-28 09:56:41,588 middleware_django_tenants 23196 17044 Document - Tenant activé: e98f6cb6-1305-490a-9c41-2fab84f1bb80 (schema: tenant_beenaya)
DEBUG 2025-07-28 09:56:49,082 camel_case_middleware 23196 5796 Paramètres GET avant conversion: {'page': '1', 'page_size': '10'}
DEBUG 2025-07-28 09:56:49,082 camel_case_middleware 23196 5796 Paramètres GET après conversion: {'page': '1', 'page_size': '10'}
DEBUG 2025-07-28 09:56:49,118 middleware_django_tenants 23196 5796 Document - Tenant trouvé: Tenant e98f6cb6-1305-490a-9c41-2fab84f1bb80
DEBUG 2025-07-28 09:56:49,118 middleware_django_tenants 23196 5796 Document - Tenant activé: e98f6cb6-1305-490a-9c41-2fab84f1bb80 (schema: tenant_beenaya)
DEBUG 2025-07-28 09:58:12,381 camel_case_middleware 23196 23440 Paramètres GET avant conversion: {'page': '1', 'page_size': '10'}
DEBUG 2025-07-28 09:58:12,381 camel_case_middleware 23196 23440 Paramètres GET après conversion: {'page': '1', 'page_size': '10'}
DEBUG 2025-07-28 09:58:12,416 middleware_django_tenants 23196 23440 Document - Tenant trouvé: Tenant e98f6cb6-1305-490a-9c41-2fab84f1bb80
DEBUG 2025-07-28 09:58:12,417 middleware_django_tenants 23196 23440 Document - Tenant activé: e98f6cb6-1305-490a-9c41-2fab84f1bb80 (schema: tenant_beenaya)
DEBUG 2025-07-28 09:58:22,079 camel_case_middleware 23196 37532 Paramètres GET avant conversion: {'page': '1', 'page_size': '10'}
DEBUG 2025-07-28 09:58:22,080 camel_case_middleware 23196 37532 Paramètres GET après conversion: {'page': '1', 'page_size': '10'}
DEBUG 2025-07-28 09:58:22,115 middleware_django_tenants 23196 37532 Document - Tenant trouvé: Tenant e98f6cb6-1305-490a-9c41-2fab84f1bb80
DEBUG 2025-07-28 09:58:22,115 middleware_django_tenants 23196 37532 Document - Tenant activé: e98f6cb6-1305-490a-9c41-2fab84f1bb80 (schema: tenant_beenaya)
DEBUG 2025-07-28 09:58:31,395 camel_case_middleware 23196 30032 Paramètres GET avant conversion: {'page': '1', 'page_size': '10'}
DEBUG 2025-07-28 09:58:31,395 camel_case_middleware 23196 30032 Paramètres GET après conversion: {'page': '1', 'page_size': '10'}
DEBUG 2025-07-28 09:58:31,431 middleware_django_tenants 23196 30032 Document - Tenant trouvé: Tenant e98f6cb6-1305-490a-9c41-2fab84f1bb80
DEBUG 2025-07-28 09:58:31,431 middleware_django_tenants 23196 30032 Document - Tenant activé: e98f6cb6-1305-490a-9c41-2fab84f1bb80 (schema: tenant_beenaya)
DEBUG 2025-07-28 10:00:54,031 camel_case_middleware 23196 12200 Paramètres GET avant conversion: {'page': '1', 'page_size': '10'}
DEBUG 2025-07-28 10:00:54,032 camel_case_middleware 23196 21044 Paramètres GET avant conversion: {'page': '1', 'page_size': '10'}
DEBUG 2025-07-28 10:00:54,032 camel_case_middleware 23196 12200 Paramètres GET après conversion: {'page': '1', 'page_size': '10'}
DEBUG 2025-07-28 10:00:54,032 camel_case_middleware 23196 21044 Paramètres GET après conversion: {'page': '1', 'page_size': '10'}
DEBUG 2025-07-28 10:00:54,071 middleware_django_tenants 23196 21044 Document - Tenant trouvé: Tenant e98f6cb6-1305-490a-9c41-2fab84f1bb80
DEBUG 2025-07-28 10:00:54,072 middleware_django_tenants 23196 21044 Document - Tenant activé: e98f6cb6-1305-490a-9c41-2fab84f1bb80 (schema: tenant_beenaya)
DEBUG 2025-07-28 10:00:54,074 middleware_django_tenants 23196 12200 Document - Tenant trouvé: Tenant e98f6cb6-1305-490a-9c41-2fab84f1bb80
DEBUG 2025-07-28 10:00:54,074 middleware_django_tenants 23196 12200 Document - Tenant activé: e98f6cb6-1305-490a-9c41-2fab84f1bb80 (schema: tenant_beenaya)
DEBUG 2025-07-28 10:01:27,493 camel_case_middleware 23196 24176 Paramètres GET avant conversion: {'page': '1', 'page_size': '10'}
DEBUG 2025-07-28 10:01:27,532 camel_case_middleware 23196 22492 Paramètres GET avant conversion: {'page': '1', 'page_size': '10'}
DEBUG 2025-07-28 10:01:27,532 camel_case_middleware 23196 24176 Paramètres GET après conversion: {'page': '1', 'page_size': '10'}
DEBUG 2025-07-28 10:01:27,532 camel_case_middleware 23196 22492 Paramètres GET après conversion: {'page': '1', 'page_size': '10'}
DEBUG 2025-07-28 10:01:29,702 middleware_django_tenants 23196 22492 Document - Tenant trouvé: Tenant 8dd6f442-cd07-4993-8930-10abb2b23e7d
DEBUG 2025-07-28 10:01:29,702 middleware_django_tenants 23196 22492 Document - Tenant activé: 8dd6f442-cd07-4993-8930-10abb2b23e7d (schema: tenant_kewa)
DEBUG 2025-07-28 10:01:29,787 middleware_django_tenants 23196 24176 Document - Tenant trouvé: Tenant 8dd6f442-cd07-4993-8930-10abb2b23e7d
DEBUG 2025-07-28 10:01:29,788 middleware_django_tenants 23196 24176 Document - Tenant activé: 8dd6f442-cd07-4993-8930-10abb2b23e7d (schema: tenant_kewa)
DEBUG 2025-07-28 10:01:46,449 camel_case_middleware 23196 25820 Paramètres GET avant conversion: {'page': '1', 'page_size': '10'}
DEBUG 2025-07-28 10:01:46,450 camel_case_middleware 23196 19312 Paramètres GET avant conversion: {'page': '1', 'page_size': '10'}
DEBUG 2025-07-28 10:01:46,450 camel_case_middleware 23196 25820 Paramètres GET après conversion: {'page': '1', 'page_size': '10'}
DEBUG 2025-07-28 10:01:46,450 camel_case_middleware 23196 19312 Paramètres GET après conversion: {'page': '1', 'page_size': '10'}
DEBUG 2025-07-28 10:01:46,498 middleware_django_tenants 23196 19312 Document - Tenant trouvé: Tenant 8dd6f442-cd07-4993-8930-10abb2b23e7d
DEBUG 2025-07-28 10:01:46,498 middleware_django_tenants 23196 25820 Document - Tenant trouvé: Tenant 8dd6f442-cd07-4993-8930-10abb2b23e7d
DEBUG 2025-07-28 10:01:46,498 middleware_django_tenants 23196 19312 Document - Tenant activé: 8dd6f442-cd07-4993-8930-10abb2b23e7d (schema: tenant_kewa)
DEBUG 2025-07-28 10:01:46,498 middleware_django_tenants 23196 25820 Document - Tenant activé: 8dd6f442-cd07-4993-8930-10abb2b23e7d (schema: tenant_kewa)
DEBUG 2025-07-28 10:01:54,739 camel_case_middleware 23196 30048 Paramètres GET avant conversion: {'page': '1', 'page_size': '10'}
DEBUG 2025-07-28 10:01:54,739 camel_case_middleware 23196 36944 Paramètres GET avant conversion: {'page': '1', 'page_size': '10'}
DEBUG 2025-07-28 10:01:54,739 camel_case_middleware 23196 30048 Paramètres GET après conversion: {'page': '1', 'page_size': '10'}
DEBUG 2025-07-28 10:01:54,739 camel_case_middleware 23196 36944 Paramètres GET après conversion: {'page': '1', 'page_size': '10'}
DEBUG 2025-07-28 10:01:54,787 middleware_django_tenants 23196 36944 Document - Tenant trouvé: Tenant 8dd6f442-cd07-4993-8930-10abb2b23e7d
DEBUG 2025-07-28 10:01:54,787 middleware_django_tenants 23196 36944 Document - Tenant activé: 8dd6f442-cd07-4993-8930-10abb2b23e7d (schema: tenant_kewa)
DEBUG 2025-07-28 10:01:54,787 middleware_django_tenants 23196 30048 Document - Tenant trouvé: Tenant 8dd6f442-cd07-4993-8930-10abb2b23e7d
DEBUG 2025-07-28 10:01:54,790 middleware_django_tenants 23196 30048 Document - Tenant activé: 8dd6f442-cd07-4993-8930-10abb2b23e7d (schema: tenant_kewa)
DEBUG 2025-07-28 10:47:43,383 camel_case_middleware 31808 31028 Paramètres GET avant conversion: {'page': '1', 'page_size': '10'}
DEBUG 2025-07-28 10:47:43,383 camel_case_middleware 31808 31028 Paramètres GET après conversion: {'page': '1', 'page_size': '10'}
DEBUG 2025-07-28 10:47:43,591 camel_case_middleware 31808 29764 Paramètres GET avant conversion: {'page': '1', 'page_size': '10'}
DEBUG 2025-07-28 10:47:43,591 camel_case_middleware 31808 29764 Paramètres GET après conversion: {'page': '1', 'page_size': '10'}
DEBUG 2025-07-28 10:47:45,681 middleware_django_tenants 31808 31028 Document - Tenant trouvé: Tenant 8dd6f442-cd07-4993-8930-10abb2b23e7d
DEBUG 2025-07-28 10:47:45,681 middleware_django_tenants 31808 31028 Document - Tenant activé: 8dd6f442-cd07-4993-8930-10abb2b23e7d (schema: tenant_kewa)
DEBUG 2025-07-28 10:47:45,755 middleware_django_tenants 31808 29764 Document - Tenant trouvé: Tenant 8dd6f442-cd07-4993-8930-10abb2b23e7d
DEBUG 2025-07-28 10:47:45,756 middleware_django_tenants 31808 29764 Document - Tenant activé: 8dd6f442-cd07-4993-8930-10abb2b23e7d (schema: tenant_kewa)
DEBUG 2025-07-28 10:47:53,402 camel_case_middleware 31808 33364 Paramètres GET avant conversion: {'page': '1', 'page_size': '10'}
DEBUG 2025-07-28 10:47:53,403 camel_case_middleware 31808 35072 Paramètres GET avant conversion: {'page': '1', 'page_size': '10'}
DEBUG 2025-07-28 10:47:53,403 camel_case_middleware 31808 33364 Paramètres GET après conversion: {'page': '1', 'page_size': '10'}
DEBUG 2025-07-28 10:47:53,403 camel_case_middleware 31808 35072 Paramètres GET après conversion: {'page': '1', 'page_size': '10'}
DEBUG 2025-07-28 10:47:53,450 middleware_django_tenants 31808 35072 Document - Tenant trouvé: Tenant 8dd6f442-cd07-4993-8930-10abb2b23e7d
DEBUG 2025-07-28 10:47:53,450 middleware_django_tenants 31808 35072 Document - Tenant activé: 8dd6f442-cd07-4993-8930-10abb2b23e7d (schema: tenant_kewa)
DEBUG 2025-07-28 10:47:53,551 middleware_django_tenants 31808 33364 Document - Tenant trouvé: Tenant 8dd6f442-cd07-4993-8930-10abb2b23e7d
DEBUG 2025-07-28 10:47:53,551 middleware_django_tenants 31808 33364 Document - Tenant activé: 8dd6f442-cd07-4993-8930-10abb2b23e7d (schema: tenant_kewa)
DEBUG 2025-07-28 10:49:30,545 middleware_django_tenants 31808 11300 Document - Tenant trouvé: Tenant 8dd6f442-cd07-4993-8930-10abb2b23e7d
DEBUG 2025-07-28 10:49:30,546 middleware_django_tenants 31808 11300 Document - Tenant activé: 8dd6f442-cd07-4993-8930-10abb2b23e7d (schema: tenant_kewa)
INFO 2025-07-28 10:49:30,546 serializers 31808 11300 QuoteCreateSerializer - Données brutes reçues: {'opportunity_id': '55b6d0ee-6466-4fbc-90bb-5e7a3020a8af', 'client_name': 'eeeeeee', 'client_address': '', 'project_name': 'Projet test', 'project_address': '', 'project_reference': '', 'issue_date': '2025-07-28', 'validity_period': 30, 'notes': '', 'terms_and_conditions': 'Conditions générales de vente applicables.', 'items': [{'type': 'work', 'position': 0, 'designation': 'Installation électrique', 'description': '', 'unit': 'u', 'quantity': 1, 'unitPrice': 1000, 'discount': 0, 'vatRate': '20'}]}
INFO 2025-07-28 10:49:30,549 serializers 31808 11300 QuoteCreateSerializer - Données validées: {'client_name': 'eeeeeee', 'client_address': '', 'project_name': 'Projet test', 'project_address': '', 'project_reference': '', 'issue_date': datetime.date(2025, 7, 28), 'notes': '', 'terms_and_conditions': 'Conditions générales de vente applicables.', 'opportunity_id': UUID('55b6d0ee-6466-4fbc-90bb-5e7a3020a8af'), 'validity_period': 30, 'margin': 0, 'items': [{'type': 'work', 'position': 0, 'designation': 'Installation électrique', 'description': '', 'unit': 'u', 'quantity': Decimal('1.00'), 'unit_price': Decimal('1000.00'), 'discount': Decimal('0.00'), 'vat_rate': '20'}]}
INFO 2025-07-28 10:49:30,550 serializers 31808 11300 QuoteCreateSerializer.create - Données reçues: {'client_name': 'eeeeeee', 'client_address': '', 'project_name': 'Projet test', 'project_address': '', 'project_reference': '', 'issue_date': datetime.date(2025, 7, 28), 'notes': '', 'terms_and_conditions': 'Conditions générales de vente applicables.', 'opportunity_id': UUID('55b6d0ee-6466-4fbc-90bb-5e7a3020a8af'), 'validity_period': 30, 'margin': 0, 'items': [{'type': 'work', 'position': 0, 'designation': 'Installation électrique', 'description': '', 'unit': 'u', 'quantity': Decimal('1.00'), 'unit_price': Decimal('1000.00'), 'discount': Decimal('0.00'), 'vat_rate': '20'}]}
INFO 2025-07-28 10:49:30,550 serializers 31808 11300 QuoteCreateSerializer.create - Items extraits: [{'type': 'work', 'position': 0, 'designation': 'Installation électrique', 'description': '', 'unit': 'u', 'quantity': Decimal('1.00'), 'unit_price': Decimal('1000.00'), 'discount': Decimal('0.00'), 'vat_rate': '20'}]
INFO 2025-07-28 10:49:30,550 serializers 31808 11300 QuoteCreateSerializer.create - Tenant ID: 8dd6f442-cd07-4993-8930-10abb2b23e7d
DEBUG 2025-07-28 10:49:30,551 cache_service 31808 11300 Cache miss pour config tenant 8dd6f442-cd07-4993-8930-10abb2b23e7d
INFO 2025-07-28 10:49:30,551 tenant_client 31808 11300 Cache miss pour tenant 8dd6f442-cd07-4993-8930-10abb2b23e7d, récupération depuis l'API
INFO 2025-07-28 10:49:32,663 tenant_client 31808 11300 Configuration tenant 8dd6f442-cd07-4993-8930-10abb2b23e7d récupérée avec succès
ERROR 2025-07-28 10:49:32,664 cache_service 31808 11300 Échec mise en cache config tenant 8dd6f442-cd07-4993-8930-10abb2b23e7d
INFO 2025-07-28 10:49:32,664 tenant_client 31808 11300 Configuration tenant 8dd6f442-cd07-4993-8930-10abb2b23e7d mise en cache
INFO 2025-07-28 10:49:32,664 serializers 31808 11300 Configuration tenant récupérée pour 8dd6f442-cd07-4993-8930-10abb2b23e7d
INFO 2025-07-28 10:49:32,715 serializers 31808 11300 QuoteCreateSerializer.create - Devis créé: 9f624d14-113f-4f85-8f35-9986dc551aa5
INFO 2025-07-28 10:49:32,715 serializers 31808 11300 QuoteCreateSerializer.create - Préparation item: {'type': 'work', 'position': 0, 'designation': 'Installation électrique', 'description': '', 'unit': 'u', 'quantity': Decimal('1.00'), 'unit_price': Decimal('1000.00'), 'discount': Decimal('0.00'), 'vat_rate': '20'}
INFO 2025-07-28 10:49:32,721 serializers 31808 11300 Items créés en lot: 1
INFO 2025-07-28 10:49:32,724 vat_rate_service 31808 11300 Récupération des taux de TVA depuis tenant-service pour tenant 8dd6f442-cd07-4993-8930-10abb2b23e7d
INFO 2025-07-28 10:49:34,813 tenant_client 31808 11300 Configuration tenant 8dd6f442-cd07-4993-8930-10abb2b23e7d récupérée avec succès
DEBUG 2025-07-28 10:49:34,813 vat_rate_service 31808 11300 Taux de TVA mis en cache pour tenant 8dd6f442-cd07-4993-8930-10abb2b23e7d
INFO 2025-07-28 10:49:34,813 vat_rate_service 31808 11300 Taux de TVA récupérés et mis en cache pour tenant 8dd6f442-cd07-4993-8930-10abb2b23e7d
DEBUG 2025-07-28 10:49:34,817 cache_service 31808 11300 Cache hit pour config tenant 8dd6f442-cd07-4993-8930-10abb2b23e7d
DEBUG 2025-07-28 10:49:34,818 tenant_client 31808 11300 Cache hit pour tenant 8dd6f442-cd07-4993-8930-10abb2b23e7d
INFO 2025-07-28 10:49:34,818 serializers 31808 11300 QuoteCreateSerializer.create - Devis finalisé: DEV-2025-696172 - eeeeeee - 1200.00 EUR
DEBUG 2025-07-28 10:49:35,501 middleware_django_tenants 31808 22016 Document - Tenant trouvé: Tenant 8dd6f442-cd07-4993-8930-10abb2b23e7d
DEBUG 2025-07-28 10:49:35,502 middleware_django_tenants 31808 22016 Document - Tenant activé: 8dd6f442-cd07-4993-8930-10abb2b23e7d (schema: tenant_kewa)
DEBUG 2025-07-28 10:51:47,493 middleware_django_tenants 31808 11616 Document - Tenant trouvé: Tenant 8dd6f442-cd07-4993-8930-10abb2b23e7d
DEBUG 2025-07-28 10:51:47,494 middleware_django_tenants 31808 11616 Document - Tenant activé: 8dd6f442-cd07-4993-8930-10abb2b23e7d (schema: tenant_kewa)
DEBUG 2025-07-28 10:52:49,792 middleware_django_tenants 31808 19944 Document - Tenant trouvé: Tenant 31f96c39-bd7f-453e-a7f1-88495e70272b
DEBUG 2025-07-28 10:52:49,792 middleware_django_tenants 31808 19944 Document - Tenant activé: 31f96c39-bd7f-453e-a7f1-88495e70272b (schema: tenant_etao)
DEBUG 2025-07-28 10:52:49,793 cache_service 31808 19944 Cache miss pour numérotation project tenant 31f96c39-bd7f-453e-a7f1-88495e70272b
INFO 2025-07-28 10:52:49,793 tenant_client 31808 19944 Cache miss pour numérotation project tenant 31f96c39-bd7f-453e-a7f1-88495e70272b
INFO 2025-07-28 10:52:51,873 tenant_client 31808 19944 Config numérotation project pour tenant 31f96c39-bd7f-453e-a7f1-88495e70272b récupérée
INFO 2025-07-28 10:52:51,873 tenant_client 31808 19944 Config numérotation project tenant 31f96c39-bd7f-453e-a7f1-88495e70272b mise en cache
DEBUG 2025-07-28 10:53:12,538 middleware_django_tenants 5600 28640 Document - Tenant trouvé: Tenant 31f96c39-bd7f-453e-a7f1-88495e70272b
DEBUG 2025-07-28 10:53:12,538 middleware_django_tenants 5600 28640 Document - Tenant activé: 31f96c39-bd7f-453e-a7f1-88495e70272b (schema: tenant_etao)
DEBUG 2025-07-28 10:53:12,542 cache_service 5600 28640 Cache miss pour numérotation project tenant 31f96c39-bd7f-453e-a7f1-88495e70272b
INFO 2025-07-28 10:53:12,542 tenant_client 5600 28640 Cache miss pour numérotation project tenant 31f96c39-bd7f-453e-a7f1-88495e70272b
INFO 2025-07-28 10:53:14,640 tenant_client 5600 28640 Config numérotation project pour tenant 31f96c39-bd7f-453e-a7f1-88495e70272b récupérée
INFO 2025-07-28 10:53:14,641 tenant_client 5600 28640 Config numérotation project tenant 31f96c39-bd7f-453e-a7f1-88495e70272b mise en cache
DEBUG 2025-07-28 10:53:40,649 middleware_django_tenants 34680 1692 Document - Tenant trouvé: Tenant 31f96c39-bd7f-453e-a7f1-88495e70272b
DEBUG 2025-07-28 10:53:40,650 middleware_django_tenants 34680 1692 Document - Tenant activé: 31f96c39-bd7f-453e-a7f1-88495e70272b (schema: tenant_etao)
DEBUG 2025-07-28 10:53:40,653 cache_service 34680 1692 Cache miss pour numérotation project tenant 31f96c39-bd7f-453e-a7f1-88495e70272b
INFO 2025-07-28 10:53:40,653 tenant_client 34680 1692 Cache miss pour numérotation project tenant 31f96c39-bd7f-453e-a7f1-88495e70272b
INFO 2025-07-28 10:53:42,753 tenant_client 34680 1692 Config numérotation project pour tenant 31f96c39-bd7f-453e-a7f1-88495e70272b récupérée
INFO 2025-07-28 10:53:42,753 tenant_client 34680 1692 Config numérotation project tenant 31f96c39-bd7f-453e-a7f1-88495e70272b mise en cache
DEBUG 2025-07-28 10:55:07,785 middleware_django_tenants 16388 23980 Document - Tenant trouvé: Tenant 8dd6f442-cd07-4993-8930-10abb2b23e7d
DEBUG 2025-07-28 10:55:07,785 middleware_django_tenants 16388 23980 Document - Tenant activé: 8dd6f442-cd07-4993-8930-10abb2b23e7d (schema: tenant_kewa)
DEBUG 2025-07-28 10:55:27,438 camel_case_middleware 16388 37224 Paramètres GET avant conversion: {'page': '1', 'page_size': '10'}
DEBUG 2025-07-28 10:55:27,438 camel_case_middleware 16388 37224 Paramètres GET après conversion: {'page': '1', 'page_size': '10'}
DEBUG 2025-07-28 10:55:27,482 middleware_django_tenants 16388 37224 Document - Tenant trouvé: Tenant 8dd6f442-cd07-4993-8930-10abb2b23e7d
DEBUG 2025-07-28 10:55:27,483 middleware_django_tenants 16388 37224 Document - Tenant activé: 8dd6f442-cd07-4993-8930-10abb2b23e7d (schema: tenant_kewa)
DEBUG 2025-07-28 10:55:27,698 camel_case_middleware 16388 17896 Paramètres GET avant conversion: {'page': '1', 'page_size': '10'}
DEBUG 2025-07-28 10:55:27,699 camel_case_middleware 16388 17896 Paramètres GET après conversion: {'page': '1', 'page_size': '10'}
DEBUG 2025-07-28 10:55:27,735 middleware_django_tenants 16388 17896 Document - Tenant trouvé: Tenant 8dd6f442-cd07-4993-8930-10abb2b23e7d
DEBUG 2025-07-28 10:55:27,735 middleware_django_tenants 16388 17896 Document - Tenant activé: 8dd6f442-cd07-4993-8930-10abb2b23e7d (schema: tenant_kewa)
DEBUG 2025-07-28 10:55:34,976 middleware_django_tenants 16388 29200 Document - Tenant trouvé: Tenant 8dd6f442-cd07-4993-8930-10abb2b23e7d
DEBUG 2025-07-28 10:55:34,976 middleware_django_tenants 16388 29200 Document - Tenant activé: 8dd6f442-cd07-4993-8930-10abb2b23e7d (schema: tenant_kewa)
DEBUG 2025-07-28 10:57:48,397 middleware_django_tenants 16388 36060 Document - Tenant trouvé: Tenant 31f96c39-bd7f-453e-a7f1-88495e70272b
DEBUG 2025-07-28 10:57:48,397 middleware_django_tenants 16388 36060 Document - Tenant activé: 31f96c39-bd7f-453e-a7f1-88495e70272b (schema: tenant_etao)
DEBUG 2025-07-28 10:57:57,612 middleware_django_tenants 16388 21164 Document - Tenant trouvé: Tenant 31f96c39-bd7f-453e-a7f1-88495e70272b
DEBUG 2025-07-28 10:57:57,612 middleware_django_tenants 16388 21164 Document - Tenant activé: 31f96c39-bd7f-453e-a7f1-88495e70272b (schema: tenant_etao)
DEBUG 2025-07-28 10:58:54,415 middleware_django_tenants 16388 22464 Document - Tenant trouvé: Tenant 8dd6f442-cd07-4993-8930-10abb2b23e7d
DEBUG 2025-07-28 10:58:54,415 middleware_django_tenants 16388 22464 Document - Tenant activé: 8dd6f442-cd07-4993-8930-10abb2b23e7d (schema: tenant_kewa)
DEBUG 2025-07-28 10:59:24,104 middleware_django_tenants 16388 21512 Document - Tenant trouvé: Tenant 8dd6f442-cd07-4993-8930-10abb2b23e7d
DEBUG 2025-07-28 10:59:24,105 middleware_django_tenants 16388 21512 Document - Tenant activé: 8dd6f442-cd07-4993-8930-10abb2b23e7d (schema: tenant_kewa)
DEBUG 2025-07-28 10:59:59,417 middleware_django_tenants 16388 18100 Document - Tenant trouvé: Tenant 8dd6f442-cd07-4993-8930-10abb2b23e7d
DEBUG 2025-07-28 10:59:59,417 middleware_django_tenants 16388 18100 Document - Tenant activé: 8dd6f442-cd07-4993-8930-10abb2b23e7d (schema: tenant_kewa)
DEBUG 2025-07-28 11:00:45,096 middleware_django_tenants 16388 32228 Document - Tenant trouvé: Tenant 8dd6f442-cd07-4993-8930-10abb2b23e7d
DEBUG 2025-07-28 11:00:45,096 middleware_django_tenants 16388 32228 Document - Tenant activé: 8dd6f442-cd07-4993-8930-10abb2b23e7d (schema: tenant_kewa)
DEBUG 2025-07-28 11:00:53,396 middleware_django_tenants 16388 33424 Document - Tenant trouvé: Tenant 8dd6f442-cd07-4993-8930-10abb2b23e7d
DEBUG 2025-07-28 11:00:53,396 middleware_django_tenants 16388 33424 Document - Tenant activé: 8dd6f442-cd07-4993-8930-10abb2b23e7d (schema: tenant_kewa)
DEBUG 2025-07-28 11:30:09,637 camel_case_middleware 16388 28028 Paramètres GET avant conversion: {'page': '1', 'page_size': '10'}
DEBUG 2025-07-28 11:30:09,638 camel_case_middleware 16388 26628 Paramètres GET avant conversion: {'page': '1', 'page_size': '10'}
DEBUG 2025-07-28 11:30:09,638 camel_case_middleware 16388 28028 Paramètres GET après conversion: {'page': '1', 'page_size': '10'}
DEBUG 2025-07-28 11:30:09,638 camel_case_middleware 16388 26628 Paramètres GET après conversion: {'page': '1', 'page_size': '10'}
DEBUG 2025-07-28 11:30:11,805 middleware_django_tenants 16388 26628 Document - Tenant trouvé: Tenant 8dd6f442-cd07-4993-8930-10abb2b23e7d
DEBUG 2025-07-28 11:30:11,805 middleware_django_tenants 16388 28028 Document - Tenant trouvé: Tenant 8dd6f442-cd07-4993-8930-10abb2b23e7d
DEBUG 2025-07-28 11:30:11,806 middleware_django_tenants 16388 26628 Document - Tenant activé: 8dd6f442-cd07-4993-8930-10abb2b23e7d (schema: tenant_kewa)
DEBUG 2025-07-28 11:30:11,806 middleware_django_tenants 16388 28028 Document - Tenant activé: 8dd6f442-cd07-4993-8930-10abb2b23e7d (schema: tenant_kewa)
DEBUG 2025-07-28 11:30:19,918 middleware_django_tenants 16388 31704 Document - Tenant trouvé: Tenant 8dd6f442-cd07-4993-8930-10abb2b23e7d
DEBUG 2025-07-28 11:30:19,918 middleware_django_tenants 16388 31704 Document - Tenant activé: 8dd6f442-cd07-4993-8930-10abb2b23e7d (schema: tenant_kewa)
DEBUG 2025-07-28 11:34:10,526 camel_case_middleware 16388 32000 Paramètres GET avant conversion: {'page': '1', 'page_size': '10'}
DEBUG 2025-07-28 11:34:10,527 camel_case_middleware 16388 35284 Paramètres GET avant conversion: {'page': '1', 'page_size': '10'}
DEBUG 2025-07-28 11:34:10,527 camel_case_middleware 16388 32000 Paramètres GET après conversion: {'page': '1', 'page_size': '10'}
DEBUG 2025-07-28 11:34:10,527 camel_case_middleware 16388 35284 Paramètres GET après conversion: {'page': '1', 'page_size': '10'}
DEBUG 2025-07-28 11:34:10,576 middleware_django_tenants 16388 32000 Document - Tenant trouvé: Tenant 8dd6f442-cd07-4993-8930-10abb2b23e7d
DEBUG 2025-07-28 11:34:10,576 middleware_django_tenants 16388 35284 Document - Tenant trouvé: Tenant 8dd6f442-cd07-4993-8930-10abb2b23e7d
DEBUG 2025-07-28 11:34:10,577 middleware_django_tenants 16388 32000 Document - Tenant activé: 8dd6f442-cd07-4993-8930-10abb2b23e7d (schema: tenant_kewa)
DEBUG 2025-07-28 11:34:10,577 middleware_django_tenants 16388 35284 Document - Tenant activé: 8dd6f442-cd07-4993-8930-10abb2b23e7d (schema: tenant_kewa)
DEBUG 2025-07-28 11:34:16,698 middleware_django_tenants 16388 26588 Document - Tenant trouvé: Tenant 8dd6f442-cd07-4993-8930-10abb2b23e7d
DEBUG 2025-07-28 11:34:16,699 middleware_django_tenants 16388 26588 Document - Tenant activé: 8dd6f442-cd07-4993-8930-10abb2b23e7d (schema: tenant_kewa)
DEBUG 2025-07-28 11:34:36,479 middleware_django_tenants 16388 6304 Document - Tenant trouvé: Tenant 8dd6f442-cd07-4993-8930-10abb2b23e7d
DEBUG 2025-07-28 11:34:36,479 middleware_django_tenants 16388 6304 Document - Tenant activé: 8dd6f442-cd07-4993-8930-10abb2b23e7d (schema: tenant_kewa)
DEBUG 2025-07-28 11:34:53,135 middleware_django_tenants 16388 17896 Document - Tenant trouvé: Tenant 8dd6f442-cd07-4993-8930-10abb2b23e7d
DEBUG 2025-07-28 11:34:53,136 middleware_django_tenants 16388 17896 Document - Tenant activé: 8dd6f442-cd07-4993-8930-10abb2b23e7d (schema: tenant_kewa)
DEBUG 2025-07-28 11:35:02,433 middleware_django_tenants 16388 8300 Document - Tenant trouvé: Tenant 8dd6f442-cd07-4993-8930-10abb2b23e7d
DEBUG 2025-07-28 11:35:02,433 middleware_django_tenants 16388 8300 Document - Tenant activé: 8dd6f442-cd07-4993-8930-10abb2b23e7d (schema: tenant_kewa)
DEBUG 2025-07-28 11:35:10,103 middleware_django_tenants 16388 26684 Document - Tenant trouvé: Tenant 8dd6f442-cd07-4993-8930-10abb2b23e7d
DEBUG 2025-07-28 11:35:10,103 middleware_django_tenants 16388 26684 Document - Tenant activé: 8dd6f442-cd07-4993-8930-10abb2b23e7d (schema: tenant_kewa)
DEBUG 2025-07-28 11:35:16,429 middleware_django_tenants 16388 2204 Document - Tenant trouvé: Tenant 8dd6f442-cd07-4993-8930-10abb2b23e7d
DEBUG 2025-07-28 11:35:16,429 middleware_django_tenants 16388 2204 Document - Tenant activé: 8dd6f442-cd07-4993-8930-10abb2b23e7d (schema: tenant_kewa)
DEBUG 2025-07-28 11:35:22,103 middleware_django_tenants 16388 12600 Document - Tenant trouvé: Tenant 8dd6f442-cd07-4993-8930-10abb2b23e7d
DEBUG 2025-07-28 11:35:22,103 middleware_django_tenants 16388 12600 Document - Tenant activé: 8dd6f442-cd07-4993-8930-10abb2b23e7d (schema: tenant_kewa)
DEBUG 2025-07-28 11:35:27,118 middleware_django_tenants 16388 2772 Document - Tenant trouvé: Tenant 8dd6f442-cd07-4993-8930-10abb2b23e7d
DEBUG 2025-07-28 11:35:27,118 middleware_django_tenants 16388 2772 Document - Tenant activé: 8dd6f442-cd07-4993-8930-10abb2b23e7d (schema: tenant_kewa)
DEBUG 2025-07-28 11:35:35,400 middleware_django_tenants 16388 33588 Document - Tenant trouvé: Tenant 8dd6f442-cd07-4993-8930-10abb2b23e7d
DEBUG 2025-07-28 11:35:35,400 middleware_django_tenants 16388 33588 Document - Tenant activé: 8dd6f442-cd07-4993-8930-10abb2b23e7d (schema: tenant_kewa)
DEBUG 2025-07-28 11:36:30,815 middleware_django_tenants 16388 37644 Document - Tenant trouvé: Tenant 8dd6f442-cd07-4993-8930-10abb2b23e7d
DEBUG 2025-07-28 11:36:30,815 middleware_django_tenants 16388 37644 Document - Tenant activé: 8dd6f442-cd07-4993-8930-10abb2b23e7d (schema: tenant_kewa)
DEBUG 2025-07-28 11:39:49,542 camel_case_middleware 16388 22340 Paramètres GET avant conversion: {'page': '1', 'page_size': '10'}
DEBUG 2025-07-28 11:39:49,542 camel_case_middleware 16388 19312 Paramètres GET avant conversion: {'page': '1', 'page_size': '10'}
DEBUG 2025-07-28 11:39:49,543 camel_case_middleware 16388 22340 Paramètres GET après conversion: {'page': '1', 'page_size': '10'}
DEBUG 2025-07-28 11:39:49,543 camel_case_middleware 16388 19312 Paramètres GET après conversion: {'page': '1', 'page_size': '10'}
DEBUG 2025-07-28 11:39:49,594 middleware_django_tenants 16388 22340 Document - Tenant trouvé: Tenant 8dd6f442-cd07-4993-8930-10abb2b23e7d
DEBUG 2025-07-28 11:39:49,594 middleware_django_tenants 16388 19312 Document - Tenant trouvé: Tenant 8dd6f442-cd07-4993-8930-10abb2b23e7d
DEBUG 2025-07-28 11:39:49,595 middleware_django_tenants 16388 22340 Document - Tenant activé: 8dd6f442-cd07-4993-8930-10abb2b23e7d (schema: tenant_kewa)
DEBUG 2025-07-28 11:39:49,595 middleware_django_tenants 16388 19312 Document - Tenant activé: 8dd6f442-cd07-4993-8930-10abb2b23e7d (schema: tenant_kewa)
DEBUG 2025-07-28 11:39:56,109 camel_case_middleware 16388 12512 Paramètres GET avant conversion: {'page': '1', 'page_size': '10'}
DEBUG 2025-07-28 11:39:56,109 camel_case_middleware 16388 5796 Paramètres GET avant conversion: {'page': '1', 'page_size': '10'}
DEBUG 2025-07-28 11:39:56,110 camel_case_middleware 16388 12512 Paramètres GET après conversion: {'page': '1', 'page_size': '10'}
DEBUG 2025-07-28 11:39:56,110 camel_case_middleware 16388 5796 Paramètres GET après conversion: {'page': '1', 'page_size': '10'}
DEBUG 2025-07-28 11:39:56,151 middleware_django_tenants 16388 5796 Document - Tenant trouvé: Tenant 8dd6f442-cd07-4993-8930-10abb2b23e7d
DEBUG 2025-07-28 11:39:56,152 middleware_django_tenants 16388 5796 Document - Tenant activé: 8dd6f442-cd07-4993-8930-10abb2b23e7d (schema: tenant_kewa)
DEBUG 2025-07-28 11:39:56,261 middleware_django_tenants 16388 12512 Document - Tenant trouvé: Tenant 8dd6f442-cd07-4993-8930-10abb2b23e7d
DEBUG 2025-07-28 11:39:56,261 middleware_django_tenants 16388 12512 Document - Tenant activé: 8dd6f442-cd07-4993-8930-10abb2b23e7d (schema: tenant_kewa)
DEBUG 2025-07-28 12:14:11,370 middleware_django_tenants 16388 34316 Document - Tenant trouvé: Tenant 8dd6f442-cd07-4993-8930-10abb2b23e7d
DEBUG 2025-07-28 12:14:11,370 middleware_django_tenants 16388 34316 Document - Tenant activé: 8dd6f442-cd07-4993-8930-10abb2b23e7d (schema: tenant_kewa)
DEBUG 2025-07-28 12:14:18,770 camel_case_middleware 16388 32924 Paramètres GET avant conversion: {'page': '1', 'page_size': '10'}
DEBUG 2025-07-28 12:14:18,771 camel_case_middleware 16388 35240 Paramètres GET avant conversion: {'page': '1', 'page_size': '10'}
DEBUG 2025-07-28 12:14:18,771 camel_case_middleware 16388 32924 Paramètres GET après conversion: {'page': '1', 'page_size': '10'}
DEBUG 2025-07-28 12:14:18,771 camel_case_middleware 16388 35240 Paramètres GET après conversion: {'page': '1', 'page_size': '10'}
DEBUG 2025-07-28 12:14:18,825 middleware_django_tenants 16388 32924 Document - Tenant trouvé: Tenant 8dd6f442-cd07-4993-8930-10abb2b23e7d
DEBUG 2025-07-28 12:14:18,825 middleware_django_tenants 16388 35240 Document - Tenant trouvé: Tenant 8dd6f442-cd07-4993-8930-10abb2b23e7d
DEBUG 2025-07-28 12:14:18,825 middleware_django_tenants 16388 32924 Document - Tenant activé: 8dd6f442-cd07-4993-8930-10abb2b23e7d (schema: tenant_kewa)
DEBUG 2025-07-28 12:14:18,826 middleware_django_tenants 16388 35240 Document - Tenant activé: 8dd6f442-cd07-4993-8930-10abb2b23e7d (schema: tenant_kewa)
DEBUG 2025-07-28 12:14:24,786 camel_case_middleware 16388 34116 Paramètres GET avant conversion: {'page': '1', 'page_size': '10'}
DEBUG 2025-07-28 12:14:24,786 camel_case_middleware 16388 30276 Paramètres GET avant conversion: {'page': '1', 'page_size': '10'}
DEBUG 2025-07-28 12:14:24,787 camel_case_middleware 16388 34116 Paramètres GET après conversion: {'page': '1', 'page_size': '10'}
DEBUG 2025-07-28 12:14:24,787 camel_case_middleware 16388 30276 Paramètres GET après conversion: {'page': '1', 'page_size': '10'}
DEBUG 2025-07-28 12:14:24,828 middleware_django_tenants 16388 30276 Document - Tenant trouvé: Tenant 8dd6f442-cd07-4993-8930-10abb2b23e7d
DEBUG 2025-07-28 12:14:24,828 middleware_django_tenants 16388 30276 Document - Tenant activé: 8dd6f442-cd07-4993-8930-10abb2b23e7d (schema: tenant_kewa)
DEBUG 2025-07-28 12:14:24,931 middleware_django_tenants 16388 34116 Document - Tenant trouvé: Tenant 8dd6f442-cd07-4993-8930-10abb2b23e7d
DEBUG 2025-07-28 12:14:24,931 middleware_django_tenants 16388 34116 Document - Tenant activé: 8dd6f442-cd07-4993-8930-10abb2b23e7d (schema: tenant_kewa)
DEBUG 2025-07-28 12:38:36,656 middleware_django_tenants 16388 8044 Document - Tenant trouvé: Tenant 8dd6f442-cd07-4993-8930-10abb2b23e7d
DEBUG 2025-07-28 12:38:36,656 middleware_django_tenants 16388 8044 Document - Tenant activé: 8dd6f442-cd07-4993-8930-10abb2b23e7d (schema: tenant_kewa)
DEBUG 2025-07-28 12:40:15,426 middleware_django_tenants 16388 11248 Document - Tenant trouvé: Tenant 8dd6f442-cd07-4993-8930-10abb2b23e7d
DEBUG 2025-07-28 12:40:15,426 middleware_django_tenants 16388 11248 Document - Tenant activé: 8dd6f442-cd07-4993-8930-10abb2b23e7d (schema: tenant_kewa)
DEBUG 2025-07-28 12:40:24,126 middleware_django_tenants 16388 31816 Document - Tenant trouvé: Tenant 8dd6f442-cd07-4993-8930-10abb2b23e7d
DEBUG 2025-07-28 12:40:24,126 middleware_django_tenants 16388 31816 Document - Tenant activé: 8dd6f442-cd07-4993-8930-10abb2b23e7d (schema: tenant_kewa)
DEBUG 2025-07-28 12:40:39,400 middleware_django_tenants 16388 21980 Document - Tenant trouvé: Tenant 8dd6f442-cd07-4993-8930-10abb2b23e7d
DEBUG 2025-07-28 12:40:39,401 middleware_django_tenants 16388 21980 Document - Tenant activé: 8dd6f442-cd07-4993-8930-10abb2b23e7d (schema: tenant_kewa)
DEBUG 2025-07-28 12:40:50,093 middleware_django_tenants 16388 31792 Document - Tenant trouvé: Tenant 8dd6f442-cd07-4993-8930-10abb2b23e7d
DEBUG 2025-07-28 12:40:50,094 middleware_django_tenants 16388 31792 Document - Tenant activé: 8dd6f442-cd07-4993-8930-10abb2b23e7d (schema: tenant_kewa)
DEBUG 2025-07-28 12:41:05,396 middleware_django_tenants 16388 32248 Document - Tenant trouvé: Tenant 8dd6f442-cd07-4993-8930-10abb2b23e7d
DEBUG 2025-07-28 12:41:05,396 middleware_django_tenants 16388 32248 Document - Tenant activé: 8dd6f442-cd07-4993-8930-10abb2b23e7d (schema: tenant_kewa)
DEBUG 2025-07-28 12:43:54,750 middleware_django_tenants 16388 37608 Document - Tenant trouvé: Tenant 8dd6f442-cd07-4993-8930-10abb2b23e7d
DEBUG 2025-07-28 12:43:54,750 middleware_django_tenants 16388 37608 Document - Tenant activé: 8dd6f442-cd07-4993-8930-10abb2b23e7d (schema: tenant_kewa)
DEBUG 2025-07-28 12:44:26,104 middleware_django_tenants 16388 10244 Document - Tenant trouvé: Tenant 8dd6f442-cd07-4993-8930-10abb2b23e7d
DEBUG 2025-07-28 12:44:26,104 middleware_django_tenants 16388 10244 Document - Tenant activé: 8dd6f442-cd07-4993-8930-10abb2b23e7d (schema: tenant_kewa)
DEBUG 2025-07-28 12:49:16,682 middleware_django_tenants 16388 27812 Document - Tenant trouvé: Tenant 8dd6f442-cd07-4993-8930-10abb2b23e7d
DEBUG 2025-07-28 12:49:16,682 middleware_django_tenants 16388 27812 Document - Tenant activé: 8dd6f442-cd07-4993-8930-10abb2b23e7d (schema: tenant_kewa)
DEBUG 2025-07-28 12:49:29,036 middleware_django_tenants 16388 12544 Document - Tenant trouvé: Tenant 8dd6f442-cd07-4993-8930-10abb2b23e7d
DEBUG 2025-07-28 12:49:29,037 middleware_django_tenants 16388 12544 Document - Tenant activé: 8dd6f442-cd07-4993-8930-10abb2b23e7d (schema: tenant_kewa)
DEBUG 2025-07-28 12:50:10,303 middleware_django_tenants 16388 8020 Document - Tenant trouvé: Tenant 8dd6f442-cd07-4993-8930-10abb2b23e7d
DEBUG 2025-07-28 12:50:10,303 middleware_django_tenants 16388 8020 Document - Tenant activé: 8dd6f442-cd07-4993-8930-10abb2b23e7d (schema: tenant_kewa)
DEBUG 2025-07-28 15:19:35,482 camel_case_middleware 16388 8804 Paramètres GET avant conversion: {'page': '1', 'page_size': '10'}
DEBUG 2025-07-28 15:19:35,483 camel_case_middleware 16388 18180 Paramètres GET avant conversion: {'page': '1', 'page_size': '10'}
DEBUG 2025-07-28 15:19:35,483 camel_case_middleware 16388 8804 Paramètres GET après conversion: {'page': '1', 'page_size': '10'}
DEBUG 2025-07-28 15:19:35,484 camel_case_middleware 16388 18180 Paramètres GET après conversion: {'page': '1', 'page_size': '10'}
DEBUG 2025-07-28 15:19:37,694 middleware_django_tenants 16388 8804 Document - Tenant trouvé: Tenant 8dd6f442-cd07-4993-8930-10abb2b23e7d
DEBUG 2025-07-28 15:19:37,694 middleware_django_tenants 16388 18180 Document - Tenant trouvé: Tenant 8dd6f442-cd07-4993-8930-10abb2b23e7d
DEBUG 2025-07-28 15:19:37,695 middleware_django_tenants 16388 8804 Document - Tenant activé: 8dd6f442-cd07-4993-8930-10abb2b23e7d (schema: tenant_kewa)
DEBUG 2025-07-28 15:19:37,695 middleware_django_tenants 16388 18180 Document - Tenant activé: 8dd6f442-cd07-4993-8930-10abb2b23e7d (schema: tenant_kewa)
DEBUG 2025-07-28 15:19:55,072 camel_case_middleware 16388 35696 Paramètres GET avant conversion: {'page': '1', 'page_size': '10'}
DEBUG 2025-07-28 15:19:55,073 camel_case_middleware 16388 35696 Paramètres GET après conversion: {'page': '1', 'page_size': '10'}
DEBUG 2025-07-28 15:19:55,217 middleware_django_tenants 16388 35696 Document - Tenant trouvé: Tenant 8dd6f442-cd07-4993-8930-10abb2b23e7d
DEBUG 2025-07-28 15:19:55,218 middleware_django_tenants 16388 35696 Document - Tenant activé: 8dd6f442-cd07-4993-8930-10abb2b23e7d (schema: tenant_kewa)
DEBUG 2025-07-28 15:19:55,329 camel_case_middleware 16388 26880 Paramètres GET avant conversion: {'page': '1', 'page_size': '10'}
DEBUG 2025-07-28 15:19:55,330 camel_case_middleware 16388 26880 Paramètres GET après conversion: {'page': '1', 'page_size': '10'}
DEBUG 2025-07-28 15:19:55,372 middleware_django_tenants 16388 26880 Document - Tenant trouvé: Tenant 8dd6f442-cd07-4993-8930-10abb2b23e7d
DEBUG 2025-07-28 15:19:55,372 middleware_django_tenants 16388 26880 Document - Tenant activé: 8dd6f442-cd07-4993-8930-10abb2b23e7d (schema: tenant_kewa)
DEBUG 2025-07-28 15:21:30,185 camel_case_middleware 16388 25020 Paramètres GET avant conversion: {'page': '1', 'page_size': '10'}
DEBUG 2025-07-28 15:21:30,186 camel_case_middleware 16388 35416 Paramètres GET avant conversion: {'page': '1', 'page_size': '10'}
DEBUG 2025-07-28 15:21:30,186 camel_case_middleware 16388 25020 Paramètres GET après conversion: {'page': '1', 'page_size': '10'}
DEBUG 2025-07-28 15:21:30,186 camel_case_middleware 16388 35416 Paramètres GET après conversion: {'page': '1', 'page_size': '10'}
DEBUG 2025-07-28 15:21:30,263 middleware_django_tenants 16388 25020 Document - Tenant trouvé: Tenant 8dd6f442-cd07-4993-8930-10abb2b23e7d
DEBUG 2025-07-28 15:21:30,264 middleware_django_tenants 16388 35416 Document - Tenant trouvé: Tenant 8dd6f442-cd07-4993-8930-10abb2b23e7d
DEBUG 2025-07-28 15:21:30,264 middleware_django_tenants 16388 25020 Document - Tenant activé: 8dd6f442-cd07-4993-8930-10abb2b23e7d (schema: tenant_kewa)
DEBUG 2025-07-28 15:21:30,264 middleware_django_tenants 16388 35416 Document - Tenant activé: 8dd6f442-cd07-4993-8930-10abb2b23e7d (schema: tenant_kewa)
DEBUG 2025-07-28 15:25:40,975 camel_case_middleware 16388 10856 Paramètres GET avant conversion: {'page': '1', 'page_size': '10'}
DEBUG 2025-07-28 15:25:40,976 camel_case_middleware 16388 10856 Paramètres GET après conversion: {'page': '1', 'page_size': '10'}
DEBUG 2025-07-28 15:25:40,976 camel_case_middleware 16388 35416 Paramètres GET avant conversion: {'page': '1', 'page_size': '10'}
DEBUG 2025-07-28 15:25:40,977 camel_case_middleware 16388 35416 Paramètres GET après conversion: {'page': '1', 'page_size': '10'}
DEBUG 2025-07-28 15:25:41,022 middleware_django_tenants 16388 35416 Document - Tenant trouvé: Tenant 8dd6f442-cd07-4993-8930-10abb2b23e7d
DEBUG 2025-07-28 15:25:41,022 middleware_django_tenants 16388 10856 Document - Tenant trouvé: Tenant 8dd6f442-cd07-4993-8930-10abb2b23e7d
DEBUG 2025-07-28 15:25:41,022 middleware_django_tenants 16388 35416 Document - Tenant activé: 8dd6f442-cd07-4993-8930-10abb2b23e7d (schema: tenant_kewa)
DEBUG 2025-07-28 15:25:41,022 middleware_django_tenants 16388 10856 Document - Tenant activé: 8dd6f442-cd07-4993-8930-10abb2b23e7d (schema: tenant_kewa)
DEBUG 2025-07-28 15:41:46,547 camel_case_middleware 16388 7600 Paramètres GET avant conversion: {'page': '1', 'page_size': '10'}
DEBUG 2025-07-28 15:41:46,548 camel_case_middleware 16388 7600 Paramètres GET après conversion: {'page': '1', 'page_size': '10'}
DEBUG 2025-07-28 15:41:46,804 camel_case_middleware 16388 38504 Paramètres GET avant conversion: {'page': '1', 'page_size': '10'}
DEBUG 2025-07-28 15:41:46,805 camel_case_middleware 16388 38504 Paramètres GET après conversion: {'page': '1', 'page_size': '10'}
DEBUG 2025-07-28 15:41:48,728 middleware_django_tenants 16388 7600 Document - Tenant trouvé: Tenant 8dd6f442-cd07-4993-8930-10abb2b23e7d
DEBUG 2025-07-28 15:41:48,729 middleware_django_tenants 16388 7600 Document - Tenant activé: 8dd6f442-cd07-4993-8930-10abb2b23e7d (schema: tenant_kewa)
DEBUG 2025-07-28 15:41:48,963 middleware_django_tenants 16388 38504 Document - Tenant trouvé: Tenant 8dd6f442-cd07-4993-8930-10abb2b23e7d
DEBUG 2025-07-28 15:41:48,963 middleware_django_tenants 16388 38504 Document - Tenant activé: 8dd6f442-cd07-4993-8930-10abb2b23e7d (schema: tenant_kewa)
DEBUG 2025-07-28 15:41:57,313 middleware_django_tenants 16388 38580 Document - Tenant trouvé: Tenant 8dd6f442-cd07-4993-8930-10abb2b23e7d
DEBUG 2025-07-28 15:41:57,313 middleware_django_tenants 16388 38580 Document - Tenant activé: 8dd6f442-cd07-4993-8930-10abb2b23e7d (schema: tenant_kewa)
DEBUG 2025-07-28 15:45:24,159 camel_case_middleware 16388 31688 Paramètres GET avant conversion: {'page': '1', 'page_size': '10'}
DEBUG 2025-07-28 15:45:24,160 camel_case_middleware 16388 10028 Paramètres GET avant conversion: {'page': '1', 'page_size': '10'}
DEBUG 2025-07-28 15:45:24,160 camel_case_middleware 16388 31688 Paramètres GET après conversion: {'page': '1', 'page_size': '10'}
DEBUG 2025-07-28 15:45:24,160 camel_case_middleware 16388 10028 Paramètres GET après conversion: {'page': '1', 'page_size': '10'}
DEBUG 2025-07-28 15:45:24,214 middleware_django_tenants 16388 10028 Document - Tenant trouvé: Tenant 8dd6f442-cd07-4993-8930-10abb2b23e7d
DEBUG 2025-07-28 15:45:24,214 middleware_django_tenants 16388 10028 Document - Tenant activé: 8dd6f442-cd07-4993-8930-10abb2b23e7d (schema: tenant_kewa)
DEBUG 2025-07-28 15:45:24,307 middleware_django_tenants 16388 31688 Document - Tenant trouvé: Tenant 8dd6f442-cd07-4993-8930-10abb2b23e7d
DEBUG 2025-07-28 15:45:24,307 middleware_django_tenants 16388 31688 Document - Tenant activé: 8dd6f442-cd07-4993-8930-10abb2b23e7d (schema: tenant_kewa)
DEBUG 2025-07-28 15:45:34,119 middleware_django_tenants 16388 17196 Document - Tenant trouvé: Tenant 8dd6f442-cd07-4993-8930-10abb2b23e7d
DEBUG 2025-07-28 15:45:34,119 middleware_django_tenants 16388 17196 Document - Tenant activé: 8dd6f442-cd07-4993-8930-10abb2b23e7d (schema: tenant_kewa)
DEBUG 2025-07-28 15:48:28,192 middleware_django_tenants 16388 39176 Document - Tenant trouvé: Tenant 8dd6f442-cd07-4993-8930-10abb2b23e7d
DEBUG 2025-07-28 15:48:28,192 middleware_django_tenants 16388 39176 Document - Tenant activé: 8dd6f442-cd07-4993-8930-10abb2b23e7d (schema: tenant_kewa)
DEBUG 2025-07-28 15:49:08,302 camel_case_middleware 16388 39212 Paramètres GET avant conversion: {'page': '1', 'page_size': '10'}
DEBUG 2025-07-28 15:49:08,303 camel_case_middleware 16388 39212 Paramètres GET après conversion: {'page': '1', 'page_size': '10'}
DEBUG 2025-07-28 15:49:08,455 middleware_django_tenants 16388 39212 Document - Tenant trouvé: Tenant 8dd6f442-cd07-4993-8930-10abb2b23e7d
DEBUG 2025-07-28 15:49:08,455 middleware_django_tenants 16388 39212 Document - Tenant activé: 8dd6f442-cd07-4993-8930-10abb2b23e7d (schema: tenant_kewa)
DEBUG 2025-07-28 15:49:08,567 camel_case_middleware 16388 35444 Paramètres GET avant conversion: {'page': '1', 'page_size': '10'}
DEBUG 2025-07-28 15:49:08,567 camel_case_middleware 16388 35444 Paramètres GET après conversion: {'page': '1', 'page_size': '10'}
DEBUG 2025-07-28 15:49:08,716 middleware_django_tenants 16388 35444 Document - Tenant trouvé: Tenant 8dd6f442-cd07-4993-8930-10abb2b23e7d
DEBUG 2025-07-28 15:49:08,717 middleware_django_tenants 16388 35444 Document - Tenant activé: 8dd6f442-cd07-4993-8930-10abb2b23e7d (schema: tenant_kewa)
DEBUG 2025-07-28 15:49:21,192 camel_case_middleware 16388 28664 Paramètres GET avant conversion: {'page': '1', 'page_size': '10', 'status': 'pending_validation'}
DEBUG 2025-07-28 15:49:21,193 camel_case_middleware 16388 28664 Paramètres GET après conversion: {'page': '1', 'page_size': '10', 'status': 'pending_validation'}
DEBUG 2025-07-28 15:49:21,237 middleware_django_tenants 16388 28664 Document - Tenant trouvé: Tenant 8dd6f442-cd07-4993-8930-10abb2b23e7d
DEBUG 2025-07-28 15:49:21,238 middleware_django_tenants 16388 28664 Document - Tenant activé: 8dd6f442-cd07-4993-8930-10abb2b23e7d (schema: tenant_kewa)
DEBUG 2025-07-28 15:49:27,517 camel_case_middleware 16388 26384 Paramètres GET avant conversion: {'page': '1', 'page_size': '10'}
DEBUG 2025-07-28 15:49:27,517 camel_case_middleware 16388 26384 Paramètres GET après conversion: {'page': '1', 'page_size': '10'}
DEBUG 2025-07-28 15:49:27,564 middleware_django_tenants 16388 26384 Document - Tenant trouvé: Tenant 8dd6f442-cd07-4993-8930-10abb2b23e7d
DEBUG 2025-07-28 15:49:27,565 middleware_django_tenants 16388 26384 Document - Tenant activé: 8dd6f442-cd07-4993-8930-10abb2b23e7d (schema: tenant_kewa)
DEBUG 2025-07-28 15:49:35,305 camel_case_middleware 16388 5600 Paramètres GET avant conversion: {'page': '1', 'page_size': '10'}
DEBUG 2025-07-28 15:49:35,305 camel_case_middleware 16388 33344 Paramètres GET avant conversion: {'page': '1', 'page_size': '10'}
DEBUG 2025-07-28 15:49:35,306 camel_case_middleware 16388 5600 Paramètres GET après conversion: {'page': '1', 'page_size': '10'}
DEBUG 2025-07-28 15:49:35,306 camel_case_middleware 16388 33344 Paramètres GET après conversion: {'page': '1', 'page_size': '10'}
DEBUG 2025-07-28 15:49:35,355 middleware_django_tenants 16388 33344 Document - Tenant trouvé: Tenant 8dd6f442-cd07-4993-8930-10abb2b23e7d
DEBUG 2025-07-28 15:49:35,356 middleware_django_tenants 16388 33344 Document - Tenant activé: 8dd6f442-cd07-4993-8930-10abb2b23e7d (schema: tenant_kewa)
DEBUG 2025-07-28 15:49:35,460 middleware_django_tenants 16388 5600 Document - Tenant trouvé: Tenant 8dd6f442-cd07-4993-8930-10abb2b23e7d
DEBUG 2025-07-28 15:49:35,461 middleware_django_tenants 16388 5600 Document - Tenant activé: 8dd6f442-cd07-4993-8930-10abb2b23e7d (schema: tenant_kewa)
DEBUG 2025-07-28 15:50:29,030 middleware_django_tenants 16388 34772 Document - Tenant trouvé: Tenant 8dd6f442-cd07-4993-8930-10abb2b23e7d
DEBUG 2025-07-28 15:50:29,031 middleware_django_tenants 16388 34772 Document - Tenant activé: 8dd6f442-cd07-4993-8930-10abb2b23e7d (schema: tenant_kewa)
DEBUG 2025-07-28 15:50:54,370 middleware_django_tenants 16388 31060 Document - Tenant trouvé: Tenant 8dd6f442-cd07-4993-8930-10abb2b23e7d
DEBUG 2025-07-28 15:50:54,370 middleware_django_tenants 16388 31060 Document - Tenant activé: 8dd6f442-cd07-4993-8930-10abb2b23e7d (schema: tenant_kewa)
DEBUG 2025-07-28 15:51:05,407 camel_case_middleware 16388 29712 Paramètres GET avant conversion: {'page': '1', 'page_size': '10'}
DEBUG 2025-07-28 15:51:05,407 camel_case_middleware 16388 27180 Paramètres GET avant conversion: {'page': '1', 'page_size': '10'}
DEBUG 2025-07-28 15:51:05,407 camel_case_middleware 16388 29712 Paramètres GET après conversion: {'page': '1', 'page_size': '10'}
DEBUG 2025-07-28 15:51:05,407 camel_case_middleware 16388 27180 Paramètres GET après conversion: {'page': '1', 'page_size': '10'}
DEBUG 2025-07-28 15:51:05,456 middleware_django_tenants 16388 29712 Document - Tenant trouvé: Tenant 8dd6f442-cd07-4993-8930-10abb2b23e7d
DEBUG 2025-07-28 15:51:05,456 middleware_django_tenants 16388 27180 Document - Tenant trouvé: Tenant 8dd6f442-cd07-4993-8930-10abb2b23e7d
DEBUG 2025-07-28 15:51:05,456 middleware_django_tenants 16388 29712 Document - Tenant activé: 8dd6f442-cd07-4993-8930-10abb2b23e7d (schema: tenant_kewa)
DEBUG 2025-07-28 15:51:05,457 middleware_django_tenants 16388 27180 Document - Tenant activé: 8dd6f442-cd07-4993-8930-10abb2b23e7d (schema: tenant_kewa)
DEBUG 2025-07-28 15:51:14,842 camel_case_middleware 16388 36792 Paramètres GET avant conversion: {'page': '1', 'page_size': '10'}
DEBUG 2025-07-28 15:51:14,843 camel_case_middleware 16388 23096 Paramètres GET avant conversion: {'page': '1', 'page_size': '10'}
DEBUG 2025-07-28 15:51:14,843 camel_case_middleware 16388 36792 Paramètres GET après conversion: {'page': '1', 'page_size': '10'}
DEBUG 2025-07-28 15:51:14,843 camel_case_middleware 16388 23096 Paramètres GET après conversion: {'page': '1', 'page_size': '10'}
DEBUG 2025-07-28 15:51:14,892 middleware_django_tenants 16388 23096 Document - Tenant trouvé: Tenant 8dd6f442-cd07-4993-8930-10abb2b23e7d
DEBUG 2025-07-28 15:51:14,893 middleware_django_tenants 16388 23096 Document - Tenant activé: 8dd6f442-cd07-4993-8930-10abb2b23e7d (schema: tenant_kewa)
DEBUG 2025-07-28 15:51:14,893 middleware_django_tenants 16388 36792 Document - Tenant trouvé: Tenant 8dd6f442-cd07-4993-8930-10abb2b23e7d
DEBUG 2025-07-28 15:51:14,897 middleware_django_tenants 16388 36792 Document - Tenant activé: 8dd6f442-cd07-4993-8930-10abb2b23e7d (schema: tenant_kewa)
DEBUG 2025-07-28 15:55:17,353 middleware_django_tenants 16388 38880 Document - Tenant trouvé: Tenant 8dd6f442-cd07-4993-8930-10abb2b23e7d
DEBUG 2025-07-28 15:55:17,354 middleware_django_tenants 16388 38880 Document - Tenant activé: 8dd6f442-cd07-4993-8930-10abb2b23e7d (schema: tenant_kewa)
DEBUG 2025-07-28 15:56:38,534 middleware_django_tenants 16388 21752 Document - Tenant trouvé: Tenant 8dd6f442-cd07-4993-8930-10abb2b23e7d
DEBUG 2025-07-28 15:56:38,534 middleware_django_tenants 16388 21752 Document - Tenant activé: 8dd6f442-cd07-4993-8930-10abb2b23e7d (schema: tenant_kewa)
DEBUG 2025-07-28 16:12:19,759 middleware_django_tenants 16388 36756 Document - Tenant trouvé: Tenant 8dd6f442-cd07-4993-8930-10abb2b23e7d
DEBUG 2025-07-28 16:12:19,759 middleware_django_tenants 16388 36756 Document - Tenant activé: 8dd6f442-cd07-4993-8930-10abb2b23e7d (schema: tenant_kewa)
DEBUG 2025-07-28 16:12:28,389 camel_case_middleware 16388 39764 Paramètres GET avant conversion: {'page[page]': '1', 'page[page_size]': '20', 'page_size': '10'}
DEBUG 2025-07-28 16:12:28,389 camel_case_middleware 16388 39764 Paramètres GET après conversion: {'page[page]': '1', 'page[page_size]': '20', 'page_size': '10'}
DEBUG 2025-07-28 16:12:28,543 middleware_django_tenants 16388 39764 Document - Tenant trouvé: Tenant 8dd6f442-cd07-4993-8930-10abb2b23e7d
DEBUG 2025-07-28 16:12:28,544 middleware_django_tenants 16388 39764 Document - Tenant activé: 8dd6f442-cd07-4993-8930-10abb2b23e7d (schema: tenant_kewa)
DEBUG 2025-07-28 16:12:28,608 camel_case_middleware 16388 36532 Paramètres GET avant conversion: {'page[page]': '1', 'page[page_size]': '20', 'page_size': '10'}
DEBUG 2025-07-28 16:12:28,609 camel_case_middleware 16388 36532 Paramètres GET après conversion: {'page[page]': '1', 'page[page_size]': '20', 'page_size': '10'}
DEBUG 2025-07-28 16:12:28,650 middleware_django_tenants 16388 35240 Document - Tenant trouvé: Tenant 8dd6f442-cd07-4993-8930-10abb2b23e7d
DEBUG 2025-07-28 16:12:28,650 middleware_django_tenants 16388 35240 Document - Tenant activé: 8dd6f442-cd07-4993-8930-10abb2b23e7d (schema: tenant_kewa)
DEBUG 2025-07-28 16:12:28,654 middleware_django_tenants 16388 36532 Document - Tenant trouvé: Tenant 8dd6f442-cd07-4993-8930-10abb2b23e7d
DEBUG 2025-07-28 16:12:28,655 middleware_django_tenants 16388 36532 Document - Tenant activé: 8dd6f442-cd07-4993-8930-10abb2b23e7d (schema: tenant_kewa)
DEBUG 2025-07-28 16:12:28,761 middleware_django_tenants 16388 16332 Document - Tenant trouvé: Tenant 8dd6f442-cd07-4993-8930-10abb2b23e7d
DEBUG 2025-07-28 16:12:28,762 middleware_django_tenants 16388 16332 Document - Tenant activé: 8dd6f442-cd07-4993-8930-10abb2b23e7d (schema: tenant_kewa)
DEBUG 2025-07-28 16:12:31,663 camel_case_middleware 16388 34580 Paramètres GET avant conversion: {'page': '1', 'page_size': '10'}
DEBUG 2025-07-28 16:12:31,664 camel_case_middleware 16388 39768 Paramètres GET avant conversion: {'page': '1', 'page_size': '10'}
DEBUG 2025-07-28 16:12:31,664 camel_case_middleware 16388 34580 Paramètres GET après conversion: {'page': '1', 'page_size': '10'}
DEBUG 2025-07-28 16:12:31,664 camel_case_middleware 16388 39768 Paramètres GET après conversion: {'page': '1', 'page_size': '10'}
DEBUG 2025-07-28 16:12:31,714 middleware_django_tenants 16388 39768 Document - Tenant trouvé: Tenant 8dd6f442-cd07-4993-8930-10abb2b23e7d
DEBUG 2025-07-28 16:12:31,714 middleware_django_tenants 16388 39768 Document - Tenant activé: 8dd6f442-cd07-4993-8930-10abb2b23e7d (schema: tenant_kewa)
DEBUG 2025-07-28 16:12:31,821 middleware_django_tenants 16388 34580 Document - Tenant trouvé: Tenant 8dd6f442-cd07-4993-8930-10abb2b23e7d
DEBUG 2025-07-28 16:12:31,822 middleware_django_tenants 16388 34580 Document - Tenant activé: 8dd6f442-cd07-4993-8930-10abb2b23e7d (schema: tenant_kewa)
DEBUG 2025-07-28 16:12:38,423 camel_case_middleware 16388 34520 Paramètres GET avant conversion: {'page': '1', 'page_size': '10'}
DEBUG 2025-07-28 16:12:38,424 camel_case_middleware 16388 36960 Paramètres GET avant conversion: {'page': '1', 'page_size': '10'}
DEBUG 2025-07-28 16:12:38,424 camel_case_middleware 16388 34520 Paramètres GET après conversion: {'page': '1', 'page_size': '10'}
DEBUG 2025-07-28 16:12:38,424 camel_case_middleware 16388 36960 Paramètres GET après conversion: {'page': '1', 'page_size': '10'}
DEBUG 2025-07-28 16:12:38,473 middleware_django_tenants 16388 34520 Document - Tenant trouvé: Tenant 8dd6f442-cd07-4993-8930-10abb2b23e7d
DEBUG 2025-07-28 16:12:38,473 middleware_django_tenants 16388 34520 Document - Tenant activé: 8dd6f442-cd07-4993-8930-10abb2b23e7d (schema: tenant_kewa)
DEBUG 2025-07-28 16:12:38,477 middleware_django_tenants 16388 36960 Document - Tenant trouvé: Tenant 8dd6f442-cd07-4993-8930-10abb2b23e7d
DEBUG 2025-07-28 16:12:38,478 middleware_django_tenants 16388 36960 Document - Tenant activé: 8dd6f442-cd07-4993-8930-10abb2b23e7d (schema: tenant_kewa)
DEBUG 2025-07-28 16:13:51,359 middleware_django_tenants 16388 24728 Document - Tenant trouvé: Tenant 8dd6f442-cd07-4993-8930-10abb2b23e7d
DEBUG 2025-07-28 16:13:51,359 middleware_django_tenants 16388 24728 Document - Tenant activé: 8dd6f442-cd07-4993-8930-10abb2b23e7d (schema: tenant_kewa)
DEBUG 2025-07-28 16:22:31,592 middleware_django_tenants 16388 19988 Document - Tenant trouvé: Tenant 8dd6f442-cd07-4993-8930-10abb2b23e7d
DEBUG 2025-07-28 16:22:31,593 middleware_django_tenants 16388 19988 Document - Tenant activé: 8dd6f442-cd07-4993-8930-10abb2b23e7d (schema: tenant_kewa)
DEBUG 2025-07-28 16:41:41,424 middleware_django_tenants 16388 39568 Document - Tenant trouvé: Tenant 8dd6f442-cd07-4993-8930-10abb2b23e7d
DEBUG 2025-07-28 16:41:41,424 middleware_django_tenants 16388 39568 Document - Tenant activé: 8dd6f442-cd07-4993-8930-10abb2b23e7d (schema: tenant_kewa)
DEBUG 2025-07-29 09:31:51,626 middleware_django_tenants 16388 40852 Document - Tenant trouvé: Tenant 8dd6f442-cd07-4993-8930-10abb2b23e7d
DEBUG 2025-07-29 09:31:51,627 middleware_django_tenants 16388 40852 Document - Tenant activé: 8dd6f442-cd07-4993-8930-10abb2b23e7d (schema: tenant_kewa)
DEBUG 2025-07-29 09:32:05,886 middleware_django_tenants 16388 33796 Document - Tenant trouvé: Tenant 8dd6f442-cd07-4993-8930-10abb2b23e7d
DEBUG 2025-07-29 09:32:05,887 middleware_django_tenants 16388 33796 Document - Tenant activé: 8dd6f442-cd07-4993-8930-10abb2b23e7d (schema: tenant_kewa)
DEBUG 2025-07-29 09:36:01,310 middleware_django_tenants 16388 34076 Document - Tenant trouvé: Tenant 8dd6f442-cd07-4993-8930-10abb2b23e7d
DEBUG 2025-07-29 09:36:01,311 middleware_django_tenants 16388 34076 Document - Tenant activé: 8dd6f442-cd07-4993-8930-10abb2b23e7d (schema: tenant_kewa)
DEBUG 2025-07-29 09:36:28,605 camel_case_middleware 16388 40648 Paramètres GET avant conversion: {'page': '1', 'page_size': '10'}
DEBUG 2025-07-29 09:36:28,606 camel_case_middleware 16388 38504 Paramètres GET avant conversion: {'page': '1', 'page_size': '10'}
DEBUG 2025-07-29 09:36:28,607 camel_case_middleware 16388 40648 Paramètres GET après conversion: {'page': '1', 'page_size': '10'}
DEBUG 2025-07-29 09:36:28,608 camel_case_middleware 16388 38504 Paramètres GET après conversion: {'page': '1', 'page_size': '10'}
DEBUG 2025-07-29 09:36:28,757 middleware_django_tenants 16388 40648 Document - Tenant trouvé: Tenant 8dd6f442-cd07-4993-8930-10abb2b23e7d
DEBUG 2025-07-29 09:36:28,757 middleware_django_tenants 16388 40648 Document - Tenant activé: 8dd6f442-cd07-4993-8930-10abb2b23e7d (schema: tenant_kewa)
DEBUG 2025-07-29 09:36:28,776 middleware_django_tenants 16388 38504 Document - Tenant trouvé: Tenant 8dd6f442-cd07-4993-8930-10abb2b23e7d
DEBUG 2025-07-29 09:36:28,777 middleware_django_tenants 16388 38504 Document - Tenant activé: 8dd6f442-cd07-4993-8930-10abb2b23e7d (schema: tenant_kewa)
DEBUG 2025-07-29 09:41:30,480 middleware_django_tenants 16388 36932 Document - Tenant trouvé: Tenant 8dd6f442-cd07-4993-8930-10abb2b23e7d
DEBUG 2025-07-29 09:41:30,480 middleware_django_tenants 16388 36932 Document - Tenant activé: 8dd6f442-cd07-4993-8930-10abb2b23e7d (schema: tenant_kewa)
INFO 2025-07-29 09:41:30,494 serializers 16388 36932 QuoteCreateSerializer - Données brutes reçues: {'opportunity_id': '55b6d0ee-6466-4fbc-90bb-5e7a3020a8af', 'client_name': 'eeeeeee', 'client_address': '', 'project_name': 'Projet test', 'project_address': '', 'project_reference': '', 'issue_date': '2025-07-29', 'validity_period': 30, 'notes': '', 'terms_and_conditions': 'Conditions générales de vente applicables.', 'items': [{'type': 'work', 'position': 0, 'designation': 'Installation électrique', 'description': '', 'unit': 'u', 'quantity': 1, 'unitPrice': 100, 'discount': 0, 'vatRate': 20}]}
INFO 2025-07-29 09:41:30,506 serializers 16388 36932 QuoteCreateSerializer - Données validées: {'client_name': 'eeeeeee', 'client_address': '', 'project_name': 'Projet test', 'project_address': '', 'project_reference': '', 'issue_date': datetime.date(2025, 7, 29), 'notes': '', 'terms_and_conditions': 'Conditions générales de vente applicables.', 'opportunity_id': UUID('55b6d0ee-6466-4fbc-90bb-5e7a3020a8af'), 'validity_period': 30, 'margin': 0, 'items': [{'type': 'work', 'position': 0, 'designation': 'Installation électrique', 'description': '', 'unit': 'u', 'quantity': Decimal('1.00'), 'unit_price': Decimal('100.00'), 'discount': Decimal('0.00'), 'vat_rate': '20'}]}
INFO 2025-07-29 09:41:30,508 serializers 16388 36932 QuoteCreateSerializer.create - Données reçues: {'client_name': 'eeeeeee', 'client_address': '', 'project_name': 'Projet test', 'project_address': '', 'project_reference': '', 'issue_date': datetime.date(2025, 7, 29), 'notes': '', 'terms_and_conditions': 'Conditions générales de vente applicables.', 'opportunity_id': UUID('55b6d0ee-6466-4fbc-90bb-5e7a3020a8af'), 'validity_period': 30, 'margin': 0, 'items': [{'type': 'work', 'position': 0, 'designation': 'Installation électrique', 'description': '', 'unit': 'u', 'quantity': Decimal('1.00'), 'unit_price': Decimal('100.00'), 'discount': Decimal('0.00'), 'vat_rate': '20'}]}
INFO 2025-07-29 09:41:30,509 serializers 16388 36932 QuoteCreateSerializer.create - Items extraits: [{'type': 'work', 'position': 0, 'designation': 'Installation électrique', 'description': '', 'unit': 'u', 'quantity': Decimal('1.00'), 'unit_price': Decimal('100.00'), 'discount': Decimal('0.00'), 'vat_rate': '20'}]
INFO 2025-07-29 09:41:30,509 serializers 16388 36932 QuoteCreateSerializer.create - Tenant ID: 8dd6f442-cd07-4993-8930-10abb2b23e7d
DEBUG 2025-07-29 09:41:30,513 cache_service 16388 36932 Cache miss pour config tenant 8dd6f442-cd07-4993-8930-10abb2b23e7d
INFO 2025-07-29 09:41:30,514 tenant_client 16388 36932 Cache miss pour tenant 8dd6f442-cd07-4993-8930-10abb2b23e7d, récupération depuis l'API
INFO 2025-07-29 09:41:32,690 tenant_client 16388 36932 Configuration tenant 8dd6f442-cd07-4993-8930-10abb2b23e7d récupérée avec succès
ERROR 2025-07-29 09:41:32,691 cache_service 16388 36932 Échec mise en cache config tenant 8dd6f442-cd07-4993-8930-10abb2b23e7d
INFO 2025-07-29 09:41:32,691 tenant_client 16388 36932 Configuration tenant 8dd6f442-cd07-4993-8930-10abb2b23e7d mise en cache
INFO 2025-07-29 09:41:32,691 serializers 16388 36932 Configuration tenant récupérée pour 8dd6f442-cd07-4993-8930-10abb2b23e7d
INFO 2025-07-29 09:41:32,710 serializers 16388 36932 QuoteCreateSerializer.create - Devis créé: 78e47e15-d37e-4165-83e3-d065d900e49d
INFO 2025-07-29 09:41:32,710 serializers 16388 36932 QuoteCreateSerializer.create - Préparation item: {'type': 'work', 'position': 0, 'designation': 'Installation électrique', 'description': '', 'unit': 'u', 'quantity': Decimal('1.00'), 'unit_price': Decimal('100.00'), 'discount': Decimal('0.00'), 'vat_rate': '20'}
INFO 2025-07-29 09:41:32,719 serializers 16388 36932 Items créés en lot: 1
INFO 2025-07-29 09:41:32,725 vat_rate_service 16388 36932 Récupération des taux de TVA depuis tenant-service pour tenant 8dd6f442-cd07-4993-8930-10abb2b23e7d
INFO 2025-07-29 09:41:34,828 tenant_client 16388 36932 Configuration tenant 8dd6f442-cd07-4993-8930-10abb2b23e7d récupérée avec succès
DEBUG 2025-07-29 09:41:34,835 vat_rate_service 16388 36932 Taux de TVA mis en cache pour tenant 8dd6f442-cd07-4993-8930-10abb2b23e7d
INFO 2025-07-29 09:41:34,835 vat_rate_service 16388 36932 Taux de TVA récupérés et mis en cache pour tenant 8dd6f442-cd07-4993-8930-10abb2b23e7d
DEBUG 2025-07-29 09:41:34,839 cache_service 16388 36932 Cache hit pour config tenant 8dd6f442-cd07-4993-8930-10abb2b23e7d
DEBUG 2025-07-29 09:41:34,839 tenant_client 16388 36932 Cache hit pour tenant 8dd6f442-cd07-4993-8930-10abb2b23e7d
INFO 2025-07-29 09:41:34,839 serializers 16388 36932 QuoteCreateSerializer.create - Devis finalisé: DEV-2025-778492 - eeeeeee - 120.00 EUR
DEBUG 2025-07-29 09:41:35,444 middleware_django_tenants 16388 40276 Document - Tenant trouvé: Tenant 8dd6f442-cd07-4993-8930-10abb2b23e7d
DEBUG 2025-07-29 09:41:35,444 middleware_django_tenants 16388 40276 Document - Tenant activé: 8dd6f442-cd07-4993-8930-10abb2b23e7d (schema: tenant_kewa)
DEBUG 2025-07-29 09:44:35,045 middleware_django_tenants 16388 3004 Document - Tenant trouvé: Tenant 8dd6f442-cd07-4993-8930-10abb2b23e7d
DEBUG 2025-07-29 09:44:35,045 middleware_django_tenants 16388 3004 Document - Tenant activé: 8dd6f442-cd07-4993-8930-10abb2b23e7d (schema: tenant_kewa)
DEBUG 2025-07-29 09:46:04,197 camel_case_middleware 16388 27068 Paramètres GET avant conversion: {'page': '1', 'page_size': '10'}
DEBUG 2025-07-29 09:46:04,198 camel_case_middleware 16388 11984 Paramètres GET avant conversion: {'page': '1', 'page_size': '10'}
DEBUG 2025-07-29 09:46:04,198 camel_case_middleware 16388 27068 Paramètres GET après conversion: {'page': '1', 'page_size': '10'}
DEBUG 2025-07-29 09:46:04,199 camel_case_middleware 16388 11984 Paramètres GET après conversion: {'page': '1', 'page_size': '10'}
DEBUG 2025-07-29 09:46:04,253 middleware_django_tenants 16388 11984 Document - Tenant trouvé: Tenant 8dd6f442-cd07-4993-8930-10abb2b23e7d
DEBUG 2025-07-29 09:46:04,253 middleware_django_tenants 16388 27068 Document - Tenant trouvé: Tenant 8dd6f442-cd07-4993-8930-10abb2b23e7d
DEBUG 2025-07-29 09:46:04,254 middleware_django_tenants 16388 11984 Document - Tenant activé: 8dd6f442-cd07-4993-8930-10abb2b23e7d (schema: tenant_kewa)
DEBUG 2025-07-29 09:46:04,254 middleware_django_tenants 16388 27068 Document - Tenant activé: 8dd6f442-cd07-4993-8930-10abb2b23e7d (schema: tenant_kewa)
DEBUG 2025-07-29 09:47:10,021 camel_case_middleware 16388 40992 Paramètres GET avant conversion: {'page': '1', 'page_size': '10', 'status': 'draft'}
DEBUG 2025-07-29 09:47:10,022 camel_case_middleware 16388 40992 Paramètres GET après conversion: {'page': '1', 'page_size': '10', 'status': 'draft'}
DEBUG 2025-07-29 09:47:10,067 middleware_django_tenants 16388 40992 Document - Tenant trouvé: Tenant 8dd6f442-cd07-4993-8930-10abb2b23e7d
DEBUG 2025-07-29 09:47:10,067 middleware_django_tenants 16388 40992 Document - Tenant activé: 8dd6f442-cd07-4993-8930-10abb2b23e7d (schema: tenant_kewa)
DEBUG 2025-07-29 09:47:19,058 camel_case_middleware 16388 5040 Paramètres GET avant conversion: {'page': '1', 'page_size': '10'}
DEBUG 2025-07-29 09:47:19,059 camel_case_middleware 16388 5040 Paramètres GET après conversion: {'page': '1', 'page_size': '10'}
DEBUG 2025-07-29 09:47:19,109 middleware_django_tenants 16388 5040 Document - Tenant trouvé: Tenant 8dd6f442-cd07-4993-8930-10abb2b23e7d
DEBUG 2025-07-29 09:47:19,110 middleware_django_tenants 16388 5040 Document - Tenant activé: 8dd6f442-cd07-4993-8930-10abb2b23e7d (schema: tenant_kewa)
DEBUG 2025-07-29 09:47:19,323 camel_case_middleware 16388 6344 Paramètres GET avant conversion: {'page': '1', 'page_size': '10'}
DEBUG 2025-07-29 09:47:19,324 camel_case_middleware 16388 6344 Paramètres GET après conversion: {'page': '1', 'page_size': '10'}
DEBUG 2025-07-29 09:47:19,472 middleware_django_tenants 16388 6344 Document - Tenant trouvé: Tenant 8dd6f442-cd07-4993-8930-10abb2b23e7d
DEBUG 2025-07-29 09:47:19,473 middleware_django_tenants 16388 6344 Document - Tenant activé: 8dd6f442-cd07-4993-8930-10abb2b23e7d (schema: tenant_kewa)
DEBUG 2025-07-29 10:53:55,445 camel_case_middleware 16388 30188 Paramètres GET avant conversion: {'tier_id': 'd059b9c3-5ddf-4b81-9c88-fdf9f1a97e21'}
DEBUG 2025-07-29 10:53:55,446 camel_case_middleware 16388 30188 Paramètres GET après conversion: {'tier_id': 'd059b9c3-5ddf-4b81-9c88-fdf9f1a97e21'}
DEBUG 2025-07-29 10:53:57,607 middleware_django_tenants 16388 30188 Document - Tenant trouvé: Tenant 8dd6f442-cd07-4993-8930-10abb2b23e7d
DEBUG 2025-07-29 10:53:57,608 middleware_django_tenants 16388 30188 Document - Tenant activé: 8dd6f442-cd07-4993-8930-10abb2b23e7d (schema: tenant_kewa)
DEBUG 2025-07-29 10:53:58,146 camel_case_middleware 16388 6548 Paramètres GET avant conversion: {'tier_id': 'd059b9c3-5ddf-4b81-9c88-fdf9f1a97e21'}
DEBUG 2025-07-29 10:53:58,146 camel_case_middleware 16388 6548 Paramètres GET après conversion: {'tier_id': 'd059b9c3-5ddf-4b81-9c88-fdf9f1a97e21'}
DEBUG 2025-07-29 10:53:58,187 middleware_django_tenants 16388 6548 Document - Tenant trouvé: Tenant 8dd6f442-cd07-4993-8930-10abb2b23e7d
DEBUG 2025-07-29 10:53:58,187 middleware_django_tenants 16388 6548 Document - Tenant activé: 8dd6f442-cd07-4993-8930-10abb2b23e7d (schema: tenant_kewa)
DEBUG 2025-07-29 11:03:53,693 camel_case_middleware 11172 30996 Paramètres GET avant conversion: {'page': '1', 'page_size': '20'}
DEBUG 2025-07-29 11:03:53,693 camel_case_middleware 11172 25196 Paramètres GET avant conversion: {'page': '1', 'page_size': '20'}
DEBUG 2025-07-29 11:03:53,694 camel_case_middleware 11172 30996 Paramètres GET après conversion: {'page': '1', 'page_size': '20'}
DEBUG 2025-07-29 11:03:53,694 camel_case_middleware 11172 25196 Paramètres GET après conversion: {'page': '1', 'page_size': '20'}
DEBUG 2025-07-29 11:03:55,877 middleware_django_tenants 11172 30996 Document - Tenant trouvé: Tenant 8dd6f442-cd07-4993-8930-10abb2b23e7d
DEBUG 2025-07-29 11:03:55,877 middleware_django_tenants 11172 30996 Document - Tenant activé: 8dd6f442-cd07-4993-8930-10abb2b23e7d (schema: tenant_kewa)
DEBUG 2025-07-29 11:03:55,879 middleware_django_tenants 11172 25196 Document - Tenant trouvé: Tenant 8dd6f442-cd07-4993-8930-10abb2b23e7d
DEBUG 2025-07-29 11:03:55,879 middleware_django_tenants 11172 20752 Document - Tenant trouvé: Tenant 8dd6f442-cd07-4993-8930-10abb2b23e7d
DEBUG 2025-07-29 11:03:55,879 middleware_django_tenants 11172 25196 Document - Tenant activé: 8dd6f442-cd07-4993-8930-10abb2b23e7d (schema: tenant_kewa)
DEBUG 2025-07-29 11:03:55,879 middleware_django_tenants 11172 20752 Document - Tenant activé: 8dd6f442-cd07-4993-8930-10abb2b23e7d (schema: tenant_kewa)
DEBUG 2025-07-29 11:03:56,039 middleware_django_tenants 11172 3196 Document - Tenant trouvé: Tenant 8dd6f442-cd07-4993-8930-10abb2b23e7d
DEBUG 2025-07-29 11:03:56,039 middleware_django_tenants 11172 3196 Document - Tenant activé: 8dd6f442-cd07-4993-8930-10abb2b23e7d (schema: tenant_kewa)
DEBUG 2025-07-29 11:04:01,835 camel_case_middleware 11172 20092 Paramètres GET avant conversion: {'page': '1', 'page_size': '20'}
DEBUG 2025-07-29 11:04:01,836 camel_case_middleware 11172 12648 Paramètres GET avant conversion: {'page': '1', 'page_size': '20'}
DEBUG 2025-07-29 11:04:01,838 camel_case_middleware 11172 20092 Paramètres GET après conversion: {'page': '1', 'page_size': '20'}
DEBUG 2025-07-29 11:04:01,838 camel_case_middleware 11172 12648 Paramètres GET après conversion: {'page': '1', 'page_size': '20'}
DEBUG 2025-07-29 11:04:01,878 middleware_django_tenants 11172 25060 Document - Tenant trouvé: Tenant 8dd6f442-cd07-4993-8930-10abb2b23e7d
DEBUG 2025-07-29 11:04:01,879 middleware_django_tenants 11172 24000 Document - Tenant trouvé: Tenant 8dd6f442-cd07-4993-8930-10abb2b23e7d
DEBUG 2025-07-29 11:04:01,879 middleware_django_tenants 11172 25060 Document - Tenant activé: 8dd6f442-cd07-4993-8930-10abb2b23e7d (schema: tenant_kewa)
DEBUG 2025-07-29 11:04:01,879 middleware_django_tenants 11172 24000 Document - Tenant activé: 8dd6f442-cd07-4993-8930-10abb2b23e7d (schema: tenant_kewa)
DEBUG 2025-07-29 11:04:01,885 middleware_django_tenants 11172 20092 Document - Tenant trouvé: Tenant 8dd6f442-cd07-4993-8930-10abb2b23e7d
DEBUG 2025-07-29 11:04:01,885 middleware_django_tenants 11172 20092 Document - Tenant activé: 8dd6f442-cd07-4993-8930-10abb2b23e7d (schema: tenant_kewa)
DEBUG 2025-07-29 11:04:01,888 middleware_django_tenants 11172 12648 Document - Tenant trouvé: Tenant 8dd6f442-cd07-4993-8930-10abb2b23e7d
DEBUG 2025-07-29 11:04:01,888 middleware_django_tenants 11172 12648 Document - Tenant activé: 8dd6f442-cd07-4993-8930-10abb2b23e7d (schema: tenant_kewa)
DEBUG 2025-07-29 11:04:22,364 camel_case_middleware 11172 41388 Paramètres GET avant conversion: {'page': '1', 'page_size': '20'}
DEBUG 2025-07-29 11:04:22,364 camel_case_middleware 11172 41388 Paramètres GET après conversion: {'page': '1', 'page_size': '20'}
DEBUG 2025-07-29 11:04:22,380 camel_case_middleware 11172 26300 Paramètres GET avant conversion: {'page': '1', 'page_size': '20'}
DEBUG 2025-07-29 11:04:22,382 camel_case_middleware 11172 26300 Paramètres GET après conversion: {'page': '1', 'page_size': '20'}
DEBUG 2025-07-29 11:04:22,412 middleware_django_tenants 11172 41388 Document - Tenant trouvé: Tenant 8dd6f442-cd07-4993-8930-10abb2b23e7d
DEBUG 2025-07-29 11:04:22,412 middleware_django_tenants 11172 41388 Document - Tenant activé: 8dd6f442-cd07-4993-8930-10abb2b23e7d (schema: tenant_kewa)
DEBUG 2025-07-29 11:04:22,435 middleware_django_tenants 11172 26300 Document - Tenant trouvé: Tenant 8dd6f442-cd07-4993-8930-10abb2b23e7d
DEBUG 2025-07-29 11:04:22,436 middleware_django_tenants 11172 26300 Document - Tenant activé: 8dd6f442-cd07-4993-8930-10abb2b23e7d (schema: tenant_kewa)
DEBUG 2025-07-29 11:04:22,533 middleware_django_tenants 11172 30520 Document - Tenant trouvé: Tenant 8dd6f442-cd07-4993-8930-10abb2b23e7d
DEBUG 2025-07-29 11:04:22,533 middleware_django_tenants 11172 30520 Document - Tenant activé: 8dd6f442-cd07-4993-8930-10abb2b23e7d (schema: tenant_kewa)
DEBUG 2025-07-29 11:04:22,633 middleware_django_tenants 11172 39604 Document - Tenant trouvé: Tenant 8dd6f442-cd07-4993-8930-10abb2b23e7d
DEBUG 2025-07-29 11:04:22,633 middleware_django_tenants 11172 39604 Document - Tenant activé: 8dd6f442-cd07-4993-8930-10abb2b23e7d (schema: tenant_kewa)
DEBUG 2025-07-29 11:14:56,912 camel_case_middleware 11172 29120 Paramètres GET avant conversion: {'page': '1', 'page_size': '20'}
DEBUG 2025-07-29 11:14:56,913 camel_case_middleware 11172 29120 Paramètres GET après conversion: {'page': '1', 'page_size': '20'}
DEBUG 2025-07-29 11:14:59,083 middleware_django_tenants 11172 28884 Document - Tenant trouvé: Tenant 8dd6f442-cd07-4993-8930-10abb2b23e7d
DEBUG 2025-07-29 11:14:59,083 middleware_django_tenants 11172 29120 Document - Tenant trouvé: Tenant 8dd6f442-cd07-4993-8930-10abb2b23e7d
DEBUG 2025-07-29 11:14:59,083 middleware_django_tenants 11172 28884 Document - Tenant activé: 8dd6f442-cd07-4993-8930-10abb2b23e7d (schema: tenant_kewa)
DEBUG 2025-07-29 11:14:59,084 middleware_django_tenants 11172 29120 Document - Tenant activé: 8dd6f442-cd07-4993-8930-10abb2b23e7d (schema: tenant_kewa)
DEBUG 2025-07-29 11:14:59,638 camel_case_middleware 11172 38480 Paramètres GET avant conversion: {'page': '1', 'page_size': '20'}
DEBUG 2025-07-29 11:14:59,639 camel_case_middleware 11172 38480 Paramètres GET après conversion: {'page': '1', 'page_size': '20'}
DEBUG 2025-07-29 11:14:59,801 middleware_django_tenants 11172 38480 Document - Tenant trouvé: Tenant 8dd6f442-cd07-4993-8930-10abb2b23e7d
DEBUG 2025-07-29 11:14:59,801 middleware_django_tenants 11172 38480 Document - Tenant activé: 8dd6f442-cd07-4993-8930-10abb2b23e7d (schema: tenant_kewa)
DEBUG 2025-07-29 11:15:00,054 middleware_django_tenants 11172 24888 Document - Tenant trouvé: Tenant 8dd6f442-cd07-4993-8930-10abb2b23e7d
DEBUG 2025-07-29 11:15:00,092 middleware_django_tenants 11172 24888 Document - Tenant activé: 8dd6f442-cd07-4993-8930-10abb2b23e7d (schema: tenant_kewa)
DEBUG 2025-07-29 11:15:22,113 camel_case_middleware 11172 29652 Paramètres GET avant conversion: {'page': '1', 'page_size': '20'}
DEBUG 2025-07-29 11:15:22,114 camel_case_middleware 11172 29652 Paramètres GET après conversion: {'page': '1', 'page_size': '20'}
DEBUG 2025-07-29 11:15:22,149 middleware_django_tenants 11172 29652 Document - Tenant trouvé: Tenant 8dd6f442-cd07-4993-8930-10abb2b23e7d
DEBUG 2025-07-29 11:15:22,150 middleware_django_tenants 11172 29652 Document - Tenant activé: 8dd6f442-cd07-4993-8930-10abb2b23e7d (schema: tenant_kewa)
DEBUG 2025-07-29 11:15:22,266 middleware_django_tenants 11172 18952 Document - Tenant trouvé: Tenant 8dd6f442-cd07-4993-8930-10abb2b23e7d
DEBUG 2025-07-29 11:15:22,266 middleware_django_tenants 11172 18952 Document - Tenant activé: 8dd6f442-cd07-4993-8930-10abb2b23e7d (schema: tenant_kewa)
DEBUG 2025-07-29 11:15:22,652 camel_case_middleware 11172 37260 Paramètres GET avant conversion: {'page': '1', 'page_size': '20'}
DEBUG 2025-07-29 11:15:22,652 camel_case_middleware 11172 37260 Paramètres GET après conversion: {'page': '1', 'page_size': '20'}
DEBUG 2025-07-29 11:15:22,802 middleware_django_tenants 11172 37260 Document - Tenant trouvé: Tenant 8dd6f442-cd07-4993-8930-10abb2b23e7d
DEBUG 2025-07-29 11:15:22,802 middleware_django_tenants 11172 37260 Document - Tenant activé: 8dd6f442-cd07-4993-8930-10abb2b23e7d (schema: tenant_kewa)
DEBUG 2025-07-29 11:15:22,922 middleware_django_tenants 11172 37800 Document - Tenant trouvé: Tenant 8dd6f442-cd07-4993-8930-10abb2b23e7d
DEBUG 2025-07-29 11:15:22,923 middleware_django_tenants 11172 37800 Document - Tenant activé: 8dd6f442-cd07-4993-8930-10abb2b23e7d (schema: tenant_kewa)
DEBUG 2025-07-29 11:17:01,922 camel_case_middleware 11172 35204 Paramètres GET avant conversion: {'page': '1', 'page_size': '20'}
DEBUG 2025-07-29 11:17:01,923 camel_case_middleware 11172 35204 Paramètres GET après conversion: {'page': '1', 'page_size': '20'}
DEBUG 2025-07-29 11:17:01,959 middleware_django_tenants 11172 35204 Document - Tenant trouvé: Tenant 8dd6f442-cd07-4993-8930-10abb2b23e7d
DEBUG 2025-07-29 11:17:01,960 middleware_django_tenants 11172 35204 Document - Tenant activé: 8dd6f442-cd07-4993-8930-10abb2b23e7d (schema: tenant_kewa)
DEBUG 2025-07-29 11:17:02,216 middleware_django_tenants 11172 28300 Document - Tenant trouvé: Tenant 8dd6f442-cd07-4993-8930-10abb2b23e7d
DEBUG 2025-07-29 11:17:02,216 middleware_django_tenants 11172 28300 Document - Tenant activé: 8dd6f442-cd07-4993-8930-10abb2b23e7d (schema: tenant_kewa)
DEBUG 2025-07-29 11:17:02,527 camel_case_middleware 11172 21588 Paramètres GET avant conversion: {'page': '1', 'page_size': '20'}
DEBUG 2025-07-29 11:17:02,527 camel_case_middleware 11172 21588 Paramètres GET après conversion: {'page': '1', 'page_size': '20'}
DEBUG 2025-07-29 11:17:02,572 middleware_django_tenants 11172 21588 Document - Tenant trouvé: Tenant 8dd6f442-cd07-4993-8930-10abb2b23e7d
DEBUG 2025-07-29 11:17:02,573 middleware_django_tenants 11172 21588 Document - Tenant activé: 8dd6f442-cd07-4993-8930-10abb2b23e7d (schema: tenant_kewa)
DEBUG 2025-07-29 11:17:02,826 middleware_django_tenants 11172 28752 Document - Tenant trouvé: Tenant 8dd6f442-cd07-4993-8930-10abb2b23e7d
DEBUG 2025-07-29 11:17:02,826 middleware_django_tenants 11172 28752 Document - Tenant activé: 8dd6f442-cd07-4993-8930-10abb2b23e7d (schema: tenant_kewa)
DEBUG 2025-07-29 12:09:00,649 camel_case_middleware 11172 30684 Paramètres GET avant conversion: {'page': '1', 'page_size': '20'}
DEBUG 2025-07-29 12:09:00,650 camel_case_middleware 11172 30684 Paramètres GET après conversion: {'page': '1', 'page_size': '20'}
DEBUG 2025-07-29 12:09:02,684 middleware_django_tenants 11172 14436 Document - Tenant trouvé: Tenant 8dd6f442-cd07-4993-8930-10abb2b23e7d
DEBUG 2025-07-29 12:09:02,684 middleware_django_tenants 11172 14436 Document - Tenant activé: 8dd6f442-cd07-4993-8930-10abb2b23e7d (schema: tenant_kewa)
DEBUG 2025-07-29 12:09:02,824 middleware_django_tenants 11172 30684 Document - Tenant trouvé: Tenant 8dd6f442-cd07-4993-8930-10abb2b23e7d
DEBUG 2025-07-29 12:09:02,824 middleware_django_tenants 11172 30684 Document - Tenant activé: 8dd6f442-cd07-4993-8930-10abb2b23e7d (schema: tenant_kewa)
DEBUG 2025-07-29 12:09:03,356 middleware_django_tenants 11172 35668 Document - Tenant trouvé: Tenant 8dd6f442-cd07-4993-8930-10abb2b23e7d
DEBUG 2025-07-29 12:09:03,356 middleware_django_tenants 11172 35668 Document - Tenant activé: 8dd6f442-cd07-4993-8930-10abb2b23e7d (schema: tenant_kewa)
DEBUG 2025-07-29 12:09:03,551 camel_case_middleware 11172 15144 Paramètres GET avant conversion: {'page': '1', 'page_size': '20'}
DEBUG 2025-07-29 12:09:03,552 camel_case_middleware 11172 15144 Paramètres GET après conversion: {'page': '1', 'page_size': '20'}
DEBUG 2025-07-29 12:09:03,604 middleware_django_tenants 11172 15144 Document - Tenant trouvé: Tenant 8dd6f442-cd07-4993-8930-10abb2b23e7d
DEBUG 2025-07-29 12:09:03,604 middleware_django_tenants 11172 15144 Document - Tenant activé: 8dd6f442-cd07-4993-8930-10abb2b23e7d (schema: tenant_kewa)
DEBUG 2025-07-30 15:35:24,568 middleware_django_tenants 27544 24544 Document - Tenant trouvé: ETAO
DEBUG 2025-07-30 15:35:24,571 middleware_django_tenants 27544 24544 Document - Tenant activé: cf22f06c-4134-4bf0-9fbd-8a00c04a6c8f (schema: tenant_etao)
DEBUG 2025-07-30 15:35:24,678 middleware_django_tenants 27544 19572 Document - Tenant trouvé: ETAO
DEBUG 2025-07-30 15:35:24,680 middleware_django_tenants 27544 19572 Document - Tenant activé: cf22f06c-4134-4bf0-9fbd-8a00c04a6c8f (schema: tenant_etao)
DEBUG 2025-07-30 15:35:24,860 middleware_django_tenants 27544 20388 Document - Tenant trouvé: ETAO
DEBUG 2025-07-30 15:35:24,860 middleware_django_tenants 27544 20388 Document - Tenant activé: cf22f06c-4134-4bf0-9fbd-8a00c04a6c8f (schema: tenant_etao)
DEBUG 2025-07-30 15:35:24,889 middleware_django_tenants 27544 17940 Document - Tenant trouvé: ETAO
DEBUG 2025-07-30 15:35:24,899 middleware_django_tenants 27544 17940 Document - Tenant activé: cf22f06c-4134-4bf0-9fbd-8a00c04a6c8f (schema: tenant_etao)
INFO 2025-07-30 15:57:31,484 middleware_django_tenants 27544 23076 Document - Création contrôlée du tenant: 717aeaa9-68d9-4f77-9a24-9308d5bd77e9
INFO 2025-07-30 15:57:31,485 middleware_django_tenants 27544 11940 Document - Création contrôlée du tenant: 717aeaa9-68d9-4f77-9a24-9308d5bd77e9
INFO 2025-07-30 15:57:31,561 middleware_django_tenants 27544 14916 Document - Création contrôlée du tenant: 717aeaa9-68d9-4f77-9a24-9308d5bd77e9
INFO 2025-07-30 15:57:31,604 middleware_django_tenants 27544 26252 Document - Création contrôlée du tenant: 717aeaa9-68d9-4f77-9a24-9308d5bd77e9
INFO 2025-07-30 15:57:55,990 middleware_django_tenants 27544 23076 Document - Tenant créé: moolight (schema: tenant_moolight)
WARNING 2025-07-30 15:57:56,083 middleware_django_tenants 27544 11940 Document - Erreur création, récupération: duplicate key value violates unique constraint "tenant_schema_client_schema_name_key"
DETAIL:  Key (schema_name)=(tenant_moolight) already exists.

WARNING 2025-07-30 15:57:56,118 middleware_django_tenants 27544 14916 Document - Erreur création, récupération: duplicate key value violates unique constraint "tenant_schema_client_schema_name_key"
DETAIL:  Key (schema_name)=(tenant_moolight) already exists.

WARNING 2025-07-30 15:57:56,131 middleware_django_tenants 27544 26252 Document - Erreur création, récupération: duplicate key value violates unique constraint "tenant_schema_client_schema_name_key"
DETAIL:  Key (schema_name)=(tenant_moolight) already exists.

DEBUG 2025-07-30 15:57:56,174 middleware_django_tenants 27544 11940 Document - Tenant activé: 717aeaa9-68d9-4f77-9a24-9308d5bd77e9 (schema: tenant_moolight)
DEBUG 2025-07-30 15:57:56,247 middleware_django_tenants 27544 14916 Document - Tenant activé: 717aeaa9-68d9-4f77-9a24-9308d5bd77e9 (schema: tenant_moolight)
DEBUG 2025-07-30 15:57:56,278 middleware_django_tenants 27544 23076 Document - Tenant activé: 717aeaa9-68d9-4f77-9a24-9308d5bd77e9 (schema: tenant_moolight)
DEBUG 2025-07-30 15:57:56,289 middleware_django_tenants 27544 26252 Document - Tenant activé: 717aeaa9-68d9-4f77-9a24-9308d5bd77e9 (schema: tenant_moolight)
DEBUG 2025-07-30 16:06:08,243 middleware_django_tenants 27544 26592 Document - Tenant trouvé: moolight
DEBUG 2025-07-30 16:06:08,254 middleware_django_tenants 27544 26592 Document - Tenant activé: 717aeaa9-68d9-4f77-9a24-9308d5bd77e9 (schema: tenant_moolight)
DEBUG 2025-07-30 16:06:08,360 middleware_django_tenants 27544 12976 Document - Tenant trouvé: moolight
DEBUG 2025-07-30 16:06:08,361 middleware_django_tenants 27544 12976 Document - Tenant activé: 717aeaa9-68d9-4f77-9a24-9308d5bd77e9 (schema: tenant_moolight)
DEBUG 2025-07-30 16:06:08,500 middleware_django_tenants 27544 15720 Document - Tenant trouvé: moolight
DEBUG 2025-07-30 16:06:08,502 middleware_django_tenants 27544 15720 Document - Tenant activé: 717aeaa9-68d9-4f77-9a24-9308d5bd77e9 (schema: tenant_moolight)
DEBUG 2025-07-30 16:06:08,570 middleware_django_tenants 27544 7324 Document - Tenant trouvé: moolight
DEBUG 2025-07-30 16:06:08,586 middleware_django_tenants 27544 7324 Document - Tenant activé: 717aeaa9-68d9-4f77-9a24-9308d5bd77e9 (schema: tenant_moolight)
DEBUG 2025-07-30 16:12:07,097 middleware_django_tenants 27544 27428 Document - Tenant trouvé: moolight
DEBUG 2025-07-30 16:12:07,111 middleware_django_tenants 27544 27428 Document - Tenant activé: 717aeaa9-68d9-4f77-9a24-9308d5bd77e9 (schema: tenant_moolight)
DEBUG 2025-07-30 16:12:07,177 middleware_django_tenants 27544 16104 Document - Tenant trouvé: moolight
DEBUG 2025-07-30 16:12:07,216 middleware_django_tenants 27544 16212 Document - Tenant trouvé: moolight
DEBUG 2025-07-30 16:12:07,243 middleware_django_tenants 27544 16104 Document - Tenant activé: 717aeaa9-68d9-4f77-9a24-9308d5bd77e9 (schema: tenant_moolight)
DEBUG 2025-07-30 16:12:07,391 middleware_django_tenants 27544 16212 Document - Tenant activé: 717aeaa9-68d9-4f77-9a24-9308d5bd77e9 (schema: tenant_moolight)
DEBUG 2025-07-30 16:12:07,866 middleware_django_tenants 27544 26328 Document - Tenant trouvé: moolight
DEBUG 2025-07-30 16:12:08,082 middleware_django_tenants 27544 26328 Document - Tenant activé: 717aeaa9-68d9-4f77-9a24-9308d5bd77e9 (schema: tenant_moolight)
DEBUG 2025-07-30 16:41:12,159 middleware_django_tenants 27544 27488 Document - Tenant trouvé: moolight
DEBUG 2025-07-30 16:41:12,164 middleware_django_tenants 27544 27488 Document - Tenant activé: 717aeaa9-68d9-4f77-9a24-9308d5bd77e9 (schema: tenant_moolight)
DEBUG 2025-07-30 16:41:12,182 middleware_django_tenants 27544 6256 Document - Tenant trouvé: moolight
DEBUG 2025-07-30 16:41:12,196 middleware_django_tenants 27544 3080 Document - Tenant trouvé: moolight
DEBUG 2025-07-30 16:41:12,211 middleware_django_tenants 27544 6256 Document - Tenant activé: 717aeaa9-68d9-4f77-9a24-9308d5bd77e9 (schema: tenant_moolight)
DEBUG 2025-07-30 16:41:12,213 middleware_django_tenants 27544 3080 Document - Tenant activé: 717aeaa9-68d9-4f77-9a24-9308d5bd77e9 (schema: tenant_moolight)
DEBUG 2025-07-30 16:41:13,023 middleware_django_tenants 27544 11632 Document - Tenant trouvé: moolight
DEBUG 2025-07-30 16:41:13,025 middleware_django_tenants 27544 11632 Document - Tenant activé: 717aeaa9-68d9-4f77-9a24-9308d5bd77e9 (schema: tenant_moolight)
DEBUG 2025-07-30 20:42:10,280 camel_case_middleware 27544 28440 Paramètres GET avant conversion: {'page': '1', 'page_size': '20'}
DEBUG 2025-07-30 20:42:10,397 camel_case_middleware 27544 28440 Paramètres GET après conversion: {'page': '1', 'page_size': '20'}
DEBUG 2025-07-30 20:42:12,859 camel_case_middleware 27544 16840 Paramètres GET avant conversion: {'page': '1', 'page_size': '20'}
DEBUG 2025-07-30 20:42:12,863 camel_case_middleware 27544 16840 Paramètres GET après conversion: {'page': '1', 'page_size': '20'}
DEBUG 2025-07-30 20:42:16,534 middleware_django_tenants 27544 28440 Document - Tenant trouvé: ETAO
DEBUG 2025-07-30 20:42:16,535 middleware_django_tenants 27544 28440 Document - Tenant activé: cf22f06c-4134-4bf0-9fbd-8a00c04a6c8f (schema: tenant_etao)
DEBUG 2025-07-30 20:42:18,862 middleware_django_tenants 27544 11792 Document - Tenant trouvé: ETAO
DEBUG 2025-07-30 20:42:18,890 middleware_django_tenants 27544 11792 Document - Tenant activé: cf22f06c-4134-4bf0-9fbd-8a00c04a6c8f (schema: tenant_etao)
DEBUG 2025-07-30 20:42:19,356 middleware_django_tenants 27544 16840 Document - Tenant trouvé: ETAO
DEBUG 2025-07-30 20:42:19,402 middleware_django_tenants 27544 16840 Document - Tenant activé: cf22f06c-4134-4bf0-9fbd-8a00c04a6c8f (schema: tenant_etao)
DEBUG 2025-07-30 20:42:19,955 middleware_django_tenants 27544 22016 Document - Tenant trouvé: ETAO
DEBUG 2025-07-30 20:42:19,984 middleware_django_tenants 27544 22016 Document - Tenant activé: cf22f06c-4134-4bf0-9fbd-8a00c04a6c8f (schema: tenant_etao)
DEBUG 2025-07-31 00:19:22,259 middleware_django_tenants 27544 2008 Document - Tenant trouvé: ETAO
DEBUG 2025-07-31 00:19:22,267 middleware_django_tenants 27544 2008 Document - Tenant activé: cf22f06c-4134-4bf0-9fbd-8a00c04a6c8f (schema: tenant_etao)
DEBUG 2025-07-31 00:19:22,346 middleware_django_tenants 27544 24444 Document - Tenant trouvé: ETAO
DEBUG 2025-07-31 00:19:22,375 middleware_django_tenants 27544 24444 Document - Tenant activé: cf22f06c-4134-4bf0-9fbd-8a00c04a6c8f (schema: tenant_etao)
DEBUG 2025-07-31 00:19:23,368 middleware_django_tenants 27544 14584 Document - Tenant trouvé: ETAO
DEBUG 2025-07-31 00:19:23,369 middleware_django_tenants 27544 14584 Document - Tenant activé: cf22f06c-4134-4bf0-9fbd-8a00c04a6c8f (schema: tenant_etao)
DEBUG 2025-07-31 00:19:26,271 middleware_django_tenants 27544 25880 Document - Tenant trouvé: ETAO
DEBUG 2025-07-31 00:19:26,271 middleware_django_tenants 27544 25880 Document - Tenant activé: cf22f06c-4134-4bf0-9fbd-8a00c04a6c8f (schema: tenant_etao)
DEBUG 2025-07-31 00:25:22,246 middleware_django_tenants 27544 1824 Document - Tenant trouvé: ETAO
DEBUG 2025-07-31 00:25:22,254 middleware_django_tenants 27544 1824 Document - Tenant activé: cf22f06c-4134-4bf0-9fbd-8a00c04a6c8f (schema: tenant_etao)
DEBUG 2025-07-31 00:25:22,474 middleware_django_tenants 27544 14908 Document - Tenant trouvé: ETAO
DEBUG 2025-07-31 00:25:22,563 middleware_django_tenants 27544 28196 Document - Tenant trouvé: ETAO
DEBUG 2025-07-31 00:25:22,581 middleware_django_tenants 27544 20996 Document - Tenant trouvé: ETAO
DEBUG 2025-07-31 00:25:22,968 middleware_django_tenants 27544 20996 Document - Tenant activé: cf22f06c-4134-4bf0-9fbd-8a00c04a6c8f (schema: tenant_etao)
DEBUG 2025-07-31 00:25:22,965 middleware_django_tenants 27544 28196 Document - Tenant activé: cf22f06c-4134-4bf0-9fbd-8a00c04a6c8f (schema: tenant_etao)
DEBUG 2025-07-31 00:25:22,830 middleware_django_tenants 27544 14908 Document - Tenant activé: cf22f06c-4134-4bf0-9fbd-8a00c04a6c8f (schema: tenant_etao)
DEBUG 2025-07-31 00:48:42,804 middleware_django_tenants 27544 16144 Document - Tenant trouvé: ETAO
DEBUG 2025-07-31 00:48:42,808 middleware_django_tenants 27544 16144 Document - Tenant activé: cf22f06c-4134-4bf0-9fbd-8a00c04a6c8f (schema: tenant_etao)
DEBUG 2025-07-31 00:48:42,862 middleware_django_tenants 27544 28404 Document - Tenant trouvé: ETAO
DEBUG 2025-07-31 00:48:42,864 middleware_django_tenants 27544 28404 Document - Tenant activé: cf22f06c-4134-4bf0-9fbd-8a00c04a6c8f (schema: tenant_etao)
DEBUG 2025-07-31 00:48:42,963 middleware_django_tenants 27544 1456 Document - Tenant trouvé: ETAO
DEBUG 2025-07-31 00:48:42,970 middleware_django_tenants 27544 1456 Document - Tenant activé: cf22f06c-4134-4bf0-9fbd-8a00c04a6c8f (schema: tenant_etao)
DEBUG 2025-07-31 00:48:43,018 middleware_django_tenants 27544 27132 Document - Tenant trouvé: ETAO
DEBUG 2025-07-31 00:48:43,019 middleware_django_tenants 27544 27132 Document - Tenant activé: cf22f06c-4134-4bf0-9fbd-8a00c04a6c8f (schema: tenant_etao)
DEBUG 2025-07-31 00:48:43,116 middleware_django_tenants 27544 16212 Document - Tenant trouvé: ETAO
DEBUG 2025-07-31 00:48:43,120 middleware_django_tenants 27544 16212 Document - Tenant activé: cf22f06c-4134-4bf0-9fbd-8a00c04a6c8f (schema: tenant_etao)
DEBUG 2025-07-31 00:48:43,279 middleware_django_tenants 27544 15708 Document - Tenant trouvé: ETAO
DEBUG 2025-07-31 00:48:43,281 middleware_django_tenants 27544 15708 Document - Tenant activé: cf22f06c-4134-4bf0-9fbd-8a00c04a6c8f (schema: tenant_etao)
DEBUG 2025-07-31 00:48:49,312 middleware_django_tenants 27544 21956 Document - Tenant trouvé: ETAO
DEBUG 2025-07-31 00:48:49,314 middleware_django_tenants 27544 21956 Document - Tenant activé: cf22f06c-4134-4bf0-9fbd-8a00c04a6c8f (schema: tenant_etao)
DEBUG 2025-07-31 00:48:49,383 middleware_django_tenants 27544 27380 Document - Tenant trouvé: ETAO
DEBUG 2025-07-31 00:48:49,384 middleware_django_tenants 27544 27380 Document - Tenant activé: cf22f06c-4134-4bf0-9fbd-8a00c04a6c8f (schema: tenant_etao)
DEBUG 2025-07-31 01:01:34,795 middleware_django_tenants 27544 3084 Document - Tenant trouvé: ETAO
DEBUG 2025-07-31 01:01:34,797 middleware_django_tenants 27544 3084 Document - Tenant activé: cf22f06c-4134-4bf0-9fbd-8a00c04a6c8f (schema: tenant_etao)
DEBUG 2025-07-31 01:01:34,840 middleware_django_tenants 27544 17168 Document - Tenant trouvé: ETAO
DEBUG 2025-07-31 01:01:34,842 middleware_django_tenants 27544 17168 Document - Tenant activé: cf22f06c-4134-4bf0-9fbd-8a00c04a6c8f (schema: tenant_etao)
DEBUG 2025-07-31 09:01:18,575 middleware_django_tenants 27544 10116 Document - Tenant trouvé: ETAO
DEBUG 2025-07-31 09:01:18,576 middleware_django_tenants 27544 1028 Document - Tenant trouvé: ETAO
DEBUG 2025-07-31 09:01:18,580 middleware_django_tenants 27544 10116 Document - Tenant activé: cf22f06c-4134-4bf0-9fbd-8a00c04a6c8f (schema: tenant_etao)
DEBUG 2025-07-31 09:01:18,581 middleware_django_tenants 27544 1028 Document - Tenant activé: cf22f06c-4134-4bf0-9fbd-8a00c04a6c8f (schema: tenant_etao)
DEBUG 2025-07-31 09:21:48,224 middleware_django_tenants 27544 28028 Document - Tenant trouvé: ETAO
DEBUG 2025-07-31 09:21:48,226 middleware_django_tenants 27544 28028 Document - Tenant activé: cf22f06c-4134-4bf0-9fbd-8a00c04a6c8f (schema: tenant_etao)
DEBUG 2025-07-31 09:21:48,262 middleware_django_tenants 27544 6276 Document - Tenant trouvé: ETAO
DEBUG 2025-07-31 09:21:48,263 middleware_django_tenants 27544 6276 Document - Tenant activé: cf22f06c-4134-4bf0-9fbd-8a00c04a6c8f (schema: tenant_etao)
DEBUG 2025-07-31 09:21:48,316 middleware_django_tenants 27544 16292 Document - Tenant trouvé: ETAO
DEBUG 2025-07-31 09:21:48,322 middleware_django_tenants 27544 16292 Document - Tenant activé: cf22f06c-4134-4bf0-9fbd-8a00c04a6c8f (schema: tenant_etao)
DEBUG 2025-07-31 09:21:48,332 middleware_django_tenants 27544 20588 Document - Tenant trouvé: ETAO
DEBUG 2025-07-31 09:21:48,336 middleware_django_tenants 27544 20588 Document - Tenant activé: cf22f06c-4134-4bf0-9fbd-8a00c04a6c8f (schema: tenant_etao)
DEBUG 2025-07-31 09:53:22,394 middleware_django_tenants 27544 17144 Document - Tenant trouvé: ETAO
DEBUG 2025-07-31 09:53:22,394 middleware_django_tenants 27544 22580 Document - Tenant trouvé: ETAO
DEBUG 2025-07-31 09:53:22,396 middleware_django_tenants 27544 17144 Document - Tenant activé: cf22f06c-4134-4bf0-9fbd-8a00c04a6c8f (schema: tenant_etao)
DEBUG 2025-07-31 09:53:22,397 middleware_django_tenants 27544 22580 Document - Tenant activé: cf22f06c-4134-4bf0-9fbd-8a00c04a6c8f (schema: tenant_etao)
DEBUG 2025-07-31 09:53:22,432 middleware_django_tenants 27544 28200 Document - Tenant trouvé: ETAO
DEBUG 2025-07-31 09:53:22,433 middleware_django_tenants 27544 28200 Document - Tenant activé: cf22f06c-4134-4bf0-9fbd-8a00c04a6c8f (schema: tenant_etao)
DEBUG 2025-07-31 09:53:22,469 middleware_django_tenants 27544 18072 Document - Tenant trouvé: ETAO
DEBUG 2025-07-31 09:53:22,473 middleware_django_tenants 27544 18072 Document - Tenant activé: cf22f06c-4134-4bf0-9fbd-8a00c04a6c8f (schema: tenant_etao)
DEBUG 2025-07-31 10:28:17,269 middleware_django_tenants 27544 17744 Document - Tenant trouvé: ETAO
DEBUG 2025-07-31 10:28:17,283 middleware_django_tenants 27544 17744 Document - Tenant activé: cf22f06c-4134-4bf0-9fbd-8a00c04a6c8f (schema: tenant_etao)
DEBUG 2025-07-31 10:28:17,678 middleware_django_tenants 27544 4124 Document - Tenant trouvé: ETAO
DEBUG 2025-07-31 10:28:17,705 middleware_django_tenants 27544 4124 Document - Tenant activé: cf22f06c-4134-4bf0-9fbd-8a00c04a6c8f (schema: tenant_etao)
DEBUG 2025-07-31 10:42:20,978 middleware_django_tenants 27544 26728 Document - Tenant trouvé: ETAO
DEBUG 2025-07-31 10:42:20,979 middleware_django_tenants 27544 28652 Document - Tenant trouvé: ETAO
DEBUG 2025-07-31 10:42:20,980 middleware_django_tenants 27544 19324 Document - Tenant trouvé: ETAO
DEBUG 2025-07-31 10:42:21,000 middleware_django_tenants 27544 26728 Document - Tenant activé: cf22f06c-4134-4bf0-9fbd-8a00c04a6c8f (schema: tenant_etao)
DEBUG 2025-07-31 10:42:21,022 middleware_django_tenants 27544 4124 Document - Tenant trouvé: ETAO
DEBUG 2025-07-31 10:42:21,261 middleware_django_tenants 27544 4124 Document - Tenant activé: cf22f06c-4134-4bf0-9fbd-8a00c04a6c8f (schema: tenant_etao)
DEBUG 2025-07-31 10:42:21,082 middleware_django_tenants 27544 19324 Document - Tenant activé: cf22f06c-4134-4bf0-9fbd-8a00c04a6c8f (schema: tenant_etao)
DEBUG 2025-07-31 10:42:21,032 middleware_django_tenants 27544 28652 Document - Tenant activé: cf22f06c-4134-4bf0-9fbd-8a00c04a6c8f (schema: tenant_etao)
DEBUG 2025-08-01 10:29:18,203 middleware_django_tenants 14884 11828 Document - Tenant trouvé: ETAO
DEBUG 2025-08-01 10:29:18,205 middleware_django_tenants 14884 11828 Document - Tenant activé: cf22f06c-4134-4bf0-9fbd-8a00c04a6c8f (schema: tenant_etao)
DEBUG 2025-08-01 10:29:18,209 middleware_django_tenants 14884 14952 Document - Tenant trouvé: ETAO
DEBUG 2025-08-01 10:29:18,210 middleware_django_tenants 14884 14952 Document - Tenant activé: cf22f06c-4134-4bf0-9fbd-8a00c04a6c8f (schema: tenant_etao)
DEBUG 2025-08-01 10:33:58,080 middleware_django_tenants 14884 23436 Document - Tenant trouvé: ETAO
DEBUG 2025-08-01 10:33:58,082 middleware_django_tenants 14884 23436 Document - Tenant activé: cf22f06c-4134-4bf0-9fbd-8a00c04a6c8f (schema: tenant_etao)
DEBUG 2025-08-01 10:33:58,101 middleware_django_tenants 14884 23776 Document - Tenant trouvé: ETAO
DEBUG 2025-08-01 10:33:58,105 middleware_django_tenants 14884 23776 Document - Tenant activé: cf22f06c-4134-4bf0-9fbd-8a00c04a6c8f (schema: tenant_etao)
DEBUG 2025-08-01 10:38:18,084 middleware_django_tenants 14884 5036 Document - Tenant trouvé: ETAO
DEBUG 2025-08-01 10:38:18,088 middleware_django_tenants 14884 5036 Document - Tenant activé: cf22f06c-4134-4bf0-9fbd-8a00c04a6c8f (schema: tenant_etao)
DEBUG 2025-08-01 10:38:18,258 middleware_django_tenants 14884 18956 Document - Tenant trouvé: ETAO
DEBUG 2025-08-01 10:38:18,262 middleware_django_tenants 14884 18956 Document - Tenant activé: cf22f06c-4134-4bf0-9fbd-8a00c04a6c8f (schema: tenant_etao)
DEBUG 2025-08-01 10:39:33,421 middleware_django_tenants 14884 20272 Document - Tenant trouvé: ETAO
DEBUG 2025-08-01 10:39:33,422 middleware_django_tenants 14884 20272 Document - Tenant activé: cf22f06c-4134-4bf0-9fbd-8a00c04a6c8f (schema: tenant_etao)
DEBUG 2025-08-01 10:39:33,832 middleware_django_tenants 14884 26076 Document - Tenant trouvé: ETAO
DEBUG 2025-08-01 10:39:33,833 middleware_django_tenants 14884 26076 Document - Tenant activé: cf22f06c-4134-4bf0-9fbd-8a00c04a6c8f (schema: tenant_etao)
DEBUG 2025-08-01 10:39:34,773 middleware_django_tenants 14884 22080 Document - Tenant trouvé: ETAO
DEBUG 2025-08-01 10:39:34,774 middleware_django_tenants 14884 22080 Document - Tenant activé: cf22f06c-4134-4bf0-9fbd-8a00c04a6c8f (schema: tenant_etao)
DEBUG 2025-08-01 10:39:35,113 middleware_django_tenants 14884 17596 Document - Tenant trouvé: ETAO
DEBUG 2025-08-01 10:39:35,115 middleware_django_tenants 14884 17596 Document - Tenant activé: cf22f06c-4134-4bf0-9fbd-8a00c04a6c8f (schema: tenant_etao)
DEBUG 2025-08-01 10:40:30,023 middleware_django_tenants 14884 21780 Document - Tenant trouvé: ETAO
DEBUG 2025-08-01 10:40:30,030 middleware_django_tenants 14884 22872 Document - Tenant trouvé: ETAO
DEBUG 2025-08-01 10:40:30,045 middleware_django_tenants 14884 21780 Document - Tenant activé: cf22f06c-4134-4bf0-9fbd-8a00c04a6c8f (schema: tenant_etao)
DEBUG 2025-08-01 10:40:30,049 middleware_django_tenants 14884 22872 Document - Tenant activé: cf22f06c-4134-4bf0-9fbd-8a00c04a6c8f (schema: tenant_etao)
